Date,Open,High,Low,Close,Volume,ticker
2021-05-10,375.9311828613281,380.64998431983855,374.3582490418247,375.9311828613281,45753000,ADRO.JK
2021-05-11,375.9311828613281,383.7958519588455,374.3582490418247,375.9311828613281,78403200,ADRO.JK
2021-05-17,380.65000896212416,382.2229428834553,371.2124054341376,372.7853393554688,69060200,ADRO.JK
2021-05-18,377.50415039062494,377.50415039062494,368.06654663085936,377.504150390625,31413900,ADRO.JK
2021-05-19,375.9312629862035,375.9312629862035,369.6395263671875,369.6395263671875,23994100,ADRO.JK
2021-05-20,369.6394928500184,372.78536087427386,368.0665588378906,368.0665588378906,29580300,ADRO.JK
2021-05-21,374.3582918224416,375.9312258216956,364.9206878269179,366.4936218261719,45227600,ADRO.JK
2021-05-24,374.3583200388941,374.3583200388941,364.9207153320313,364.9207153320313,50015000,ADRO.JK
2021-05-25,369.6394928500184,375.9312288985293,366.4936248257629,368.0665588378906,78866700,ADRO.JK
2021-05-27,371.2124238239337,374.3582918224416,366.4936218261719,366.4936218261719,84522000,ADRO.JK
2021-05-28,366.4936248257629,371.2124268621461,364.92069081363513,368.0665588378906,43862200,ADRO.JK
2021-05-31,371.2123782374278,374.3582458496094,368.0665106252462,374.3582458496094,59786600,ADRO.JK
2021-06-02,375.9312511625744,396.37939453125,375.9312511625744,396.37939453125,221123100,ADRO.JK
2021-06-03,397.9523227539063,397.9523227539063,388.5147182617188,393.2335205078125,58947200,ADRO.JK
2021-06-04,391.660543674376,396.3793454053925,380.65000630200393,386.9417419433594,58632800,ADRO.JK
2021-06-07,386.94172611474,386.94172611474,377.50412303877073,379.0770568847656,36090000,ADRO.JK
2021-06-08,383.7959539240057,388.5147566361861,379.0771512118253,380.6500854492188,46908800,ADRO.JK
2021-06-09,382.2229919433594,385.3688601898068,379.077123696912,382.2229919433594,40082700,ADRO.JK
2021-06-10,386.9418223987926,390.0876908735796,380.6500854492188,380.6500854492188,39268300,ADRO.JK
2021-06-11,385.368857148029,424.6922099182361,385.368857148029,413.6816711425781,386854000,ADRO.JK
2021-06-14,415.2545806308962,421.54631670106136,407.3899105431899,416.8275146484375,107804300,ADRO.JK
2021-06-15,415.25457157979486,415.25457157979486,402.6710997137405,412.1087036132813,109048500,ADRO.JK
2021-06-16,408.962883624552,440.42156698028674,405.8170152889785,438.8486328125,264328700,ADRO.JK
2021-06-17,435.7027100285041,441.9944459133922,426.2651062011719,426.2651062011719,81946100,ADRO.JK
2021-06-18,426.2651094625925,432.5568453956196,404.2440336969973,412.1087036132813,149122700,ADRO.JK
2021-06-21,405.8169831153484,410.53578524459664,393.2335107706865,404.2440490722656,84475900,ADRO.JK
2021-06-22,407.3899507744368,413.68168746593386,401.0982140829397,405.8170166015625,77750600,ADRO.JK
2021-06-23,410.53580147879467,413.6816696893601,394.80646042596726,396.37939453125,73515700,ADRO.JK
2021-06-24,396.3793548216303,399.52522271704,385.3688171876961,391.6605529785156,52732300,ADRO.JK
2021-06-25,394.8064448137692,407.3899171584312,388.5147086414382,404.2440490722656,106349300,ADRO.JK
2021-06-28,408.9628842002467,410.5358183702477,386.9418058202334,388.5147399902344,71317300,ADRO.JK
2021-06-29,386.9417943130305,391.6605966827016,379.077123696912,382.2229919433594,46827300,ADRO.JK
2021-06-30,382.22292457675536,385.3687922687451,374.358255346781,379.0770568847656,76460900,ADRO.JK
2021-07-01,383.7958584227503,390.0875938067297,375.93118919277583,379.0770568847656,53853700,ADRO.JK
2021-07-02,383.7959216889881,399.5252627418155,379.0771193731399,396.37939453125,115326200,ADRO.JK
2021-07-05,397.95234501024,397.95234501024,386.9418058202334,388.5147399902344,50259700,ADRO.JK
2021-07-06,396.37941156431685,408.9628849473111,394.80647739144257,405.8170166015625,83567200,ADRO.JK
2021-07-07,401.0981909179688,401.0981909179688,386.9417841796876,393.2335205078125,72700000,ADRO.JK
2021-07-08,393.2334399614178,393.2334399614178,380.6499698826524,383.79583740234375,50605000,ADRO.JK
2021-07-09,386.9417841796876,394.8064545898438,382.22298193359376,393.2335205078125,46284000,ADRO.JK
2021-07-12,399.525279180241,399.525279180241,388.5147399902344,388.5147399902344,43425000,ADRO.JK
2021-07-13,390.0876097640371,391.660543674376,383.79587412268165,386.9417419433594,30860600,ADRO.JK
2021-07-14,386.9417049220351,394.8063737212634,382.22290364249807,383.79583740234375,57171600,ADRO.JK
2021-07-15,382.2229371362803,390.0876066246811,382.2229371362803,385.3688049316406,45141600,ADRO.JK
2021-07-16,390.087646484375,396.379382717994,385.3688443091608,390.087646484375,44257000,ADRO.JK
2021-07-19,393.23352050781256,397.9523227539063,390.0876523437501,393.2335205078125,47573900,ADRO.JK
2021-07-21,396.379382717994,396.379382717994,388.5147124259703,390.087646484375,50329700,ADRO.JK
2021-07-22,393.23348141788097,421.5462920799684,390.0876135665379,419.9733581542969,178204200,ADRO.JK
2021-07-23,419.97340165061513,419.97340165061513,407.3899289419825,410.5357971191406,69244900,ADRO.JK
2021-07-26,408.9627861976624,412.1086537837982,401.0981172323227,402.6710510253906,55386900,ADRO.JK
2021-07-27,405.8169153550092,410.5357166963465,396.3793126723346,401.0981140136719,31381500,ADRO.JK
2021-07-28,402.6710752952756,404.2440091831477,394.8064058559147,399.5252075195313,46422700,ADRO.JK
2021-07-29,404.2440425081073,423.1192507186026,401.0981744730248,416.8275146484375,103637900,ADRO.JK
2021-07-30,416.8274903029538,429.410961708326,407.3898867489247,419.9733581542969,116435600,ADRO.JK
2021-08-02,423.1192472137674,437.2756532543767,421.5463132092552,430.9839172363281,86145100,ADRO.JK
2021-08-03,430.9838740596065,430.9838740596065,423.1192048249421,424.692138671875,61492100,ADRO.JK
2021-08-04,424.6921449549058,429.4109465655159,423.1192110847024,427.8380126953125,30115900,ADRO.JK
2021-08-05,427.83803710937497,430.98390502929686,408.9628295898437,408.96282958984375,99527400,ADRO.JK
2021-08-06,412.1087532930596,416.8275558116824,404.2440824286882,405.8170166015625,41862500,ADRO.JK
2021-08-09,410.53576354980464,421.5463012695312,405.81696166992185,408.96282958984375,56861800,ADRO.JK
2021-08-10,415.254589479361,424.6921937857102,408.9628532751283,421.54632568359375,82237200,ADRO.JK
2021-08-12,424.6922042522025,445.1403474199011,423.1192701623795,443.5674133300781,185580600,ADRO.JK
2021-08-13,446.7132352422721,449.85910309609096,430.9838959731781,435.7026977539063,71600800,ADRO.JK
2021-08-16,435.70274716331846,440.4215494791667,426.265142531622,429.4110107421875,47327100,ADRO.JK
2021-08-18,427.83806188782654,432.55686404100106,416.8275235304192,421.54632568359375,68965200,ADRO.JK
2021-08-19,421.5463612677968,426.265163819302,407.3899536132813,407.3899536132813,61887100,ADRO.JK
2021-08-20,405.8170021268219,410.53580447713375,396.37939742619807,397.9523315429688,88174800,ADRO.JK
2021-08-23,397.9523300344953,415.2546052533864,397.9523300344953,413.6816711425781,61341500,ADRO.JK
2021-08-24,421.5463402157738,421.5463402157738,393.2335263206845,396.37939453125,127792400,ADRO.JK
2021-08-25,399.5251980359811,402.6710657370518,394.806396484375,394.806396484375,65065500,ADRO.JK
2021-08-26,399.5251834392548,405.8169186115265,393.23344826698303,402.6710510253906,62480500,ADRO.JK
2021-08-27,402.6710906124498,402.6710906124498,391.6605529785156,391.6605529785156,70195900,ADRO.JK
2021-08-30,396.3793579101562,408.9628295898437,396.3793579101562,408.96282958984375,79496000,ADRO.JK
2021-08-31,412.10873558407735,412.10873558407735,396.37939453125,396.37939453125,82451800,ADRO.JK
2021-09-01,402.6710759943182,415.2545471191406,401.09814210371536,415.2545471191406,133083800,ADRO.JK
2021-09-02,416.8274810097434,423.1192165721546,408.9628115567294,415.2545471191406,82690300,ADRO.JK
2021-09-03,419.9733703162837,427.8380401723939,416.8275023738397,426.2651062011719,107931100,ADRO.JK
2021-09-06,429.4110107421875,434.1298130580357,424.6922084263393,429.4110107421875,61146600,ADRO.JK
2021-09-07,429.411029914941,430.9839640904536,421.546359037378,423.1192932128906,31543200,ADRO.JK
2021-09-08,423.1192228847876,427.8380246269972,416.8274872285083,418.4004211425781,68516800,ADRO.JK
2021-09-09,421.5463402157738,430.98394484747024,418.4004720052083,429.4110107421875,83497400,ADRO.JK
2021-09-10,430.9838740596065,432.5568079065394,423.1192048249421,424.692138671875,61919000,ADRO.JK
2021-09-13,424.6921937857102,424.6921937857102,418.4004575814774,421.54632568359375,26391100,ADRO.JK
2021-09-14,424.6921602655404,438.8485656077251,423.119226338631,435.7026977539063,98476700,ADRO.JK
2021-09-15,432.5568631398592,443.56740147432834,429.41099504429656,437.2756652832031,136898100,ADRO.JK
2021-09-16,438.8485993309844,443.56740147432834,432.5568631398592,437.2756652832031,50599200,ADRO.JK
2021-09-17,430.9838956339975,430.9838956339975,413.6816224516108,419.9733581542969,101975300,ADRO.JK
2021-09-20,418.4004149003462,423.1192165721546,413.6816132285378,415.2545471191406,50111200,ADRO.JK
2021-09-21,415.2546223353276,427.8380957394284,410.53581980878977,423.1192932128906,64966900,ADRO.JK
2021-09-22,426.2651326860701,443.5674074445452,423.1192645481655,440.4215393066406,133762600,ADRO.JK
2021-09-23,443.56741624164914,454.577954942683,437.2756798410584,445.1403503417969,146626700,ADRO.JK
2021-09-24,449.8591998291016,476.59908233642574,448.2862655639648,471.8802795410156,303647800,ADRO.JK
2021-09-27,476.59899599189,490.75540181343126,473.4531280315475,475.0260620117188,158865800,ADRO.JK
2021-09-28,503.3388896372126,561.5374487515153,503.3388896372126,547.3810424804688,503914800,ADRO.JK
2021-09-29,547.3810304153798,564.6833043652912,536.3704924472543,541.0892944335938,246864600,ADRO.JK
2021-09-30,544.2351261485707,567.8291345076127,544.2351261485707,553.6727294921875,267379500,ADRO.JK
2021-10-01,558.3915436133909,575.6938167957777,547.3810061336903,559.9644775390625,176722300,ADRO.JK
2021-10-04,575.6937452746976,597.7148174983199,575.6937452746976,585.13134765625,235058800,ADRO.JK
2021-10-05,604.0065957991803,622.8818019179047,566.2561835617315,575.6937866210938,347837200,ADRO.JK
2021-10-06,605.5795525353972,611.8712881461545,581.985543995057,586.704345703125,274437500,ADRO.JK
2021-10-07,561.5374456839878,561.5374456839878,545.80810546875,545.80810546875,423593500,ADRO.JK
2021-10-08,544.2351588729985,570.9750366210938,541.0892909026343,570.9750366210938,247024500,ADRO.JK
2021-10-11,572.5479121195741,604.0065886096606,570.9749782950698,602.4336547851562,343765900,ADRO.JK
2021-10-12,605.5795652354111,610.2983670424403,585.131424071618,592.99609375,263636400,ADRO.JK
2021-10-13,592.9960163075436,597.7148174983199,578.839612735215,585.13134765625,176095000,ADRO.JK
2021-10-14,583.5585327148438,592.9961370175097,578.8397305635108,583.5585327148438,129722500,ADRO.JK
2021-10-15,585.13134765625,592.9960163075436,577.2666790049562,585.13134765625,153446000,ADRO.JK
2021-10-18,580.4126162109375,596.1419554036459,575.693814453125,589.8502197265625,124022900,ADRO.JK
2021-10-19,581.9855986643995,588.2773348661767,577.2667965130665,583.5585327148438,89410600,ADRO.JK
2021-10-21,563.1103919048255,566.2562600160256,545.8081172932247,552.099853515625,250080900,ADRO.JK
2021-10-22,522.2140951458933,550.5269075333214,517.4952930813221,545.80810546875,219166100,ADRO.JK
2021-10-25,563.1103858401236,566.2562539174427,542.6622433375493,548.9539794921875,140497900,ADRO.JK
2021-10-26,558.3915343027952,561.5374021016842,547.3809970066837,555.2456665039062,138384200,ADRO.JK
2021-10-27,555.2457688171739,555.2457688171739,544.2352294921875,544.2352294921875,95389000,ADRO.JK
2021-10-28,537.9434975466114,537.9434975466114,511.2036160896161,512.7765502929688,289795800,ADRO.JK
2021-10-29,506.4847234090169,533.2246001107352,504.91178948538646,528.5057983398438,100719500,ADRO.JK
2021-11-01,520.6412516517526,537.943528896977,514.349514471671,530.078857421875,82111500,ADRO.JK
2021-11-02,522.2141640150077,528.5059009308511,517.495361328125,517.495361328125,44420500,ADRO.JK
2021-11-03,517.4953177836404,528.505856459888,517.4953177836404,526.9329223632812,49009600,ADRO.JK
2021-11-04,534.7975928463153,544.2351974259561,526.9329223632812,526.9329223632812,90998600,ADRO.JK
2021-11-05,519.0682955570859,523.7870982439686,514.3494928702033,517.495361328125,57505000,ADRO.JK
2021-11-08,519.0682038163717,537.9434112278761,519.0682038163717,533.224609375,58662000,ADRO.JK
2021-11-09,541.0893468772911,548.9540176167866,534.7976102856946,536.3705444335938,62964100,ADRO.JK
2021-11-10,528.5058651534763,537.9434698883598,525.3599969085152,531.6517333984375,36025600,ADRO.JK
2021-11-11,526.9329888318342,533.2247260119158,522.214185946773,530.078857421875,49884600,ADRO.JK
2021-11-12,531.6517917168954,534.7976603069362,523.7871202417934,530.078857421875,35072500,ADRO.JK
2021-11-15,528.5058169157609,530.0787508946768,501.7659392741896,506.4847412109375,117468000,ADRO.JK
2021-11-16,497.0471104483117,512.7764493865494,497.0471104483117,508.0576477050781,46592500,ADRO.JK
2021-11-17,509.6306271436738,520.6411653844322,503.3388910060975,515.92236328125,95085400,ADRO.JK
2021-11-18,509.6306182391826,517.495288273738,506.4847502253605,511.20355224609375,48501400,ADRO.JK
2021-11-19,514.3494928702033,523.7870982439686,511.2036244122816,517.495361328125,42127500,ADRO.JK
2021-11-22,517.495297315644,522.2140994188262,506.4847590748856,515.92236328125,36598500,ADRO.JK
2021-11-23,523.7870712504009,539.516412729392,515.9224005109054,536.3705444335938,116464400,ADRO.JK
2021-11-24,541.0892791297935,544.2351470317109,533.224609375,533.224609375,100386500,ADRO.JK
2021-11-25,537.9434412215705,550.5269135308471,531.6517050669323,548.9539794921875,59282300,ADRO.JK
2021-11-26,542.6622511757105,544.2351852370894,515.9223721322696,520.6411743164062,83519800,ADRO.JK
2021-11-29,515.9223921736317,534.7976016433987,506.4847874387481,531.6517333984375,76424500,ADRO.JK
2021-11-30,525.359942626953,544.2351501464843,523.7870086669922,534.7975463867188,161819600,ADRO.JK
2021-12-01,544.2351832376246,558.3915897380252,534.7975789040242,552.099853515625,146798700,ADRO.JK
2021-12-02,553.672700492058,572.5479061906508,553.672700492058,569.4020385742188,147912000,ADRO.JK
2021-12-03,567.8291686507296,577.2667725618221,563.1103666951834,570.9750366210938,93276700,ADRO.JK
2021-12-06,570.9750912651341,604.0067081151832,569.4021571294176,600.86083984375,251957100,ADRO.JK
2021-12-07,600.8607145694923,604.0065821850394,588.277244107304,599.2877807617188,265246000,ADRO.JK
2021-12-08,604.0067167207792,608.7255191951604,597.7149800882711,605.5796508789062,356201700,ADRO.JK
2021-12-09,607.1525907294695,616.590195766715,605.5796565565952,608.7255249023438,282019600,ADRO.JK
2021-12-10,607.1525208155315,610.2983887990316,591.4231808980306,604.0066528320312,254321600,ADRO.JK
2021-12-13,607.1525208155315,610.2983887990316,599.287850856781,604.0066528320312,165209600,ADRO.JK
2021-12-14,600.8607848485311,607.1525208155315,588.2773129145305,604.0066528320312,205410600,ADRO.JK
2021-12-15,604.0065942141089,644.9028740306892,600.8607265359104,635.4652709960938,539995200,ADRO.JK
2021-12-16,641.7570190429688,654.3404900045956,627.6006142111386,641.7570190429688,205002000,ADRO.JK
2021-12-17,644.9029541015625,648.0488221703506,638.6112179639863,644.9029541015625,156302400,ADRO.JK
2021-12-20,638.6112179639863,644.9029541015625,629.173613757622,644.9029541015625,100364400,ADRO.JK
2021-12-21,644.9029353879532,679.5074831404776,641.757067410451,666.9240112304688,176897200,ADRO.JK
2021-12-22,688.9451055482376,688.9451055482376,657.4864249295966,676.3616333007812,191706000,ADRO.JK
2021-12-23,682.6533694245095,685.7992374863735,666.924029115189,676.3616333007812,105060800,ADRO.JK
2021-12-24,676.361614605328,704.6744263795046,670.0698786555109,698.3826904296875,251933600,ADRO.JK
2021-12-27,701.528533655569,710.966137247348,685.7991943359375,685.7991943359375,124062200,ADRO.JK
2021-12-28,685.7991486922555,726.6954282014267,685.7991486922555,723.549560546875,295605000,ADRO.JK
2021-12-29,723.5496884300595,732.987293061756,710.9662155877976,726.695556640625,171340700,ADRO.JK
2021-12-30,736.8902067057292,767.3122794596354,730.12974609375,760.5518188476562,235360400,ADRO.JK
2022-01-03,733.5100144012065,804.494854504549,733.5100144012065,801.1146240234375,175091000,ADRO.JK
2022-01-04,801.1146160623301,804.4948465098505,757.1716202445652,777.4530029296875,241943400,ADRO.JK
2022-01-05,787.5936418260846,794.3541022709437,753.7913396017891,757.1715698242188,125371600,ADRO.JK
2022-01-06,753.7913897970449,780.8332333772079,747.030928902004,777.4530029296875,245581000,ADRO.JK
2022-01-07,784.2135195634003,828.1565185044528,774.0728275000804,821.3960571289062,272389200,ADRO.JK
2022-01-10,821.3960014343262,821.3960014343262,794.3541577657064,811.2553100585938,123417100,ADRO.JK
2022-01-11,824.7762430305155,834.9169345431858,787.5937074840579,790.9739379882812,124218800,ADRO.JK
2022-01-12,790.9738817091113,801.1145725002538,777.4529606542546,780.8331909179688,122477500,ADRO.JK
2022-01-13,787.5937186793277,804.4948714406867,770.6925659179688,770.6925659179688,137848400,ADRO.JK
2022-01-14,777.4530083072343,787.5936997199374,760.5518559527293,767.3123168945312,173258000,ADRO.JK
2022-01-17,777.4529894263343,784.2134502039546,747.030915927043,763.9320678710938,119048500,ADRO.JK
2022-01-18,774.0728080680778,780.8332692739126,736.8902714359868,750.4111938476562,180286700,ADRO.JK
2022-01-19,750.4112729470291,763.9321967839126,743.6508110285874,753.79150390625,152019800,ADRO.JK
2022-01-20,753.7913488082556,797.7343422365395,753.7913488082556,780.8331909179688,213577600,ADRO.JK
2022-01-21,780.8331909179689,780.8331909179689,763.9320395993981,780.8331909179688,98844900,ADRO.JK
2022-01-24,777.4530083072343,794.3541606617395,760.5518559527293,767.3123168945312,94316300,ADRO.JK
2022-01-25,763.9320974220517,767.3123279416183,730.1297922263857,747.0309448242188,158258600,ADRO.JK
2022-01-26,750.4111753437853,757.1716363829185,736.8902532655189,747.0309448242188,97679400,ADRO.JK
2022-01-27,743.6506580171132,780.8331909179689,740.270427753399,780.8331909179688,142280600,ADRO.JK
2022-01-28,784.2134881270559,784.2134881270559,757.1716437088816,770.6925659179688,104574100,ADRO.JK
2022-01-31,777.4529511587959,780.8331813812255,747.03087915693,757.1715698242188,76748000,ADRO.JK
2022-02-02,763.9320974220517,774.0727889807515,736.8902532655189,747.0309448242188,100091000,ADRO.JK
2022-02-03,747.0309632447389,757.171655053491,733.5100408330694,750.4111938476562,111391600,ADRO.JK
2022-02-04,750.4112431237457,757.1717047735092,733.5100889993371,736.8903198242188,96179700,ADRO.JK
2022-02-07,743.6506958007812,760.5518479780717,736.8902349298651,743.6506958007812,113939600,ADRO.JK
2022-02-08,743.6506958007812,750.4111566716974,736.8902349298651,743.6506958007812,111772600,ADRO.JK
2022-02-09,750.4111753437853,767.3123279416183,736.8902532655189,747.0309448242188,199270200,ADRO.JK
2022-02-10,743.6507444028501,753.7914363719799,726.7495911209672,730.1298217773438,114009500,ADRO.JK
2022-02-11,730.1297793058756,743.6507011448732,713.2286270071284,733.510009765625,102593600,ADRO.JK
2022-02-14,733.5101181509249,767.3124277431334,733.5101181509249,753.79150390625,127682400,ADRO.JK
2022-02-15,760.5518324406386,777.4529842726528,747.0309109750273,774.07275390625,137023900,ADRO.JK
2022-02-16,777.4529511587959,777.4529511587959,757.1715698242188,757.1715698242188,70237000,ADRO.JK
2022-02-17,753.7914244505737,760.5518856564084,736.8902714359868,750.4111938476562,140157700,ADRO.JK
2022-02-18,743.6506489345005,770.6924907139369,740.270418712071,757.1715698242188,84280000,ADRO.JK
2022-02-21,763.9321162593258,763.9321162593258,743.6507326418215,750.4111938476562,86719000,ADRO.JK
2022-02-22,753.79150390625,763.9321967839126,736.8903491101457,753.79150390625,91334200,ADRO.JK
2022-02-23,767.3124076580178,794.3542546239393,757.1717150457973,784.2135620117188,140574200,ADRO.JK
2022-02-24,794.3542984993227,838.2973022460938,784.213605326991,838.2973022460938,286836000,ADRO.JK
2022-02-25,851.8181710379464,875.4797869001115,828.1565551757812,828.1565551757812,218034600,ADRO.JK
2022-03-01,865.3390867248062,919.4227796451066,845.0577018796936,872.0995483398438,357287400,ADRO.JK
2022-03-02,909.2821435453336,926.1832986298192,861.9589093087734,882.2402954101562,208447200,ADRO.JK
2022-03-04,919.4227102179276,1030.9703184428968,905.9017880088404,1027.590087890625,408953900,ADRO.JK
2022-03-07,1064.772389729818,1105.3351474338108,1041.110781069155,1095.1944580078125,402645000,ADRO.JK
2022-03-08,1085.0540337195764,1085.0540337195764,1027.5901129306892,1054.6319580078125,257703500,ADRO.JK
2022-03-09,1054.631883497362,1064.7725746848366,1000.548197164164,1041.1109619140625,187471500,ADRO.JK
2022-03-10,1007.308837890625,1037.7309168873217,970.1262968946623,1007.308837890625,236733800,ADRO.JK
2022-03-11,973.5065625,1044.491416015625,973.5065625,1014.0693359375,121344700,ADRO.JK
2022-03-14,1010.688963531166,1020.8296554729502,943.0843505859376,943.0843505859376,168857700,ADRO.JK
2022-03-15,899.1412078744811,943.084199236768,895.7609777696898,916.0423583984376,223378600,ADRO.JK
2022-03-16,912.662327543218,956.6053284990028,909.2820967004654,953.22509765625,126976100,ADRO.JK
2022-03-17,946.4645497120208,953.2250107813926,922.8029359692204,926.1831665039062,86651700,ADRO.JK
2022-03-18,929.5632979449103,966.7458298627068,919.422607421875,919.422607421875,368469400,ADRO.JK
2022-03-21,926.1830677705652,936.3237582936006,912.6621470731848,919.422607421875,123851100,ADRO.JK
2022-03-22,926.1831556047712,966.7459215436664,926.1831556047712,946.4645385742188,124250600,ADRO.JK
2022-03-23,956.6052300589424,973.5063825334822,929.5633860996792,946.4645385742188,122391700,ADRO.JK
2022-03-24,959.9854261610244,980.2668084038628,949.8447350396052,973.50634765625,109233400,ADRO.JK
2022-03-25,973.506482712766,973.506482712766,949.8448668134972,953.22509765625,89246500,ADRO.JK
2022-03-28,953.2251091803704,973.5064944820804,953.2251091803704,966.7460327148438,81634700,ADRO.JK
2022-03-29,973.5063247405236,973.5063247405236,932.9435612096684,936.3237915039062,105824700,ADRO.JK
2022-03-30,936.3239327046408,946.4646251166045,899.1413938607742,905.90185546875,98915700,ADRO.JK
2022-03-31,909.2821655273436,932.9437832176465,905.9019344287292,909.2821655273438,77639300,ADRO.JK
2022-04-01,909.2820208675072,956.6052487193476,909.2820208675072,949.8447875976562,104011500,ADRO.JK
2022-04-04,949.8447875976562,970.1261709627308,939.704095915119,949.8447875976562,59731800,ADRO.JK
2022-04-05,963.365869140625,1020.8297981770834,956.6054069010416,1014.0693359375,193461300,ADRO.JK
2022-04-06,1017.4494505643067,1041.1110656937094,1014.0692198315352,1037.7308349609375,172811700,ADRO.JK
2022-04-07,1034.3505675268957,1037.7307981397284,1007.3087226242316,1030.9703369140625,93814700,ADRO.JK
2022-04-08,1027.5900662579115,1078.2935234745846,1024.2098357768,1068.15283203125,177072400,ADRO.JK
2022-04-11,1068.152917558221,1085.0540713170533,1047.8715330476214,1061.3924560546875,131718000,ADRO.JK
2022-04-12,1061.3924560546875,1064.772686806454,1034.3506100405557,1061.3924560546875,132026200,ADRO.JK
2022-04-13,1078.293510232043,1132.377197265625,1078.293510232043,1132.377197265625,226429500,ADRO.JK
2022-04-14,1132.3772455774404,1132.3772455774404,1108.7156314907477,1118.8563232421875,112905400,ADRO.JK
2022-04-18,1118.856286138749,1132.3772080256222,1095.194672836721,1112.0958251953125,95118100,ADRO.JK
2022-04-19,1112.0957878649417,1125.61670929795,1098.5748664319333,1105.3353271484375,95535700,ADRO.JK
2022-04-20,1118.8564222589737,1139.1378075567193,1068.1529590146092,1091.8145751953125,134836900,ADRO.JK
2022-04-21,1105.3353271484375,1169.5597039552274,1101.9550967901855,1105.3353271484375,187585800,ADRO.JK
2022-04-22,1098.5750002281688,1105.3354617680343,1068.1529232987734,1085.0540771484375,107246100,ADRO.JK
2022-04-25,1074.913384838639,1088.4343079183702,1047.8715386791764,1085.0540771484375,107045500,ADRO.JK
2022-04-26,1088.4342149179197,1098.574906361254,1041.1109881823577,1068.15283203125,152153700,ADRO.JK
2022-04-27,1058.0122794262618,1091.8145886731072,1051.2518175768928,1071.533203125,94218600,ADRO.JK
2022-04-28,1085.0541878888707,1139.1378857275683,1081.673956773952,1128.9971923828125,182939300,ADRO.JK
2022-05-09,1142.517902615704,1152.6585940590387,1058.0121405879154,1068.15283203125,247786700,ADRO.JK
2022-05-10,1037.7308713054963,1061.3924872636023,1007.3087936450748,1044.4913330078125,198152000,ADRO.JK
2022-05-11,1044.491320219494,1091.8145515562996,1044.491320219494,1064.772705078125,134040900,ADRO.JK
2022-05-12,1064.772705078125,1088.4343207465276,1041.111089409722,1064.772705078125,233115300,ADRO.JK
2022-05-13,1085.0540771484375,1098.5750002281688,1054.632000219042,1085.0540771484375,168962700,ADRO.JK
2022-05-17,1113.833472210428,1156.26522353273,1106.7615136567108,1138.5853271484375,148618000,ADRO.JK
2022-05-18,1149.1932931738588,1156.2652519010826,1096.1536027196807,1127.9774169921875,128274700,ADRO.JK
2022-05-19,1110.297389971865,1124.4413057676848,1078.47357943127,1099.689453125,166293000,ADRO.JK
2022-05-20,1106.761435148579,1195.160910799424,1106.761435148579,1170.4090576171875,205840300,ADRO.JK
2022-05-23,1184.5530831473216,1184.5530831473216,1099.6895786830355,1113.83349609375,177893100,ADRO.JK
2022-05-24,1120.905489349365,1142.121366119385,1106.7615715026857,1131.513427734375,112162400,ADRO.JK
2022-05-25,1117.3693154611894,1117.3693154611894,1085.545505843624,1096.1534423828125,96617800,ADRO.JK
2022-05-27,1117.3692626953125,1127.9771987335591,1106.761326657066,1117.3692626953125,84743400,ADRO.JK
2022-05-30,1120.9052885965584,1124.4412674249388,1071.401584999234,1082.009521484375,146193800,ADRO.JK
2022-05-31,1106.7614305595375,1163.3370947414946,1096.1534935254206,1156.26513671875,286452200,ADRO.JK
2022-06-02,1152.7292245859142,1184.553037534605,1131.513349286787,1177.4810791015625,185774500,ADRO.JK
2022-06-03,1177.480837388472,1262.344321164218,1159.800944935192,1244.6644287109375,258029000,ADRO.JK
2022-06-06,1244.6648527817918,1269.4167106496116,1216.377015218569,1223.448974609375,128510900,ADRO.JK
2022-06-07,1255.272653240047,1311.8483221184715,1248.200694630244,1290.6324462890625,225695700,ADRO.JK
2022-06-08,1290.6323830680742,1301.2403204631544,1269.416508277914,1283.5604248046875,118444400,ADRO.JK
2022-06-09,1283.5604522705078,1304.7763275146483,1272.9525146484375,1272.9525146484375,106573000,ADRO.JK
2022-06-10,1258.808548196064,1269.4164853999634,1212.8408203125,1212.8408203125,151998900,ADRO.JK
2022-06-13,1173.9451487191418,1173.9451487191418,1127.9774169921875,1127.9774169921875,202113000,ADRO.JK
2022-06-14,1120.9053157502155,1156.265104890601,1099.6894422659843,1152.7291259765625,219656500,ADRO.JK
2022-06-15,1152.7291605096116,1156.2651395295798,1074.9376220703125,1074.9376220703125,247557600,ADRO.JK
2022-06-16,1089.0814791411358,1120.9052885965584,1074.9375638276144,1082.009521484375,243268700,ADRO.JK
2022-06-17,1067.8656490796234,1071.4016280500855,1014.8259645226884,1032.505859375,229958000,ADRO.JK
2022-06-20,1032.5058910382893,1043.113828274984,1011.2900165648998,1036.0418701171875,115058200,ADRO.JK
2022-06-21,1060.793674582302,1085.5455269892225,1050.185737836479,1071.401611328125,189107600,ADRO.JK
2022-06-22,1071.401611328125,1092.617484819771,1053.721716751753,1071.401611328125,201749700,ADRO.JK
2022-06-23,1071.4016935387435,1071.4016935387435,1021.8979849263924,1039.577880859375,145531100,ADRO.JK
2022-06-24,1050.185791015625,1067.8656864872687,1043.1138328269676,1050.185791015625,103050300,ADRO.JK
2022-06-27,1050.1856367781356,1060.7935725031673,1018.3618296030406,1046.649658203125,89273500,ADRO.JK
2022-06-28,1057.2578087758209,1060.7937880693855,1036.0419330144332,1043.1138916015625,74114300,ADRO.JK
2022-06-29,1028.9697812176748,1050.1856529953589,1014.8258666992188,1014.8258666992188,69188200,ADRO.JK
2022-06-30,993.610203242802,1032.5059763234813,993.610203242802,1011.2901000976562,109157800,ADRO.JK
2022-07-01,1011.2899591782514,1028.9698535694797,958.2502760045668,961.7862548828124,105599200,ADRO.JK
2022-07-04,961.7862914598376,1000.6820605997574,940.5704173835176,979.4661865234376,117849700,ADRO.JK
2022-07-05,1000.6820437113444,1039.5778121948242,997.1460647583008,1018.3619384765624,135385800,ADRO.JK
2022-07-06,1007.7540186251974,1007.7540186251974,961.7862914598376,979.4661865234376,82120100,ADRO.JK
2022-07-07,979.4661865234376,993.6101025743176,961.7862914598376,979.4661865234376,70438600,ADRO.JK
2022-07-08,1007.7541488809214,1018.3620872901944,997.1462104716486,1000.6821899414062,90522000,ADRO.JK
2022-07-11,1004.2181694111638,1014.8261078204368,990.0742515321332,1000.6821899414062,52681800,ADRO.JK
2022-07-12,1011.289985552226,1050.1857542273117,1004.2180276113014,1032.505859375,142532100,ADRO.JK
2022-07-13,1043.113828274984,1057.257744590577,1025.4339328804929,1036.0418701171875,99629700,ADRO.JK
2022-07-14,1028.969911959391,1046.6498073538824,1018.3619747226962,1036.0418701171875,97805600,ADRO.JK
2022-07-15,1021.897901452106,1025.4338803498642,975.93017578125,975.93017578125,98942900,ADRO.JK
2022-07-18,975.9300891507056,990.0740034862232,965.3221533990676,986.5380249023438,68984100,ADRO.JK
2022-07-19,990.0742021980932,1046.6498708951272,975.9302850238348,1043.1138916015625,127898100,ADRO.JK
2022-07-20,1053.721805799876,1071.4017018703437,1053.721805799876,1067.86572265625,99298600,ADRO.JK
2022-07-21,1074.9376810844371,1078.4736602985306,1050.1858265857825,1067.86572265625,73196600,ADRO.JK
2022-07-22,1074.9375902433992,1089.081505904497,1057.2576956670275,1071.401611328125,94295700,ADRO.JK
2022-07-25,1078.4735481508317,1103.225400075605,1074.9375693044356,1096.1534423828125,134979600,ADRO.JK
2022-07-26,1110.2973053364813,1120.905241374728,1103.2253479776502,1117.3692626953125,83178500,ADRO.JK
2022-07-27,1131.5133145960365,1166.8731056771626,1124.4413563798112,1159.8011474609375,130334900,ADRO.JK
2022-07-28,1163.33712656905,1177.4810430015004,1149.1932101365996,1159.8011474609375,94451400,ADRO.JK
2022-07-29,1166.8732572115384,1184.5531550480769,1142.121400240385,1149.193359375,85291200,ADRO.JK
2022-08-01,1152.7291671525186,1191.6249365963151,1145.6572090718282,1184.552978515625,146347800,ADRO.JK
2022-08-02,1184.5529251578469,1188.0889040389152,1124.4412841796875,1124.4412841796875,112428800,ADRO.JK
2022-08-03,1127.977309304782,1177.4810156692552,1124.4413302787482,1170.4090576171875,114505400,ADRO.JK
2022-08-04,1170.40916935553,1170.40916935553,1117.3694789013518,1127.9774169921875,109420800,ADRO.JK
2022-08-05,1110.2973313011682,1120.905267587485,1096.1534162527455,1106.7613525390625,124725800,ADRO.JK
2022-08-08,1092.6175220043629,1106.761438146814,1071.4016477906855,1089.08154296875,94030900,ADRO.JK
2022-08-09,1099.6893950148512,1120.905267587485,1096.1534162527455,1106.7613525390625,86949000,ADRO.JK
2022-08-10,1113.833342145203,1127.977257601015,1103.225405553344,1110.29736328125,81369800,ADRO.JK
2022-08-11,1142.1213309151783,1149.1932896205358,1113.83349609375,1113.83349609375,127285200,ADRO.JK
2022-08-12,1117.3694789013518,1135.0493757194113,1106.7615408105162,1127.9774169921875,73526600,ADRO.JK
2022-08-15,1138.5851347718058,1145.6570921306368,1113.8332840158969,1117.3692626953125,53868300,ADRO.JK
2022-08-16,1117.3694754464286,1127.9774135044645,1103.2255580357144,1113.83349609375,48691000,ADRO.JK
2022-08-18,1124.441502403846,1159.801298076923,1120.9055228365385,1149.193359375,84704200,ADRO.JK
2022-08-19,1156.265318509615,1170.4092367788462,1145.6573798076922,1149.193359375,73447800,ADRO.JK
2022-08-22,1163.33720703125,1166.873186383929,1110.2975167410714,1113.83349609375,90711300,ADRO.JK
2022-08-23,1120.9053557894122,1195.1609156366603,1117.3693767490672,1184.552978515625,175076900,ADRO.JK
2022-08-24,1177.4810869770663,1209.304900138609,1156.2652115360384,1205.7689208984375,116927600,ADRO.JK
2022-08-25,1205.7689208984375,1226.9847963394657,1191.625003937752,1205.7689208984375,88737600,ADRO.JK
2022-08-26,1212.84087937878,1219.9128378591229,1198.6969624180947,1205.7689208984375,55022600,ADRO.JK
2022-08-29,1195.1611370461524,1226.9849543047778,1177.4812385691382,1223.448974609375,79496800,ADRO.JK
2022-08-30,1294.168320478019,1308.312236548817,1248.200593247925,1251.736572265625,160702700,ADRO.JK
2022-08-31,1241.1286352125264,1262.344509318723,1230.520698159428,1251.736572265625,101731600,ADRO.JK
2022-09-01,1258.8085488809122,1322.456172138936,1251.7365907411315,1308.312255859375,162099600,ADRO.JK
2022-09-02,1325.9920392717636,1354.2798694428946,1315.3841029575894,1336.5999755859375,133943800,ADRO.JK
2022-09-05,1336.600038287066,1432.0714695932847,1329.5280804125312,1424.99951171875,194748100,ADRO.JK
2022-09-06,1442.6794385249073,1470.9672706528463,1421.4635644289528,1428.5355224609375,107870400,ADRO.JK
2022-09-07,1421.463623046875,1432.0715605322994,1396.7117689142178,1421.463623046875,92963400,ADRO.JK
2022-09-08,1403.7837186706852,1414.3916560913706,1379.0318646890862,1393.17578125,88447400,ADRO.JK
2022-09-09,1386.103612045095,1403.7835050558742,1364.8877404321595,1396.7115478515625,73341100,ADRO.JK
2022-09-12,1400.2475905718672,1410.8555268640782,1379.0317179874448,1403.7835693359375,74852000,ADRO.JK
2022-09-13,1403.7835751198177,1421.4634690130144,1396.711617562539,1417.927490234375,71375900,ADRO.JK
2022-09-14,1414.3915114557358,1428.535426570293,1393.1756387838998,1417.927490234375,79037100,ADRO.JK
2022-09-15,1428.5354641317736,1481.575147205973,1428.5354641317736,1435.607421875,120755300,ADRO.JK
2022-09-16,1432.0715192256082,1432.0715192256082,1389.6397705078125,1389.6397705078125,121776100,ADRO.JK
2022-09-19,1396.7117879335838,1400.2477671435422,1364.8879750439578,1382.56787109375,134433200,ADRO.JK
2022-09-20,1389.639765800731,1403.783681992087,1364.887912465858,1375.495849609375,63910800,ADRO.JK
2022-09-21,1371.959933463875,1389.6398295136669,1343.6720997842071,1382.56787109375,67111800,ADRO.JK
2022-09-22,1382.5679767887766,1456.823545874619,1375.4960178282204,1449.7515869140625,150225400,ADRO.JK
2022-09-23,1432.071533203125,1442.6794704861113,1417.9276168258102,1432.071533203125,77100300,ADRO.JK
2022-09-26,1393.175772395159,1393.175772395159,1354.2800020998625,1364.887939453125,163896500,ADRO.JK
2022-09-27,1379.0318918837916,1393.175808723625,1368.4239542539162,1382.56787109375,89367200,ADRO.JK
2022-09-28,1379.0318877937257,1400.2477629905522,1364.8879709958412,1368.4239501953125,72114400,ADRO.JK
2022-09-29,1379.0316548407832,1403.7835050558742,1379.0316548407832,1396.7115478515625,91134100,ADRO.JK
2022-09-30,1386.1037646977588,1400.2476806640625,1368.4238697398794,1400.2476806640625,104670300,ADRO.JK
2022-10-03,1389.6397436893349,1414.3915966303662,1386.1037646977588,1400.2476806640625,54514500,ADRO.JK
2022-10-04,1410.8556367448232,1456.8233642578125,1410.8556367448232,1456.8233642578125,145080300,ADRO.JK
2022-10-05,1463.8953175264246,1474.5032546099494,1442.679443359375,1442.679443359375,57945800,ADRO.JK
2022-10-06,1442.679627953506,1502.7912791182357,1428.5357100323934,1449.7515869140625,159208200,ADRO.JK
2022-10-07,1449.7512271899532,1474.5030774102695,1442.6792699841485,1463.8951416015625,49875500,ADRO.JK
2022-10-10,1432.0714864925462,1432.0714864925462,1386.103759765625,1386.103759765625,107867500,ADRO.JK
2022-10-11,1389.6397705078125,1396.711728627445,1375.4958542685472,1389.6397705078125,59752100,ADRO.JK
2022-10-12,1400.247685546875,1432.0714965820312,1400.247685546875,1414.3916015625,101116400,ADRO.JK
2022-10-13,1446.215477179532,1446.215477179532,1417.9276438850668,1421.463623046875,53264100,ADRO.JK
2022-10-14,1414.3914408623416,1432.071333873121,1396.7115478515625,1396.7115478515625,45091900,ADRO.JK
2022-10-17,1396.7117016724867,1400.2476806640625,1379.031806714607,1400.2476806640625,42063700,ADRO.JK
2022-10-18,1407.3196888661755,1414.391647101684,1357.8159812176166,1364.887939453125,95622800,ADRO.JK
2022-10-19,1361.3518969217937,1371.9598337809246,1343.6720021565754,1357.81591796875,69215500,ADRO.JK
2022-10-20,1357.8159375,1414.3916015625,1354.2799584960935,1414.3916015625,119895500,ADRO.JK
2022-10-21,1407.3196386472143,1421.463554613518,1396.7117016724867,1400.2476806640625,37327700,ADRO.JK
2022-10-24,1403.7836546605947,1410.8556126185824,1382.567780786631,1386.103759765625,47873100,ADRO.JK
2022-10-25,1375.4958178333402,1386.1037547317978,1357.8159230025774,1371.9598388671875,74608100,ADRO.JK
2022-10-26,1371.9598752087309,1396.711728627445,1361.351938029282,1389.6397705078125,73155800,ADRO.JK
2022-10-27,1396.7117646950574,1421.4636187529445,1386.1038272416772,1407.3197021484375,81920000,ADRO.JK
2022-10-28,1414.391683983376,1414.391683983376,1379.0318918837916,1382.56787109375,54061300,ADRO.JK
2022-10-31,1393.1757855439307,1407.3197021484375,1386.1038272416772,1407.3197021484375,76758600,ADRO.JK
2022-11-01,1393.1756634114583,1393.1756634114583,1315.38412890625,1325.9920654296875,175308100,ADRO.JK
2022-11-02,1325.9924006334602,1350.744258778618,1304.7765222233247,1322.4564208984375,101047500,ADRO.JK
2022-11-03,1322.4560865885417,1347.2079384765625,1318.9201077473958,1325.9920654296875,57965500,ADRO.JK
2022-11-04,1318.9201077473958,1340.1359807942708,1311.8481500651042,1325.9920654296875,84299700,ADRO.JK
2022-11-07,1325.9919567456757,1354.27978515625,1318.919999643032,1354.27978515625,74309100,ADRO.JK
2022-11-08,1343.6718685068984,1343.6718685068984,1318.9200182975608,1329.5279541015625,71681200,ADRO.JK
2022-11-09,1304.7760841453469,1315.384019788805,1283.5602128584308,1287.09619140625,117969800,ADRO.JK
2022-11-10,1237.5924647539512,1258.8083355783046,1219.9125724003234,1230.5205078125,153812400,ADRO.JK
2022-11-11,1237.5926195379657,1251.736535189828,1216.376746060172,1234.056640625,96575300,ADRO.JK
2022-11-14,1234.0566723632812,1258.808525390625,1234.0566723632812,1237.5926513671875,60258000,ADRO.JK
2022-11-15,1255.2727019481172,1262.3446608323318,1230.5208458533657,1241.1287841796875,55915600,ADRO.JK
2022-11-16,1276.488398191308,1287.0963350183824,1244.664587710084,1262.344482421875,86525300,ADRO.JK
2022-11-17,1248.200629189154,1276.488462145282,1237.592691830606,1269.41650390625,73229600,ADRO.JK
2022-11-18,1269.41650390625,1280.024441264798,1258.808566547702,1269.41650390625,40162000,ADRO.JK
2022-11-21,1276.4885326685298,1311.8483258172423,1276.4885326685298,1304.7763671875,65550500,ADRO.JK
2022-11-22,1315.3842139991557,1325.992151208826,1290.632360509924,1308.312255859375,59965000,ADRO.JK
2022-11-23,1315.38412890625,1340.1359807942708,1315.38412890625,1325.9920654296875,45573200,ADRO.JK
2022-11-24,1329.528044270833,1336.600001953125,1322.4560865885417,1325.9920654296875,24418800,ADRO.JK
2022-11-25,1325.992124010347,1325.992124010347,1304.7762500261813,1318.920166015625,33140500,ADRO.JK
2022-11-28,1322.4564208984375,1336.6003398385278,1315.3844614283923,1322.4564208984375,40277700,ADRO.JK
2022-11-29,1340.1360281718146,1371.9598388671875,1336.600049205662,1371.9598388671875,94151500,ADRO.JK
2022-11-30,1379.0318877937257,1389.639825392139,1361.3519917963702,1368.4239501953125,152171400,ADRO.JK
2022-12-01,1389.6397977388822,1389.6397977388822,1375.495881222456,1379.0318603515625,56516100,ADRO.JK
2022-12-02,1375.4959681919645,1375.4959681919645,1350.7441127232144,1361.35205078125,36882200,ADRO.JK
2022-12-05,1371.9597632998514,1375.4957420712426,1329.5280180431548,1336.5999755859375,51037700,ADRO.JK
2022-12-06,1343.6720287893702,1354.27996585876,1325.992133673721,1347.2080078125,56845900,ADRO.JK
2022-12-07,1350.7438066049283,1368.4236993615373,1336.599892399641,1354.27978515625,59277300,ADRO.JK
2022-12-08,1354.2802385136406,1357.816218248663,1311.84848169337,1322.4564208984375,63665900,ADRO.JK
2022-12-09,1318.9201288637908,1322.456107761549,1283.5603398862092,1301.240234375,67555400,ADRO.JK
2022-12-12,1301.240249794408,1350.74395494963,1297.7042708547492,1343.6719970703125,76652000,ADRO.JK
2022-12-13,1340.1363195735505,1340.1363195735505,1322.4564208984375,1322.4564208984375,51354800,ADRO.JK
2022-12-14,1333.0640702395096,1393.1757126641028,1329.528091273357,1371.9598388671875,131274900,ADRO.JK
2022-12-15,1375.495881222456,1403.7837142553085,1361.3519647060298,1379.0318603515625,69993700,ADRO.JK
2022-12-16,1368.4238915136968,1386.103786752892,1361.351933418019,1375.495849609375,63989300,ADRO.JK
2022-12-19,1368.423781695234,1403.7835693359375,1368.423781695234,1403.7835693359375,58801000,ADRO.JK
2022-12-20,1403.7836546605947,1410.8556126185824,1382.567780786631,1386.103759765625,47259900,ADRO.JK
2022-12-21,1375.495822828643,1389.6397387446189,1371.9598438496491,1386.103759765625,36433600,ADRO.JK
2022-12-22,1382.5678123881798,1393.1757495676288,1379.0318333283635,1389.6397705078125,32321000,ADRO.JK
2022-12-23,1364.8879029281495,1364.8879029281495,1343.6720287893702,1347.2080078125,118489300,ADRO.JK
2022-12-26,1350.74395494963,1361.351891768606,1336.6000391909952,1343.6719970703125,45950200,ADRO.JK
2022-12-27,1343.671959635417,1347.2079384765625,1318.9201077473958,1325.9920654296875,60813800,ADRO.JK
2022-12-28,1329.528044270833,1333.0640231119792,1308.3121712239583,1325.9920654296875,52254700,ADRO.JK
2022-12-29,1322.4561234323603,1350.74395494963,1311.848186613384,1343.6719970703125,64775200,ADRO.JK
2022-12-30,1347.2081333705355,1368.4240094866072,1333.0642159598217,1361.35205078125,98381200,ADRO.JK
2023-01-02,1365.6189787713265,1380.7504910014798,1358.05322265625,1358.05322265625,69696600,ADRO.JK
2023-01-03,1358.0532673922453,1358.0532673922453,1324.007363752885,1331.5731201171875,95601300,ADRO.JK
2023-01-04,1339.138933771307,1346.7046904592803,1248.349853515625,1248.349853515625,163804600,ADRO.JK
2023-01-05,1229.4353066721271,1237.001062405494,1165.1263829385082,1172.692138671875,225480200,ADRO.JK
2023-01-06,1168.9093398561904,1206.7381210813098,1168.9093398561904,1187.82373046875,133608100,ADRO.JK
2023-01-09,1191.6065722172802,1199.1723282313585,1127.2976460976176,1146.2120361328125,165697500,ADRO.JK
2023-01-10,1149.9949492436306,1187.82373046875,1127.2976805085589,1187.82373046875,149820700,ADRO.JK
2023-01-11,1187.823808778007,1214.3039573813385,1165.1265385465802,1202.955322265625,101097700,ADRO.JK
2023-01-12,1180.2579357554612,1184.0408137546774,1153.7777897609476,1168.9093017578125,78240400,ADRO.JK
2023-01-13,1180.2579742237265,1191.606608591262,1176.475096101214,1187.82373046875,49588400,ADRO.JK
2023-01-16,1180.257894405242,1184.040772271925,1168.9092608051917,1172.692138671875,25866600,ADRO.JK
2023-01-17,1157.5607054886543,1191.606608591262,1153.777827366143,1187.82373046875,51667000,ADRO.JK
2023-01-18,1195.3894851636437,1221.8696319868889,1191.606607046037,1199.17236328125,61754000,ADRO.JK
2023-01-19,1187.8237259336302,1221.86962890625,1187.8237259336302,1221.86962890625,47144100,ADRO.JK
2023-01-20,1229.4353438012392,1233.2182217821662,1214.3038318775318,1225.6524658203125,50695900,ADRO.JK
2023-01-24,1225.6526321411134,1229.435510635376,1199.1724826812745,1210.5211181640625,34335900,ADRO.JK
2023-01-25,1206.738287490016,1206.738287490016,1180.2581369808306,1184.041015625,42325000,ADRO.JK
2023-01-26,1153.7778754250155,1161.3436319851796,1131.0806057445234,1138.6463623046875,83858800,ADRO.JK
2023-01-27,1127.2976449205985,1165.1264249514911,1127.2976449205985,1157.5606689453125,63547600,ADRO.JK
2023-01-30,1157.5607537050976,1172.6922668254256,1127.297727464441,1138.6463623046875,47836700,ADRO.JK
2023-01-31,1123.5146892650707,1142.4290779732369,1112.166056040171,1119.7318115234375,79164200,ADRO.JK
2023-02-01,1112.166218385858,1134.863488148835,1108.383340092029,1115.9490966796875,59728700,ADRO.JK
2023-02-02,1112.1663074028202,1123.5149431926448,1085.6861572265625,1085.6861572265625,88969700,ADRO.JK
2023-02-03,1085.6861262667007,1085.6861262667007,1036.5087059131567,1044.074462890625,101999600,ADRO.JK
2023-02-06,1044.0746227236962,1074.337655266412,1028.9431064523385,1051.640380859375,80778600,ADRO.JK
2023-02-07,1081.9030753270977,1115.9489762989294,1081.9030753270977,1093.251708984375,113365400,ADRO.JK
2023-02-08,1097.0347072653574,1112.1662204690176,1085.6860723626123,1104.6004638671875,50651900,ADRO.JK
2023-02-09,1081.9031586982835,1093.2517932300836,1066.7716459892165,1074.33740234375,58268500,ADRO.JK
2023-02-10,1040.2915453388744,1051.6401803789347,1025.160031952127,1036.5086669921875,73205300,ADRO.JK
2023-02-13,1055.4232599272143,1070.5547761985724,1051.640380859375,1051.640380859375,58110000,ADRO.JK
2023-02-14,1055.423052137395,1078.1203220758337,1047.8572954912488,1070.5545654296875,47207700,ADRO.JK
2023-02-15,1085.686070329052,1149.9950013241526,1085.686070329052,1115.9490966796875,150083400,ADRO.JK
2023-02-16,1123.514855371763,1131.0806119735928,1093.2518289644424,1104.6004638671875,49484000,ADRO.JK
2023-02-17,1104.6006317138672,1108.3835105895996,1081.9033584594729,1089.4691162109375,45060800,ADRO.JK
2023-02-20,1085.6861542800375,1100.8176686254042,1066.7717613483296,1097.0347900390625,67438100,ADRO.JK
2023-02-21,1081.903118593473,1097.0346307416337,1066.7716064453125,1066.7716064453125,57575900,ADRO.JK
2023-02-22,1089.4688733552632,1100.8175074527137,1074.337361225329,1078.1202392578125,51853800,ADRO.JK
2023-02-23,1089.4690328663794,1115.9491829707704,1085.6861542800375,1097.0347900390625,80466800,ADRO.JK
2023-02-24,1108.3832205274114,1119.7318541846885,1089.4688310986155,1093.251708984375,72020500,ADRO.JK
2023-02-27,1100.8175835043696,1115.9490966796875,1093.2518269167108,1115.9490966796875,42554800,ADRO.JK
2023-02-28,1112.1662956926734,1149.9950812604516,1100.81766002234,1131.0806884765625,141401100,ADRO.JK
2023-03-01,1134.8635670333404,1138.6464455901182,1112.1662956926734,1131.0806884765625,74127000,ADRO.JK
2023-03-02,1134.8635670333404,1146.2122027036737,1123.514931363007,1131.0806884765625,50943400,ADRO.JK
2023-03-03,1168.909346220509,1184.0408587929428,1142.42919921875,1142.42919921875,113137800,ADRO.JK
2023-03-06,1142.4292898276417,1142.4292898276417,1097.0347485099871,1100.817626953125,68471200,ADRO.JK
2023-03-07,1089.4688319493007,1100.8174656154392,1078.1201982831622,1081.903076171875,81747200,ADRO.JK
2023-03-08,1074.3374374598673,1104.6004638671875,1062.9888025571222,1104.6004638671875,73894700,ADRO.JK
2023-03-09,1115.9491829707704,1115.9491829707704,1097.0347900390625,1097.0347900390625,42649600,ADRO.JK
2023-03-10,1097.0345877267264,1097.0345877267264,1078.1201982831622,1081.903076171875,29013700,ADRO.JK
2023-03-13,1085.6861542800375,1108.3834257980873,1081.903275693696,1097.0347900390625,44258200,ADRO.JK
2023-03-14,1100.8175965457187,1100.8175965457187,1047.8572998046875,1047.8572998046875,60495700,ADRO.JK
2023-03-15,1055.4230166903408,1066.771651278409,1032.7257475142044,1040.29150390625,50051200,ADRO.JK
2023-03-16,1028.9429598721592,1028.9429598721592,983.548417524858,998.679931640625,100194800,ADRO.JK
2023-03-17,1002.4629529774618,1051.640380859375,1002.4629529774618,1051.640380859375,165045800,ADRO.JK
2023-03-20,1044.074383903952,1051.640140309053,1025.1599928911994,1028.94287109375,27177000,ADRO.JK
2023-03-21,1028.9428299565018,1032.7257080078125,1017.59419580257,1032.7257080078125,28977600,ADRO.JK
2023-03-24,1025.1602216122756,1036.5088587518949,1013.8115844726562,1013.8115844726562,51810300,ADRO.JK
2023-03-27,1025.1602216122756,1036.5088587518949,1010.0287054261164,1013.8115844726562,54183300,ADRO.JK
2023-03-28,1021.377151434172,1059.2059348206228,1021.377151434172,1047.8572998046875,95908100,ADRO.JK
2023-03-29,1062.9889640808103,1100.8177528381348,1059.206085205078,1089.4691162109375,106383200,ADRO.JK
2023-03-30,1097.0347930163873,1104.6005502096036,1078.120400033346,1085.6861572265625,71977200,ADRO.JK
2023-03-31,1089.4690328663794,1108.3834257980873,1078.1203971073546,1097.0347900390625,61694500,ADRO.JK
2023-04-03,1112.166259765625,1142.429287242241,1112.166259765625,1112.166259765625,98297900,ADRO.JK
2023-04-04,1138.646439949411,1165.1265897156763,1138.646439949411,1153.7779541015625,93744600,ADRO.JK
2023-04-05,1149.994912939134,1161.3435469484018,1134.863400926777,1157.5606689453125,54323500,ADRO.JK
2023-04-06,1157.5607117911836,1180.2579806498345,1142.42919921875,1142.42919921875,71186200,ADRO.JK
2023-04-10,1142.429324146896,1157.560838374007,1123.514931363007,1131.0806884765625,29429000,ADRO.JK
2023-04-11,1119.7320472592214,1157.5608326396004,1119.7320472592214,1153.7779541015625,46716100,ADRO.JK
2023-04-12,1153.7777111981366,1153.7777111981366,1108.3831782985378,1119.7318115234375,84393600,ADRO.JK
2023-04-13,1119.7318115234375,1138.6462002316036,1115.9489337818045,1119.7318115234375,38736700,ADRO.JK
2023-04-14,1119.7319770708475,1131.0806119735928,1104.6004638671875,1104.6004638671875,45832600,ADRO.JK
2023-04-17,1104.600343504152,1115.9489771702906,1081.903076171875,1081.903076171875,47706200,ADRO.JK
2023-04-18,1085.6861059570313,1142.4292822265625,1085.6861059570313,1134.863525390625,85627400,ADRO.JK
2023-04-26,1149.994871471774,1184.040772271925,1142.4291157384073,1172.692138671875,104615000,ADRO.JK
2023-04-27,1172.692343971946,1176.475222500888,1153.7779513272374,1165.1265869140625,41028100,ADRO.JK
2023-04-28,1172.692379692492,1195.389651557508,1157.5608651158147,1184.041015625,72560800,ADRO.JK
2023-05-02,1172.692268934826,1172.692268934826,1119.7319729184144,1127.2977294921875,81649400,ADRO.JK
2023-05-03,1127.2977735039328,1153.7779225459717,1108.383381331048,1112.166259765625,71441900,ADRO.JK
2023-05-04,1108.3833421681024,1134.8634902745075,1097.0347072653574,1104.6004638671875,73997700,ADRO.JK
2023-05-05,1081.9031199246751,1089.4688760080644,1040.2914614660338,1055.4229736328125,158924500,ADRO.JK
2023-05-08,1062.988885646913,1108.383428806212,1062.988885646913,1085.6861572265625,65765900,ADRO.JK
2023-05-09,1100.817464755893,1100.817464755893,1081.9030753270977,1093.251708984375,45066800,ADRO.JK
2023-05-10,1097.0347460273172,1123.5148950693558,1097.0347460273172,1112.166259765625,84244500,ADRO.JK
2023-05-11,1104.6003452845982,1115.948978969029,1044.074298967634,1059.205810546875,209469700,ADRO.JK
2023-05-12,1059.2059768455615,1059.2059768455615,1040.291584401891,1044.074462890625,60919400,ADRO.JK
2023-05-15,1051.6401440613251,1055.423022277373,994.8969708206064,1006.24560546875,116378900,ADRO.JK
2023-05-16,1021.3771382878336,1036.5086514476534,1006.2456251280138,1010.0285034179688,66336200,ADRO.JK
2023-05-17,1025.159939262811,1025.159939262811,960.851013183594,960.8510131835938,142037300,ADRO.JK
2023-05-19,953.2852413446576,960.8509972283454,900.3249501588433,911.673583984375,168354900,ADRO.JK
2023-05-22,926.805195381971,941.9367087759624,911.6736819879796,930.5880737304688,192718400,ADRO.JK
2023-05-23,960.2681884765624,960.2681884765624,960.2681884765624,960.2681884765624,25791700,ADRO.JK
2023-05-24,930.9151220703123,968.6549243164062,930.9151220703123,943.4950561523438,105384800,ADRO.JK
2023-05-25,922.5284849922612,922.5284849922612,888.9819946289062,888.9819946289062,124673400,ADRO.JK
2023-05-26,876.4019775390625,909.9484647175912,872.2086666417465,876.4019775390625,81565700,ADRO.JK
2023-05-29,888.981998462032,893.1753097755321,842.8555740135304,868.0154418945312,80215800,ADRO.JK
2023-05-30,868.01539098369,901.5618795241224,863.822079916136,884.7886352539062,63219000,ADRO.JK
2023-05-31,868.0153575224035,876.4019793342142,842.8554920869715,855.4354248046875,169456800,ADRO.JK
2023-06-05,876.4020865304129,909.9485778808594,872.2087751116071,880.5953979492188,119850300,ADRO.JK
2023-06-06,922.528417088964,935.108350049268,905.755173141892,930.9150390625,106615300,ADRO.JK
2023-06-07,922.5285430767568,922.5285430767568,897.3686737201181,909.9486083984376,69604900,ADRO.JK
2023-06-08,918.3350705233488,926.7216921719638,905.755138050426,922.5283813476562,46850800,ADRO.JK
2023-06-09,926.7218279555508,935.1084508329766,909.9485822006992,918.335205078125,36414600,ADRO.JK
2023-06-12,930.9151130779836,939.301735718326,922.5284904376416,926.7218017578124,32981000,ADRO.JK
2023-06-13,918.3351791174704,930.9151130779836,901.561933836786,926.7218017578124,47913300,ADRO.JK
2023-06-14,926.7218107096354,947.6883675130208,922.5284993489583,943.4950561523438,43317300,ADRO.JK
2023-06-15,943.49493275518,977.041419253142,930.9150003184444,964.4614868164062,75697800,ADRO.JK
2023-06-16,985.4282010834792,985.4282010834792,964.461643613618,972.8482666015624,90162500,ADRO.JK
2023-06-19,964.461786050712,964.461786050712,943.4952254843922,947.6885375976562,26428500,ADRO.JK
2023-06-20,947.6883415860752,960.2682753239436,943.4950303401192,951.8816528320312,24643400,ADRO.JK
2023-06-21,951.8818497109202,960.268473937448,943.4952254843922,947.6885375976562,29760300,ADRO.JK
2023-06-22,943.4952254843922,968.655098163976,943.4952254843922,947.6885375976562,38508700,ADRO.JK
2023-06-23,956.075079263593,956.075079263593,935.1085205078124,935.1085205078124,20704900,ADRO.JK
2023-06-26,935.1084243981549,939.301735718326,918.3351791174704,926.7218017578124,25265900,ADRO.JK
2023-06-27,926.7218970055002,947.6884557612808,926.7218970055002,935.1085205078124,24633800,ADRO.JK
2023-07-03,951.8815773894348,981.2347537847036,947.6882664758248,977.0414428710938,58100700,ADRO.JK
2023-07-04,972.8482405181624,985.4281746627938,968.6549291366184,981.23486328125,20358800,ADRO.JK
2023-07-05,985.428132616784,1023.1679334404056,985.428132616784,1014.7813110351562,71359500,ADRO.JK
2023-07-06,1014.781272919324,1031.554517099809,1010.5879618742028,1027.3612060546875,41830700,ADRO.JK
2023-07-07,1010.5880519321986,1014.7813633510044,993.8148062569754,998.0081176757812,32118800,ADRO.JK
2023-07-10,998.0080662246578,1014.7813110351562,993.8147550220332,1014.7813110351562,20339700,ADRO.JK
2023-07-11,1006.3947964891976,1023.1680430973508,1002.2014848371592,1018.9747314453124,31866300,ADRO.JK
2023-07-12,1018.9746881798852,1018.9746881798852,993.8148193359376,993.8148193359376,28404900,ADRO.JK
2023-07-13,985.4282010834792,985.4282010834792,956.0750206256736,972.8482666015624,42297500,ADRO.JK
2023-07-14,972.848274877516,989.6215209960938,972.848274877516,989.6215209960938,31423200,ADRO.JK
2023-07-17,998.0081176757812,1010.5880519321986,998.0081176757812,998.0081176757812,26063600,ADRO.JK
2023-07-18,1002.2013083527528,1002.2013083527528,972.848131957484,977.0414428710938,23104600,ADRO.JK
2023-07-20,985.4281963879548,998.0081308099288,985.4281963879548,993.8148193359376,33287800,ADRO.JK
2023-07-21,998.0080662246578,1018.9746222377807,998.0080662246578,1014.7813110351562,70949300,ADRO.JK
2023-07-24,1014.7813676224064,1039.9412362411438,1006.394744749494,1035.7479248046875,97266900,ADRO.JK
2023-07-25,1039.941289705504,1056.7145363136574,1018.9747314453124,1018.9747314453124,82665100,ADRO.JK
2023-07-26,1031.554634765625,1052.5211923828126,1027.3613232421876,1048.327880859375,96761300,ADRO.JK
2023-07-27,1048.327761280293,1048.327761280293,1023.1678950095665,1027.3612060546875,37905300,ADRO.JK
2023-07-28,1023.1679904953188,1039.9412362411438,1010.58805618595,1035.7479248046875,40850500,ADRO.JK
2023-07-31,1035.7478176765917,1035.7478176765917,998.0080186519384,1010.5879516601562,64743500,ADRO.JK
2023-08-01,1010.5881002897,1010.5881002897,993.8148538118626,1002.2014770507812,23569300,ADRO.JK
2023-08-02,998.0081308099288,998.0081308099288,981.2348849139636,993.8148193359376,21765400,ADRO.JK
2023-08-03,993.8148325257382,1002.2014555850272,985.4282094664492,989.6215209960938,18908200,ADRO.JK
2023-08-04,1002.2013422648112,1023.1678975423176,1002.2013422648112,1006.3946533203124,26476900,ADRO.JK
2023-08-07,1006.3947405133928,1006.3947405133928,989.6214948381696,998.0081176757812,20598900,ADRO.JK
2023-08-08,1006.3947537579114,1014.781376705894,993.8148193359376,993.8148193359376,22669900,ADRO.JK
2023-08-09,1002.2013422648112,1006.3946533203124,993.8147201538086,1006.3946533203124,22561900,ADRO.JK
2023-08-10,1018.9745736656348,1023.167884668374,1006.394640657417,1010.5879516601562,42703500,ADRO.JK
2023-08-11,1010.5880921708776,1014.781403756649,985.42822265625,985.42822265625,35509700,ADRO.JK
2023-08-14,989.6215421924032,1010.5881002897,977.0416073340252,1002.2014770507812,36895300,ADRO.JK
2023-08-15,1010.5880058866098,1060.9077406195531,1006.3946946588644,1052.5211181640625,99083700,ADRO.JK
2023-08-16,1052.5211661202566,1065.101100376674,1044.1345432826452,1056.7144775390625,41050900,ADRO.JK
2023-08-18,1056.7143304779777,1073.4875738188978,1039.9410871370571,1065.1009521484375,47312500,ADRO.JK
2023-08-21,1073.4877146946565,1098.6475830078125,1069.2944033091303,1098.6475830078125,77668100,ADRO.JK
2023-08-22,1098.6474817346643,1140.580591724537,1098.6474817346643,1132.1939697265625,102556100,ADRO.JK
2023-08-23,1144.7739027235243,1165.740457718461,1132.1939697265625,1132.1939697265625,86184900,ADRO.JK
2023-08-24,1123.8073245845037,1144.7738791476474,1107.034080933989,1119.614013671875,57289800,ADRO.JK
2023-08-25,1119.6142432017675,1119.6142432017675,1086.0677490234375,1086.0677490234375,46004100,ADRO.JK
2023-08-28,1094.4544331564832,1136.3875532007928,1094.4544331564832,1123.8076171875,49355200,ADRO.JK
2023-08-29,1136.3875532007928,1144.774177209655,1119.614305183069,1123.8076171875,35735000,ADRO.JK
2023-08-30,1136.387477945661,1144.7741013991345,1115.4209193119773,1128.0008544921875,37456100,ADRO.JK
2023-08-31,1123.8073245845037,1128.0006354971326,1111.2273918466176,1119.614013671875,37316600,ADRO.JK
2023-09-01,1123.8076171875,1140.580865205224,1119.614305183069,1123.8076171875,22633200,ADRO.JK
2023-09-04,1128.0008487005302,1157.3540306369753,1128.0008487005302,1148.9674072265625,48905500,ADRO.JK
2023-09-05,1153.1607189317688,1165.7406540473885,1144.774095521356,1148.9674072265625,37110800,ADRO.JK
2023-09-06,1169.9338561799052,1211.8669693046331,1169.9338561799052,1203.4803466796875,107690900,ADRO.JK
2023-09-07,1203.480394575331,1228.6402634514702,1174.1272142198352,1207.6737060546875,105815800,ADRO.JK
2023-09-08,1207.6736321366782,1232.833499472859,1199.2870096912843,1211.866943359375,58380400,ADRO.JK
2023-09-11,1216.060311453683,1224.4469342912946,1169.933885846819,1174.127197265625,64749200,ADRO.JK
2023-09-12,1182.513745725367,1195.0936791905303,1169.9338122602037,1178.3204345703125,52990600,ADRO.JK
2023-09-13,1186.7071746612762,1203.480420946241,1182.513863090035,1199.287109375,38990000,ADRO.JK
2023-09-14,1216.0602289049075,1232.833473441527,1211.8669177707527,1220.2535400390625,58317100,ADRO.JK
2023-09-15,1220.2535692671654,1220.2535692671654,1190.900390625,1190.900390625,55255400,ADRO.JK
2023-09-18,1195.093701859595,1203.4803243287852,1178.3204569212148,1190.900390625,46627900,ADRO.JK
2023-09-19,1199.286936792834,1224.4468025996769,1182.5136929216058,1216.0601806640625,62425500,ADRO.JK
2023-09-20,1228.6401594007336,1253.8000261461411,1220.2535371522645,1241.2200927734375,93046000,ADRO.JK
2023-09-21,1241.2202893273304,1245.4136011155983,1224.4470421742585,1237.0269775390625,37546100,ADRO.JK
2023-09-22,1228.6403539625264,1241.2202893273304,1224.4470421742585,1237.0269775390625,27130700,ADRO.JK
2023-09-25,1237.0269775390625,1249.6069129038665,1232.8336657507944,1237.0269775390625,32402200,ADRO.JK
2023-09-26,1241.2201566730596,1245.4134680131713,1153.160618530714,1161.5472412109375,107378100,ADRO.JK
2023-09-27,1161.5472335549598,1216.060280617106,1161.5472335549598,1203.4803466796875,61453100,ADRO.JK
2023-09-29,1216.060307017544,1216.060307017544,1190.9004385964913,1195.09375,24233700,ADRO.JK
2023-10-02,1186.7070568804215,1186.7070568804215,1165.740501105149,1178.3204345703125,31881300,ADRO.JK
2023-10-03,1165.7406600328184,1165.7406600328184,1128.0008544921875,1128.0008544921875,89948000,ADRO.JK
2023-10-04,1119.6142100857612,1119.6142100857612,1098.647651844455,1115.4208984375,57427700,ADRO.JK
2023-10-05,1107.0342807112067,1119.6142157192887,1090.2610340337644,1094.454345703125,37851600,ADRO.JK
2023-10-06,1090.2607421875,1119.613916015625,1090.2607421875,1111.227294921875,20289800,ADRO.JK
2023-10-09,1128.000750490044,1174.1271752312723,1128.000750490044,1161.5472412109375,58700700,ADRO.JK
2023-10-10,1182.5138466375336,1190.9004696633317,1161.5472890730384,1165.7406005859375,45513300,ADRO.JK
2023-10-11,1174.1271265002265,1182.513748832371,1157.3538818359375,1157.3538818359375,26295100,ADRO.JK
2023-10-12,1157.354036579345,1157.354036579345,1128.0008544921875,1128.0008544921875,41046500,ADRO.JK
2023-10-13,1144.7739514565556,1148.967262634052,1128.0007067465694,1136.3873291015625,18962900,ADRO.JK
2023-10-16,1153.1606660472405,1169.9339120988366,1144.774043021442,1165.7406005859375,36979400,ADRO.JK
2023-10-17,1161.5472412109375,1165.7405525510492,1153.160618530714,1161.5472412109375,22750800,ADRO.JK
2023-10-18,1153.1605895136445,1207.6736355633802,1144.773967044454,1190.900390625,74460900,ADRO.JK
2023-10-19,1190.900416597407,1199.2870392495015,1174.1271712932182,1182.5137939453125,57235900,ADRO.JK
2023-10-20,1186.7071315220423,1186.7071315220423,1157.3539515904015,1174.127197265625,47189400,ADRO.JK
2023-10-23,1165.7406382166353,1169.9339498648967,1111.2275867892388,1115.4208984375,69223700,ADRO.JK
2023-10-24,1107.0342751409771,1128.000833382284,1102.840963492716,1115.4208984375,39300700,ADRO.JK
2023-10-25,1115.4207027592463,1132.193946409761,1107.034080933989,1119.614013671875,35182500,ADRO.JK
2023-10-26,1115.42060546875,1119.613916015625,1094.454052734375,1111.227294921875,26026500,ADRO.JK
2023-10-27,1115.42080226089,1123.8074248342805,1098.6475571141098,1107.0341796875,28710000,ADRO.JK
2023-10-30,1107.0340605007382,1107.0340605007382,1056.7143304779777,1065.1009521484375,43324200,ADRO.JK
2023-10-31,1056.7143058776855,1090.2607917785645,1018.9745092391968,1073.487548828125,61726200,ADRO.JK
2023-11-01,1048.3277506848094,1048.3277506848094,1006.394640657417,1010.5879516601562,78759900,ADRO.JK
2023-11-02,1014.7814119091591,1035.747970006456,998.008165431322,1002.2014770507812,52050600,ADRO.JK
2023-11-03,1014.7813421655372,1052.5211441469,1014.7813421655372,1044.134521484375,52737100,ADRO.JK
2023-11-06,1048.327781466156,1065.1010259696145,1048.327781466156,1060.90771484375,38074400,ADRO.JK
2023-11-07,1048.327859114056,1052.5211705505124,1010.58805618595,1035.7479248046875,54811700,ADRO.JK
2023-11-08,1031.5545299092278,1035.7478410064195,1010.5879744232676,1023.1679077148438,31984200,ADRO.JK
2023-11-09,1039.941139190051,1048.327761280293,1023.1678950095665,1027.3612060546875,37033100,ADRO.JK
2023-11-10,1027.3613492904171,1052.521219068958,1027.3613492904171,1039.9412841796875,29145200,ADRO.JK
2023-11-13,1044.1345958094444,1052.521219068958,1027.3613492904171,1039.9412841796875,20144700,ADRO.JK
2023-11-14,1039.9412841796875,1056.7145306987147,1027.3613492904171,1039.9412841796875,37330100,ADRO.JK
2023-11-15,1056.7144293918077,1073.487674302789,1044.134495708572,1052.5211181640625,33971500,ADRO.JK
2023-11-16,1052.5210925920208,1060.90771484375,1035.7478480885625,1060.90771484375,18745300,ADRO.JK
2023-11-17,1048.3277088075172,1069.2942629836675,1048.3277088075172,1065.1009521484375,17834500,ADRO.JK
2023-11-20,1069.29443359375,1073.487745098039,1060.9078105851715,1069.29443359375,16184700,ADRO.JK
2023-11-21,1065.1011640176005,1094.454345703125,1065.1011640176005,1094.454345703125,31763500,ADRO.JK
2023-11-22,1094.45437256802,1098.6476843403111,1077.681125478855,1086.0677490234375,22390500,ADRO.JK
2023-11-23,1090.260991115196,1094.4543026194854,1060.9078105851715,1069.29443359375,24567400,ADRO.JK
2023-11-24,1069.2942629836675,1081.8741954893578,1052.5210196427474,1065.1009521484375,29571200,ADRO.JK
2023-11-27,1065.101122089461,1090.260991115196,1065.101122089461,1069.29443359375,19835100,ADRO.JK
2023-11-28,1073.4876453488373,1098.6475120367006,1073.4876453488373,1081.874267578125,19680900,ADRO.JK
2023-11-29,1086.067578692769,1094.4542009220568,1073.4876453488373,1081.874267578125,15113600,ADRO.JK
2023-11-30,1086.0676488512345,1098.6475830078125,1077.6810260801824,1098.6475830078125,45144600,ADRO.JK
2023-12-01,1107.034034729004,1111.2273454666138,1069.2942380905151,1073.487548828125,35005000,ADRO.JK
2023-12-04,1081.8741703033447,1094.4541025161743,1069.2942380905151,1073.487548828125,24493200,ADRO.JK
2023-12-05,1077.680985530534,1081.8742967582791,1044.134495708572,1052.5211181640625,42476700,ADRO.JK
2023-12-06,1052.5210925920208,1065.1010259696145,1048.327781466156,1060.90771484375,18067600,ADRO.JK
2023-12-07,1073.4876482213438,1090.2608927248025,1048.327781466156,1060.90771484375,40972500,ADRO.JK
2023-12-08,1077.6808595657349,1090.2607917785645,1069.2942380905151,1073.487548828125,41613300,ADRO.JK
2023-12-11,1081.8741703033447,1090.2607917785645,1060.9076166152954,1073.487548828125,30840100,ADRO.JK
2023-12-12,1073.487745098039,1077.6810566023285,1056.7144990808822,1069.29443359375,21613800,ADRO.JK
2023-12-13,1052.5210723254145,1052.5210723254145,1018.9745839644452,1027.3612060546875,51005200,ADRO.JK
2023-12-14,1031.5545874905874,1052.5211441469,1023.1679648280624,1044.134521484375,23293600,ADRO.JK
2023-12-15,1044.1345432826452,1077.6810346330917,1044.1345432826452,1056.7144775390625,52881100,ADRO.JK
2023-12-18,1060.9077406195531,1069.2943630750435,1035.7478732530817,1052.5211181640625,25316200,ADRO.JK
2023-12-19,1081.8743633563702,1098.6476092998798,1077.6810518704929,1090.260986328125,67987900,ADRO.JK
2023-12-20,1090.260889807413,1107.0341342659883,1081.874267578125,1081.874267578125,51466300,ADRO.JK
2023-12-21,1081.8743633563702,1094.4542978140023,1077.6810518704929,1090.260986328125,34194600,ADRO.JK
2023-12-22,1090.2610607957288,1094.45437256802,1081.8744372511462,1086.0677490234375,29264900,ADRO.JK
2023-12-27,1090.2610607957288,1102.8409961126026,1081.8744372511462,1086.0677490234375,57605200,ADRO.JK
2023-12-28,1090.260889807413,1094.4542009220568,1073.4876453488373,1081.874267578125,84319700,ADRO.JK
2023-12-29,1095.5021911108192,1104.5934956013657,1077.3195821297268,1081.865234375,124776700,ADRO.JK
2024-01-02,1081.8652559456575,1131.867431640625,1081.8652559456575,1131.867431640625,75818300,ADRO.JK
2024-01-03,1118.230334016792,1118.230334016792,1095.5020751953125,1095.5020751953125,71643200,ADRO.JK
2024-01-04,1100.047859502033,1122.776121061992,1100.047859502033,1118.23046875,61464500,ADRO.JK
2024-01-05,1131.8672970631085,1131.8672970631085,1109.1390380859375,1109.1390380859375,47595800,ADRO.JK
2024-01-08,1113.6846898813717,1131.8672970631085,1104.5933862905033,1109.1390380859375,61501200,ADRO.JK
2024-01-09,1113.6848104343492,1118.2304627218364,1095.5022012844006,1104.593505859375,37607800,ADRO.JK
2024-01-10,1118.23046875,1118.23046875,1109.1391641260163,1118.23046875,22865400,ADRO.JK
2024-01-11,1118.2304667570154,1118.2304667570154,1109.1391621492348,1113.684814453125,18591600,ADRO.JK
2024-01-12,1113.684820359753,1127.32177734375,1109.139168031754,1127.32177734375,36980800,ADRO.JK
2024-01-15,1127.321662568476,1150.0499218944535,1127.321662568476,1140.9586181640625,41068200,ADRO.JK
2024-01-16,1140.95873828125,1145.504390625,1127.32178125,1136.4130859375,24464000,ADRO.JK
2024-01-17,1136.4130839765312,1145.5043886483434,1122.7761269688128,1131.867431640625,23991600,ADRO.JK
2024-01-18,1131.8674256859756,1131.8674256859756,1113.6848164380085,1118.23046875,26521000,ADRO.JK
2024-01-19,1118.2304627218364,1127.3217672968103,1104.593505859375,1104.593505859375,33060200,ADRO.JK
2024-01-22,1104.5934997558593,1109.1391520182292,1086.41089070638,1090.95654296875,42375200,ADRO.JK
2024-01-23,1090.956532579787,1095.5021847988696,1054.5913148271277,1068.228271484375,80570400,ADRO.JK
2024-01-24,1068.2282693977031,1081.865226028312,1054.591312767094,1063.6826171875,36025300,ADRO.JK
2024-01-25,1063.6826213254767,1081.8652302370233,1063.6826213254767,1072.77392578125,33787500,ADRO.JK
2024-01-26,1072.7739298844538,1086.410886620273,1059.1369731486343,1081.865234375,35850900,ADRO.JK
2024-01-29,1081.8652384440104,1095.5021952311197,1077.3195861816405,1090.95654296875,25857300,ADRO.JK
2024-01-30,1086.410888671875,1090.9565409257325,1072.7739319103034,1086.410888671875,29384100,ADRO.JK
2024-01-31,1095.5021952311197,1113.6848042805989,1086.41089070638,1090.95654296875,28213000,ADRO.JK
2024-02-01,1100.0478515625,1113.6848084000517,1086.4108947249483,1100.0478515625,32940300,ADRO.JK
2024-02-02,1100.0478515625,1109.1391561208677,1086.4108947249483,1100.0478515625,41242500,ADRO.JK
2024-02-05,1100.0478535718878,1122.7761150093236,1100.0478535718878,1104.593505859375,31425600,ADRO.JK
2024-02-06,1113.6848164380085,1122.776121061992,1109.1391641260163,1118.23046875,32861600,ADRO.JK
2024-02-07,1118.23046875,1122.776121061992,1109.1391641260163,1118.23046875,24460000,ADRO.JK
2024-02-12,1118.230592302948,1131.867550745667,1113.6849394887083,1122.7762451171875,23773700,ADRO.JK
2024-02-13,1122.776125015751,1131.867429671749,1118.230472687752,1127.32177734375,18443100,ADRO.JK
2024-02-15,1159.1412256248443,1168.232529355235,1127.321662568476,1140.9586181640625,55071200,ADRO.JK
2024-02-16,1145.50439453125,1150.050046890501,1131.8674374534971,1145.50439453125,31491500,ADRO.JK
2024-02-19,1140.9587241592722,1140.9587241592722,1104.593505859375,1104.593505859375,35027700,ADRO.JK
2024-02-20,1109.139158146862,1122.7761150093236,1090.9565489969136,1104.593505859375,57998500,ADRO.JK
2024-02-21,1104.593503841684,1109.1391561208677,1090.9565470041323,1100.0478515625,28164400,ADRO.JK
2024-02-22,1100.047734495069,1109.1390380859375,1086.4107791087667,1109.1390380859375,28109200,ADRO.JK
2024-02-23,1109.1391561208677,1113.6848084000517,1095.502199283316,1100.0478515625,15467200,ADRO.JK
2024-02-26,1100.047841261208,1100.047841261208,1072.7739278415086,1077.319580078125,48399600,ADRO.JK
2024-02-27,1090.9565388655462,1095.5021911108192,1072.7739298844538,1081.865234375,36577400,ADRO.JK
2024-02-28,1086.41089070638,1095.5021952311197,1081.8652384440104,1090.95654296875,23551500,ADRO.JK
2024-02-29,1095.502199283316,1100.0478515625,1086.4108947249483,1100.0478515625,38652900,ADRO.JK
2024-03-01,1113.6848222970004,1131.867431640625,1104.5935176251885,1131.867431640625,60143900,ADRO.JK
2024-03-04,1145.5042772668553,1159.1412329486036,1136.412973479023,1154.5955810546875,72476200,ADRO.JK
2024-03-05,1159.1413722745367,1195.506591796875,1159.1413722745367,1195.506591796875,84971100,ADRO.JK
2024-03-06,1195.5064788704062,1227.3260429468048,1177.3238708267495,1213.6890869140625,91548800,ADRO.JK
2024-03-07,1213.6890936957466,1240.9630059136286,1200.0521375868057,1227.3260498046875,77030200,ADRO.JK
2024-03-08,1227.3260429468048,1236.417346968633,1209.1434349031483,1213.6890869140625,33227300,ADRO.JK
2024-03-13,1213.6890704815205,1213.6890704815205,1177.3238548865686,1181.8695068359375,51867100,ADRO.JK
2024-03-14,1181.869522837664,1213.6890869140625,1181.869522837664,1213.6890869140625,42981600,ADRO.JK
2024-03-15,1213.6892071487312,1213.6892071487312,1186.415292381344,1209.1435546875,168791600,ADRO.JK
2024-03-18,1204.5978966774596,1213.6892015580445,1195.506591796875,1195.506591796875,25311200,ADRO.JK
2024-03-19,1195.506591796875,1209.143549117752,1190.960939356583,1195.506591796875,22185600,ADRO.JK
2024-03-20,1195.5063531839623,1209.1433077830188,1186.4150501179245,1204.59765625,22774100,ADRO.JK
2024-03-21,1204.59765625,1227.3259139150944,1195.5063531839623,1204.59765625,37138200,ADRO.JK
2024-03-22,1204.59765625,1218.2346108490567,1204.59765625,1204.59765625,17572900,ADRO.JK
2024-03-25,1213.6890869140625,1213.6890869140625,1204.5977828922344,1213.6890869140625,34644500,ADRO.JK
2024-03-26,1250.0544415773268,1250.0544415773268,1213.6892214587135,1245.5087890625,49687500,ADRO.JK
2024-03-27,1245.5086625043084,1254.5999666101793,1231.8717063455022,1236.4173583984375,31905100,ADRO.JK
2024-03-28,1245.5086579499423,1254.5999620225696,1209.143441659433,1227.3260498046875,56468900,ADRO.JK
2024-04-01,1227.3260359330611,1227.3260359330611,1186.4151680686257,1200.0521240234375,31687700,ADRO.JK
2024-04-02,1200.052135368262,1222.7803955078125,1190.960831312442,1222.7803955078125,27768300,ADRO.JK
2024-04-03,1222.7806382819788,1236.4175970732276,1209.14367949073,1218.2349853515625,34356700,ADRO.JK
2024-04-04,1213.6890914519925,1236.417351591543,1204.5977873961722,1222.7803955078125,23186300,ADRO.JK
2024-04-05,1222.780397768374,1236.4173538773148,1213.6890936957466,1227.3260498046875,15325400,ADRO.JK
2024-04-16,1245.508682196675,1290.9652034447288,1240.9630300718695,1277.3282470703125,136392000,ADRO.JK
2024-04-17,1277.328233753551,1286.4195379083808,1250.0543212890625,1250.0543212890625,40039100,ADRO.JK
2024-04-18,1259.145744798821,1259.145744798821,1231.871829749027,1240.963134765625,34871800,ADRO.JK
2024-04-19,1245.5085502292798,1268.2368084451423,1231.8715952997622,1254.599853515625,48533700,ADRO.JK
2024-04-22,1259.1456254438922,1272.7825816761365,1250.0543212890625,1250.0543212890625,30188300,ADRO.JK
2024-04-23,1250.0543212890625,1272.7825816761365,1245.508669211648,1250.0543212890625,19332900,ADRO.JK
2024-04-24,1250.0545558644765,1259.145861725309,1209.14367949073,1218.2349853515625,39036900,ADRO.JK
2024-04-25,1213.6890752661318,1222.7803792007096,1186.4151634623986,1190.9608154296875,32557400,ADRO.JK
2024-04-26,1190.9608107346755,1213.6890704815205,1181.8695068359375,1181.8695068359375,28055500,ADRO.JK
2024-04-29,1195.5064788704062,1218.234738924977,1159.1412627830937,1213.6890869140625,27687400,ADRO.JK
2024-04-30,1218.2347479675968,1245.5086602355282,1204.5977918336312,1231.8717041015625,24498900,ADRO.JK
2024-05-02,1236.417482257326,1259.145744798821,1218.2348722241302,1240.963134765625,49490600,ADRO.JK
2024-05-03,1240.963134765625,1245.508787273924,1227.3261772407282,1240.963134765625,20510200,ADRO.JK
2024-05-06,1254.5999948601975,1295.5108642578125,1240.9630383943256,1295.5108642578125,56512000,ADRO.JK
2024-05-07,1295.510855569534,1300.0565076943394,1268.236942820702,1277.3282470703125,25684100,ADRO.JK
2024-05-08,1277.3282598302756,1304.6021728515625,1277.3282598302756,1304.6021728515625,43532500,ADRO.JK
2024-05-13,1304.6023081634005,1350.0588345802437,1295.5110028800318,1340.967529296875,64339500,ADRO.JK
2024-05-14,1340.967392391629,1340.967392391629,1304.6021749708389,1309.1478271484375,26634100,ADRO.JK
2024-05-15,1313.6934685049966,1345.5130334860864,1286.4195556640625,1286.4195556640625,44476800,ADRO.JK
2024-05-16,1290.9652184380425,1313.693479326036,1290.9652184380425,1309.1478271484375,33454900,ADRO.JK
2024-05-17,1313.693479326036,1318.239131503635,1290.9652184380425,1309.1478271484375,28090300,ADRO.JK
2024-05-20,1309.147712628866,1327.3303197487112,1300.0564090689431,1322.78466796875,27290300,ADRO.JK
2024-05-21,1322.7847836812336,1340.967392391629,1304.6021749708389,1309.1478271484375,41137800,ADRO.JK
2024-05-22,1318.2391399226776,1327.3304443359375,1295.5108788895282,1327.3304443359375,31385400,ADRO.JK
2024-05-27,1327.330433702635,1336.421738043064,1300.056520681348,1304.6021728515625,70609900,ADRO.JK
2024-05-28,1274.8444034618958,1328.7801282237454,1274.8444034618958,1318.9736328125,85173300,ADRO.JK
2024-05-29,1318.973804986299,1328.780301677647,1304.264059949277,1314.070556640625,23084900,ADRO.JK
2024-05-30,1314.0705013971258,1358.1997346529995,1314.0705013971258,1343.489990234375,47278200,ADRO.JK
2024-05-31,1348.3930897626635,1377.8125753574852,1338.5865945643895,1358.1995849609375,95437800,ADRO.JK
2024-06-03,1372.909273010879,1436.6514892578125,1372.909273010879,1436.6514892578125,84422500,ADRO.JK
2024-06-04,1421.9417958716824,1441.5547861595676,1397.4255580118258,1431.748291015625,64394000,ADRO.JK
2024-06-05,1421.9417984061956,1426.8450459869066,1392.5223129219294,1407.2320556640625,40235800,ADRO.JK
2024-06-06,1412.1352796052631,1412.1352796052631,1382.7157946134869,1397.425537109375,24301800,ADRO.JK
2024-06-07,1397.4255865392552,1417.0385772275254,1382.7158435230524,1392.5223388671875,25352600,ADRO.JK
2024-06-10,1392.522294034091,1397.4255415482955,1328.780076349432,1348.39306640625,48405800,ADRO.JK
2024-06-11,1348.393092435949,1358.199587653665,1333.683349609375,1333.683349609375,27025700,ADRO.JK
2024-06-12,1343.4898651013664,1377.8125988813283,1338.5866174185148,1368.006103515625,41923800,ADRO.JK
2024-06-13,1382.7158967162209,1387.6191445769166,1348.39316169135,1363.1029052734375,23164500,ADRO.JK
2024-06-14,1377.812648855525,1377.812648855525,1343.4899138306544,1363.1029052734375,23154400,ADRO.JK
2024-06-19,1363.1028896704652,1368.0061374750353,1294.457420406485,1304.263916015625,45623700,ADRO.JK
2024-06-20,1318.9736784211882,1338.586669921875,1304.263934795673,1338.586669921875,18168000,ADRO.JK
2024-06-21,1338.586669921875,1363.1029092977335,1333.6834220467033,1338.586669921875,43444700,ADRO.JK
2024-06-24,1338.586597218233,1343.489844827091,1323.876854391659,1333.683349609375,15497700,ADRO.JK
2024-06-25,1328.780029296875,1333.683276637454,1314.0702872751383,1328.780029296875,17174800,ADRO.JK
2024-06-26,1328.780076349432,1353.2963139204546,1323.8768288352271,1348.39306640625,18956900,ADRO.JK
2024-06-27,1348.39306640625,1363.1028089488636,1333.6833238636364,1348.39306640625,24919400,ADRO.JK
2024-06-28,1348.393112784218,1372.9093511984768,1348.393112784218,1368.006103515625,29761900,ADRO.JK
2024-07-01,1368.0060542515346,1392.5222917829242,1353.2963117327008,1372.9093017578125,20224300,ADRO.JK
2024-07-02,1372.9093481789173,1402.3288342113226,1372.9093481789173,1392.5223388671875,23640200,ADRO.JK
2024-07-03,1397.4254631913657,1431.7481938662413,1392.5222159520977,1417.0384521484375,37201100,ADRO.JK
2024-07-04,1421.9418484347684,1426.8450961879917,1402.328857421875,1402.328857421875,21481400,ADRO.JK
2024-07-05,1407.2319814151094,1426.844970703125,1402.3287340931056,1426.844970703125,19036800,ADRO.JK
2024-07-08,1426.8450199521822,1426.8450199521822,1412.1352774784484,1421.9417724609375,19287600,ADRO.JK
2024-07-09,1426.8450199521822,1431.7482674434268,1412.1352774784484,1421.9417724609375,33908500,ADRO.JK
2024-07-10,1421.9417724609375,1436.6515149346717,1412.1352774784484,1421.9417724609375,15583800,ADRO.JK
2024-07-11,1421.9418484347684,1421.9418484347684,1402.328857421875,1402.328857421875,14109100,ADRO.JK
2024-07-12,1397.425636318463,1402.3288841651945,1372.9093970848055,1387.619140625,31624700,ADRO.JK
2024-07-15,1387.6190653412184,1407.2320556640625,1387.6190653412184,1407.2320556640625,28322100,ADRO.JK
2024-07-16,1421.9417984061956,1421.9417984061956,1397.4255605026406,1407.2320556640625,15556100,ADRO.JK
2024-07-17,1417.0385249696928,1426.8450199521822,1407.2320299872038,1421.9417724609375,30254100,ADRO.JK
2024-07-18,1417.0384964643924,1490.587207353548,1407.2320016791718,1485.6839599609375,103268300,ADRO.JK
2024-07-19,1490.5872290826612,1544.522951187626,1490.5872290826612,1520.0067138671875,112245400,ADRO.JK
2024-07-22,1520.006876500049,1583.7491003532768,1520.006876500049,1564.1361083984375,67919400,ADRO.JK
2024-07-23,1564.1359149579423,1588.6521518695088,1534.7164306640625,1534.7164306640625,33527400,ADRO.JK
2024-07-24,1539.6197251762126,1564.135962838254,1529.813230111396,1554.3294677734375,34903800,ADRO.JK
2024-07-25,1549.4261728110023,1569.0391623402556,1529.8131832817492,1534.7164306640625,32062500,ADRO.JK
2024-07-26,1544.523044802108,1564.136035847214,1534.7165492795548,1559.2327880859375,26608400,ADRO.JK
2024-07-29,1559.2327880859375,1578.8457791310436,1554.329540324661,1559.2327880859375,27176600,ADRO.JK
2024-07-30,1569.039159249226,1593.5553961124951,1559.2326645039184,1583.7489013671875,46439400,ADRO.JK
2024-07-31,1593.5554457006988,1603.3619407511646,1569.039208074534,1578.845703125,44870200,ADRO.JK
2024-08-01,1578.8457985276443,1593.5555419921875,1554.3295594200722,1593.5555419921875,36345400,ADRO.JK
2024-08-02,1588.6523128647402,1652.3945352944982,1583.749064985528,1627.8782958984375,72656600,ADRO.JK
2024-08-05,1603.3621020270782,1603.3621020270782,1505.2971416584496,1515.1036376953125,136208200,ADRO.JK
2024-08-06,1549.4262925633843,1569.0392836084905,1510.200310473172,1559.2327880859375,92352300,ADRO.JK
2024-08-07,1573.94240662188,1603.3618908578028,1569.039159249226,1583.7489013671875,52487400,ADRO.JK
2024-08-08,1573.9426043758572,1583.7491003532768,1549.426364432308,1564.1361083984375,33577900,ADRO.JK
2024-08-09,1573.942531369767,1578.8457791310436,1544.523044802108,1559.2327880859375,38362100,ADRO.JK
2024-08-12,1564.1359836908034,1588.6522216796875,1559.2327360930265,1588.6522216796875,55556900,ADRO.JK
2024-08-13,1593.5553961124951,1603.3618908578028,1564.1359118765722,1583.7489013671875,57590400,ADRO.JK
2024-08-14,1583.748950650233,1588.652198175466,1569.039208074534,1578.845703125,32403100,ADRO.JK
2024-08-15,1578.8457525615752,1578.8457525615752,1554.3295141677618,1573.9425048828125,35270300,ADRO.JK
2024-08-16,1583.7490200880095,1618.0717542694836,1583.7490200880095,1608.2652587890625,75452400,ADRO.JK
2024-08-19,1603.362011048852,1618.0717542694836,1588.65226782822,1608.2652587890625,27875100,ADRO.JK
2024-08-20,1608.2651859948396,1613.1684335131165,1588.6521959217316,1603.3619384765625,28237200,ADRO.JK
2024-08-21,1608.2651127540262,1618.0716073439896,1588.6521235740988,1598.4586181640625,40796800,ADRO.JK
2024-08-22,1588.6522391183037,1662.2009538922991,1569.0392485119048,1647.4912109375,113355100,ADRO.JK
2024-08-23,1652.3942864057997,1706.33000495317,1652.3942864057997,1701.4267578125,118011400,ADRO.JK
2024-08-26,1711.2333984375,1716.136645997493,1681.813913077543,1711.2333984375,50557000,ADRO.JK
2024-08-27,1721.0398677479136,1750.4593526666813,1696.523630315607,1725.943115234375,66094200,ADRO.JK
2024-08-28,1740.6529309324096,1745.5561786251772,1716.1366924685728,1730.846435546875,50932800,ADRO.JK
2024-08-29,1735.7496102072976,1760.265847639604,1716.1366202614524,1725.943115234375,63218700,ADRO.JK
2024-08-30,1735.749778490388,1760.2660182995744,1721.0400346048762,1745.5562744140625,95767700,ADRO.JK
2024-09-02,1760.2660138666463,1789.6855015635822,1750.459517967668,1770.072509765625,96348100,ADRO.JK
2024-09-03,1770.072437201606,1779.8789326985675,1745.5561984592014,1765.169189453125,45068100,ADRO.JK
2024-09-04,1735.749778490388,1779.8790101469233,1711.2335386812017,1745.5562744140625,73571700,ADRO.JK
2024-09-05,1745.5562018595951,1750.4594496176278,1696.5237242792691,1740.6529541015625,64913100,ADRO.JK
2024-09-06,1730.8462406565202,1735.7494877971903,1696.52351067183,1701.4267578125,45222100,ADRO.JK
2024-09-09,1701.4269033175142,1716.136645997493,1662.2009228375716,1711.2333984375,82176000,ADRO.JK
2024-09-10,1711.2333984375,1745.55613135745,1686.7171606375357,1711.2333984375,74744100,ADRO.JK
2024-09-11,1711.233372774991,1730.8463627208362,1701.4268778020685,1725.943115234375,81318300,ADRO.JK
2024-09-12,1922.0729758522727,1985.81519188819,1863.2340072037337,1887.750244140625,531570400,ADRO.JK
2024-09-13,1882.8471559945503,1882.8471559945503,1794.5886955573058,1799.491943359375,208787000,ADRO.JK
2024-09-17,1799.4918654421542,1853.427588929521,1750.4593895445478,1843.62109375,136509300,ADRO.JK
2024-09-18,1843.621149935788,1853.427645414169,1784.7821770654966,1789.6854248046875,101840000,ADRO.JK
2024-09-19,1794.5887451171875,1814.201736867102,1755.3627616173585,1794.5887451171875,127737900,ADRO.JK
2024-09-20,1799.4917233681613,1833.814453786628,1784.7819817602472,1809.2982177734373,152237900,ADRO.JK
2024-09-23,1824.0081556165544,1833.814651076858,1809.298412426098,1814.20166015625,70067100,ADRO.JK
2024-09-24,1828.9114494119733,1843.621192972928,1809.298457997368,1833.814697265625,111192200,ADRO.JK
2024-09-25,1843.620948191904,1843.620948191904,1804.3949705708,1809.2982177734373,75405400,ADRO.JK
2024-09-26,1824.0080062624008,1853.427490234375,1814.201511605076,1853.427490234375,76548100,ADRO.JK
2024-09-27,1853.427581396859,1931.8795425141864,1833.8145911175272,1917.1697998046875,121060900,ADRO.JK
2024-09-30,1917.169804931,1926.976300096888,1868.1373291015625,1868.1373291015625,72652500,ADRO.JK
2024-10-01,1877.943771050901,1926.976245490872,1819.1048017229352,1922.072998046875,131208500,ADRO.JK
2024-10-02,1912.266751074976,1912.266751074976,1877.94401451722,1897.5570068359373,51106900,ADRO.JK
2024-10-03,1892.6534675618063,1897.556714887096,1877.9437255859373,1877.9437255859373,28529100,ADRO.JK
2024-10-04,1887.7503194333376,1907.3633097651125,1868.1373291015625,1868.1373291015625,42159000,ADRO.JK
2024-10-07,1907.36328125,1926.9762712885604,1882.8470437017995,1907.36328125,78469800,ADRO.JK
2024-10-08,1912.266607987253,1912.266607987253,1863.234130859375,1863.234130859375,70099000,ADRO.JK
2024-10-09,1873.0406494140625,1882.847144960733,1843.621162774051,1873.0406494140625,49286700,ADRO.JK
2024-10-10,1877.9438971873976,1897.5568882807383,1873.0406494140625,1873.0406494140625,57294900,ADRO.JK
2024-10-11,1897.5570068359373,1907.3635029952964,1887.7505106765784,1897.5570068359373,26344700,ADRO.JK
2024-10-14,1897.5570068359373,1917.1699991546552,1892.6537587562584,1897.5570068359373,43032900,ADRO.JK
2024-10-15,1897.5568353711944,1922.0730735542847,1887.7503400979583,1902.4600830078125,52135200,ADRO.JK
2024-10-16,1912.266481077516,1912.266481077516,1877.9437493658688,1887.750244140625,106113000,ADRO.JK
2024-10-17,1892.653610777244,1917.169849258814,1877.9438676883008,1912.2666015625,41860900,ADRO.JK
2024-10-18,1912.2664581783235,1917.1697055069856,1828.9112535910635,1853.427490234375,89683900,ADRO.JK
2024-10-21,1858.3309365338816,1863.234184387533,1814.20170585102,1833.814697265625,67414900,ADRO.JK
2024-10-22,1833.8146246125168,1848.524367590692,1814.2016339749496,1828.911376953125,54862400,ADRO.JK
2024-10-23,1828.9112065839893,1833.814453786628,1804.3949705708,1809.2982177734373,44721100,ADRO.JK
2024-10-24,1809.298389268958,1819.1048846037493,1799.4918939341671,1804.3951416015625,34075500,ADRO.JK
2024-10-25,1814.201736867102,1819.104984804581,1760.266009554837,1794.5887451171875,77709700,ADRO.JK
2024-10-28,1809.298389268958,1828.9113799385404,1789.685398599376,1804.3951416015625,39595900,ADRO.JK
2024-10-29,1814.2016399793388,1814.2016399793388,1774.97565857438,1779.87890625,20534800,ADRO.JK
2024-10-30,1779.8788569523738,1799.4918471116289,1755.3626192533054,1784.7821044921875,36350000,ADRO.JK
2024-10-31,1784.782080887431,1804.395070787293,1774.9755859375,1774.9755859375,53507800,ADRO.JK
2024-11-01,1774.9757192807965,1877.943923990456,1774.9757192807965,1858.3309326171875,146059200,ADRO.JK
2024-11-04,1882.8470896946565,1931.879565988788,1882.8470896946565,1926.976318359375,141050500,ADRO.JK
2024-11-05,1990.7183596167235,2108.396292204904,1966.2021236608523,1980.911865234375,438639700,ADRO.JK
2024-11-06,1990.71863188708,2015.2348711960333,1951.4926489927525,1966.202392578125,113133700,ADRO.JK
2024-11-07,1956.3957301548548,1961.298977598852,1907.363255714884,1922.072998046875,96971400,ADRO.JK
2024-11-08,1922.0729515135445,1922.0729515135445,1868.1372309353585,1877.9437255859373,90924600,ADRO.JK
2024-11-11,1877.9439279484875,1892.6536715094417,1828.9114494119733,1833.814697265625,99455600,ADRO.JK
2024-11-12,1863.234153867392,1912.2666316007444,1858.330906094057,1873.0406494140625,85754000,ADRO.JK
2024-11-13,1936.7827403788665,1966.2022250428488,1897.556760826889,1922.072998046875,144865000,ADRO.JK
2024-11-14,1931.879446164124,1936.7826934894133,1877.9437255859373,1877.9437255859373,84790900,ADRO.JK
2024-11-15,1877.943771050901,1931.8794929348687,1858.3307812749124,1922.072998046875,83361300,ADRO.JK
2024-11-18,1922.0731102195944,1922.0731102195944,1799.491916965794,1814.20166015625,256319600,ADRO.JK
2024-11-19,1824.0081059951988,1863.234086769289,1799.4918680113924,1819.1048583984373,107023300,ADRO.JK
2024-11-20,1819.1047121787133,1838.7177009892653,1794.5884761655234,1809.2982177734373,80247300,ADRO.JK
2024-11-21,1814.2016369363537,1819.1048846037493,1794.5886462667715,1804.3951416015625,80544200,ADRO.JK
2024-11-22,1804.3951614583327,1838.7178955078125,1784.7821705729166,1838.7178955078125,154094300,ADRO.JK
2024-11-25,1843.62128802636,1868.1375285586248,1828.911543707,1848.5245361328125,192437100,ADRO.JK
2024-11-26,1853.427669182136,1873.040660390412,1799.491943359375,1799.491943359375,283961800,ADRO.JK
2024-11-28,2148.349609375,2148.349609375,2148.349609375,2148.349609375,20071600,ADRO.JK
2024-11-29,1611.2621454092173,1720.2363967895508,1611.2621454092173,1619.0460205078125,1047877300,ADRO.JK
2024-12-02,1626.829938616071,1852.5623224431813,1626.829938616071,1798.0751953125,517878000,ADRO.JK
2024-12-03,1813.643002267612,1891.4817577297408,1774.7236245365466,1836.99462890625,258567000,ADRO.JK
2024-12-04,1844.778504452463,1852.562379998676,1790.2913756289724,1836.99462890625,135756100,ADRO.JK
2024-12-05,1860.3462576580864,1883.6978843232505,1790.2913776625935,1821.4268798828125,179016300,ADRO.JK
2024-12-06,1821.4266357421875,1821.4266357421875,1782.5072631835938,1790.2911376953125,152806600,ADRO.JK
2024-12-09,1798.0754330763175,2101.6466100892026,1798.0754330763175,2086.078857421875,509279500,ADRO.JK
2024-12-10,2101.646419986264,2241.756181318681,2039.3754149496333,2124.998046875,360677800,ADRO.JK
2024-12-11,2124.9979332233297,2156.133434076419,2031.5914306640625,2031.5914306640625,159744000,ADRO.JK
2024-12-12,2031.5914364539587,2070.510812631237,1953.752684099401,1969.3204345703125,120595500,ADRO.JK
2024-12-13,1984.8881211391715,2047.159121018048,1977.104246154312,2008.23974609375,110671800,ADRO.JK
2024-12-16,2008.2396240234373,2070.5106201171875,1930.40087890625,2023.807373046875,137736700,ADRO.JK
2024-12-17,2062.7269389239914,2070.510814165214,1953.752685546875,1953.752685546875,94626300,ADRO.JK
2024-12-18,2016.0238037109373,2047.159306470952,1977.10442526092,2016.0238037109373,91709300,ADRO.JK
2024-12-19,2000.4558730238064,2008.239748016117,1961.5364980622537,1977.104248046875,57029200,ADRO.JK
2024-12-20,1977.1041867723648,2008.2396857766544,1953.7525625191483,1984.8880615234373,65183500,ADRO.JK
2024-12-23,2008.239748016117,2016.023623008428,1961.5364980622537,1977.104248046875,49626700,ADRO.JK
2024-12-24,1977.104311270543,2031.591437959101,1953.752685546875,1953.752685546875,70990000,ADRO.JK
2024-12-27,1969.320373054564,1977.1042480468748,1938.184873085322,1977.104248046875,64253200,ADRO.JK
2024-12-30,1982.369092399692,2006.742482880016,1957.9957019193675,1974.24462890625,75087400,ADRO.JK
2025-01-02,1982.3690865859685,2063.6137212821145,1974.2446231163533,2055.4892578125,64116400,ADRO.JK
2025-01-03,2055.489161545668,2096.1114769912347,1990.4934568327617,1998.617919921875,76328900,ADRO.JK
2025-01-06,2006.7423593216583,2014.866822314864,1933.6221923828125,1933.6221923828125,49081900,ADRO.JK
2025-01-07,1933.6223796890813,2014.867017491144,1884.875597007844,2006.7425537109373,67782800,ADRO.JK
2025-01-08,2006.7424596150715,2047.364776611328,1949.8712158203125,1949.8712158203125,61062900,ADRO.JK
2025-01-09,1966.120095277444,1974.2445584810696,1901.1243896484373,1901.1243896484373,45892800,ADRO.JK
2025-01-10,1917.3733415274785,1941.7467314621497,1884.87548828125,1884.87548828125,62624200,ADRO.JK
2025-01-13,1892.999974547041,1941.74675500748,1868.626584316822,1909.2489013671875,74767000,ADRO.JK
2025-01-14,1933.6222172106727,1966.120069600768,1917.373291015625,1917.373291015625,60111900,ADRO.JK
2025-01-15,1933.6222890218096,1974.2446060180664,1917.3733622233071,1949.8712158203125,64611600,ADRO.JK
2025-01-16,1966.1200685619813,2006.7423840281376,1949.8711423755187,1957.99560546875,64925500,ADRO.JK
2025-01-17,1966.120142618815,1974.2446060180664,1917.3733622233071,1949.8712158203125,42754800,ADRO.JK
2025-01-20,1949.871218417553,1966.1201452376995,1909.2489013671875,1909.2489013671875,45514100,ADRO.JK
2025-01-21,1917.3732920725108,1925.4977551745128,1876.7509765625,1876.7509765625,48624800,ADRO.JK
2025-01-22,1892.999951592807,1909.2488782159207,1884.87548828125,1884.87548828125,38370100,ADRO.JK
2025-01-23,1892.999926444812,1941.7467056665664,1876.75100003756,1901.1243896484373,89773300,ADRO.JK
2025-01-24,1901.124192212976,1917.3731169327448,1852.3774180536689,1868.6263427734373,49262300,ADRO.JK
2025-01-30,1876.750805133322,1884.8752674932064,1828.004030974015,1868.6263427734373,69364100,ADRO.JK
2025-01-31,1876.7510729613728,1901.1244635193127,1860.5021459227469,1893.0,28461600,ADRO.JK
2025-02-03,1884.875439664502,1892.999902766504,1836.1286610524887,1876.7509765625,41039600,ADRO.JK
2025-02-04,1876.7510729613728,1925.497854077253,1860.5021459227469,1893.0,40429000,ADRO.JK
2025-02-05,1941.7466803081968,1941.7466803081968,1884.8754386255296,1917.373291015625,44623600,ADRO.JK
2025-02-06,1917.373317668532,1925.4977808789915,1836.128685563933,1860.5020751953125,25004000,ADRO.JK
2025-02-07,1860.5021004697824,1860.5021004697824,1811.75532054481,1844.253173828125,31794100,ADRO.JK
2025-02-10,1844.2531263256503,1844.2531263256503,1787.381884544683,1795.50634765625,40513300,ADRO.JK
2025-02-11,1795.5062988281252,1803.63076171875,1722.3861328125,1746.759521484375,55581600,ADRO.JK
2025-02-12,1746.7595917837962,1836.1286871773857,1738.635128566197,1819.8797607421875,51489500,ADRO.JK
2025-02-13,1819.8797369909505,1828.004200102517,1779.2574214331164,1795.50634765625,25864900,ADRO.JK
2025-02-14,1803.6308343069893,1819.8797607421875,1787.381907871791,1819.8797607421875,25653500,ADRO.JK
2025-02-17,1819.8798314144733,1868.626612613076,1795.5064408151727,1852.377685546875,26585800,ADRO.JK
2025-02-18,1852.377711473313,1868.6266387669384,1828.0043205328743,1836.1287841796875,31548300,ADRO.JK
2025-02-19,1844.2530761718751,1860.502001953125,1795.5062988281252,1828.004150390625,30930100,ADRO.JK
2025-02-20,1828.004150390625,1828.004150390625,1779.257373046875,1787.3818359375,51774500,ADRO.JK
2025-02-21,1787.3819837657684,1819.8798380160551,1771.133056640625,1771.133056640625,34827700,ADRO.JK
2025-02-24,1771.133104576912,1803.630959706764,1746.7597132295234,1779.257568359375,25614100,ADRO.JK
2025-02-25,1771.13291015625,1779.257373046875,1689.88828125,1706.13720703125,42874400,ADRO.JK
2025-02-26,1714.2618408203125,1746.7596956225932,1689.8884497186018,1714.2618408203125,34974000,ADRO.JK
2025-02-27,1730.5105705814085,1746.759496126774,1665.514868399947,1681.7637939453125,42563900,ADRO.JK
2025-02-28,1681.7637939453125,1706.1371822633605,1633.0170173092165,1681.7637939453125,67351500,ADRO.JK
2025-03-03,1706.137332078887,1714.261795564977,1633.0171607040777,1665.5150146484375,71978900,ADRO.JK
2025-03-04,1657.3906122177684,1673.6395397885308,1523.3369597589783,1551.7725830078125,136834400,ADRO.JK
2025-03-05,1551.7724121093752,1580.2080322265626,1515.2123291015623,1543.64794921875,143028000,ADRO.JK
2025-03-06,1592.394843273628,1681.7639416206173,1592.394843273628,1665.5150146484375,144894100,ADRO.JK
2025-03-07,1665.5150177001951,1673.6394812011715,1616.768236694336,1624.8927001953125,69663600,ADRO.JK
2025-03-10,1649.2659150365128,1665.5148403078083,1543.647900773091,1555.8345947265625,94510000,ADRO.JK
2025-03-11,1551.7725381387247,1551.7725381387247,1482.7145979597765,1503.0257568359375,98574500,ADRO.JK
2025-03-12,1503.0257568359375,1511.150220386402,1470.5279026340793,1503.0257568359375,69711900,ADRO.JK
2025-03-13,1503.0257074187332,1523.3368656270943,1478.6523175686998,1515.21240234375,70322500,ADRO.JK
2025-03-14,1507.0877911478117,1511.1500223907976,1462.4032474749654,1470.5277099609375,61848900,ADRO.JK
2025-03-17,1470.5278562435435,1482.7145511847882,1433.967771419809,1474.590087890625,65129900,ADRO.JK
2025-03-18,1474.589989962352,1478.6522213396588,1364.9097427750696,1458.341064453125,92897100,ADRO.JK
2025-03-19,1454.2789788140192,1470.527905951606,1425.8433563232422,1462.4034423828125,58040000,ADRO.JK
2025-03-20,1470.527905951606,1511.1502237955729,1450.2167470296224,1462.4034423828125,76898500,ADRO.JK
2025-03-21,1462.4034423828125,1466.4656741672093,1417.718892754449,1462.4034423828125,72314800,ADRO.JK
2025-03-24,1454.278857421875,1454.278857421875,1381.15869140625,1421.781005859375,64307500,ADRO.JK
2025-03-25,1401.4699451697932,1417.7188720703125,1389.2832499944036,1417.7188720703125,42868900,ADRO.JK
2025-03-26,1425.8433071634045,1503.0257084058678,1421.7810755190642,1494.9012451171875,58511800,ADRO.JK
2025-03-27,1494.9011475271002,1498.96337890625,1466.4655278730522,1498.96337890625,40781500,ADRO.JK
2025-04-08,1401.46982303144,1401.46982303144,1299.914038753799,1336.47412109375,141027600,ADRO.JK
2025-04-09,1332.4120353929925,1377.0965853604405,1303.9764126864347,1340.5364990234375,86056100,ADRO.JK
2025-04-10,1405.5322043026194,1417.718899715648,1377.0965816722196,1381.1588134765625,83847100,ADRO.JK
2025-04-11,1377.0964117022368,1401.4697995199754,1352.723023884498,1393.3453369140625,50787600,ADRO.JK
2025-04-14,1397.407688562323,1450.2167000486895,1393.3454569095256,1433.9677734375,67488800,ADRO.JK
2025-04-15,1442.092283460829,1486.776833089193,1429.905588107639,1462.4034423828125,76449300,ADRO.JK
2025-04-16,1470.527905951606,1498.9635284423828,1450.2167470296224,1462.4034423828125,93203900,ADRO.JK
2025-04-17,1462.4034423828125,1470.527905951606,1438.0300516764323,1462.4034423828125,57545300,ADRO.JK
2025-04-21,1462.4034663911011,1478.6523937954466,1458.3412345400147,1466.4656982421875,34104500,ADRO.JK
2025-04-22,1470.527806708153,1547.71020540278,1458.3411121774227,1527.3990478515625,121770200,ADRO.JK
2025-04-23,1547.7103063634925,1559.8970016891892,1494.901293285473,1503.0257568359375,71378400,ADRO.JK
2025-04-24,1511.15021875,1551.7725364583334,1503.0257552083333,1523.3369140625,75456400,ADRO.JK
2025-04-25,1527.3990478515625,1539.5857423822931,1519.2745848310756,1527.3990478515625,52602900,ADRO.JK
2025-04-28,1535.523486328125,1568.021337890625,1523.3367919921875,1543.64794921875,58310900,ADRO.JK
2025-04-29,1547.7101806640626,1555.8346435546875,1539.5857177734376,1543.64794921875,39242200,ADRO.JK
2025-04-30,1543.64794921875,1563.9591064453125,1527.3990234375,1543.64794921875,64060100,ADRO.JK
2025-05-02,1523.336961984002,1539.585889578498,1515.212498186754,1531.46142578125,43142000,ADRO.JK
2025-05-05,1531.4613043672296,1539.5857675203713,1503.0256833312333,1511.150146484375,58190500,ADRO.JK
2025-05-06,1519.2746822916667,1535.523609375,1515.2124505208333,1523.3369140625,53213500,ADRO.JK
2025-05-07,1531.461254882813,1580.2080322265626,1531.461254882813,1543.64794921875,69971800,ADRO.JK
2025-05-08,1543.6480471326684,1559.896973944591,1519.274656914784,1539.5858154296875,61170800,ADRO.JK
2025-05-09,1539.5857427139488,1539.5857427139488,1507.087890625,1507.087890625,35964800,ADRO.JK
2025-05-14,1511.1500502304991,1563.9590573622102,1511.1500502304991,1555.8345947265625,131459600,ADRO.JK
2025-05-15,1539.5856694552667,1563.9590573622102,1535.5234381374428,1555.8345947265625,72559600,ADRO.JK
2025-05-16,1580.2080322265626,1787.3818359375,1559.896875,1746.759521484375,287980400,ADRO.JK
2025-05-19,1763.0085386078931,1949.8711947737067,1754.8840752963365,1884.87548828125,345031600,ADRO.JK
2025-05-20,1909.2488312181845,1974.2445361107184,1795.50634765625,1795.50634765625,310118200,ADRO.JK
2025-05-21,1828.0042012532551,1836.1286643699364,1746.7595700864438,1754.884033203125,167691200,ADRO.JK
2025-05-22,1754.8839843750002,1771.13291015625,1730.510595703125,1746.759521484375,104428800,ADRO.JK
2025-05-23,1714.2616699218752,1722.3861328125,1698.012744140625,1706.13720703125,73673300,ADRO.JK
2025-05-26,1730.510670347077,1754.8840600702752,1681.7638909006805,1698.0128173828125,104197400,ADRO.JK
2025-05-27,1730.5106638279544,1868.6265384057724,1706.137274196575,1860.5020751953125,276927900,ADRO.JK
2025-05-28,1876.7509277343752,1917.3732421875,1771.13291015625,1787.3818359375,351823900,ADRO.JK
2025-06-02,1787.3819872359154,1795.5064508142605,1714.26181503081,1730.5107421875,137729200,ADRO.JK
2025-06-03,1746.759521484375,1763.0084472656251,1698.012744140625,1706.13720703125,102070000,ADRO.JK
2025-06-04,1714.2616699218752,1763.0084472656251,1706.13720703125,1706.13720703125,105923900,ADRO.JK
2025-06-05,1722.38623046875,1738.6351571712855,1698.012840414947,1722.38623046875,70318400,ADRO.JK
2025-06-10,1722.3863045208827,1738.6352319220232,1689.8884497186018,1714.2618408203125,112227000,ADRO.JK
2025-06-11,1730.5106938200177,1738.6351571712855,1706.1373037662147,1722.38623046875,83175100,ADRO.JK
2025-06-12,1722.38623046875,1746.7596205225532,1706.1373037662147,1722.38623046875,117397600,ADRO.JK
2025-06-13,1728.2852247807016,1790.0096970942982,1719.4674430216164,1759.1474609375,131136900,ADRO.JK
2025-06-16,1759.147505493164,1807.6453063964843,1750.3297235107425,1763.556396484375,77289400,ADRO.JK
2025-06-17,1790.0097424316407,1790.0097424316407,1754.7386145019532,1763.556396484375,35731200,ADRO.JK
2025-06-18,1763.5564296089824,1772.3742117570275,1741.5119742388702,1754.7386474609375,69269600,ADRO.JK
2025-06-19,1754.7385545606735,1754.7385545606735,1693.0140827922078,1697.4229736328125,72922200,ADRO.JK
2025-06-20,1697.4230038222447,1706.2407856602824,1631.2896400369625,1640.107421875,182119700,ADRO.JK
2025-06-23,1631.2895914713542,1631.2895914713542,1578.382902018229,1587.20068359375,86737300,ADRO.JK
2025-06-24,1596.0185990767047,1626.8808371803975,1596.0185990767047,1600.427490234375,62766700,ADRO.JK
2025-06-25,1622.4719231442575,1622.4719231442575,1556.3385567117473,1573.97412109375,66293600,ADRO.JK
2025-06-26,1578.3829345703125,1591.6096072063765,1569.5651528129365,1578.3829345703125,48210100,ADRO.JK
2025-06-30,1596.0184893165128,1622.471834443306,1587.200707607582,1613.654052734375,51581800,ADRO.JK
2025-07-01,1626.8807252977715,1640.107397861168,1600.4273801709785,1613.654052734375,38347300,ADRO.JK
2025-07-02,1613.6540492957745,1618.062940140845,1565.15625,1565.15625,54356500,ADRO.JK
2025-07-03,1573.9741432883525,1582.7919256036932,1534.2941228693182,1551.9296875,71567900,ADRO.JK
2025-07-04,1551.9296429843305,1556.338534015536,1525.4762967970976,1547.520751953125,43978000,ADRO.JK
2025-07-07,1551.9296313757184,1551.9296313757184,1525.4762853863597,1534.2940673828125,32279600,ADRO.JK
2025-07-08,1534.2941118038143,1578.383023062545,1534.2941118038143,1538.7030029296875,58165700,ADRO.JK
2025-07-09,1538.702958381039,1547.520740377492,1525.4762853863597,1534.2940673828125,49878100,ADRO.JK
2025-07-10,1538.702877210534,1626.8806925234587,1538.702877210534,1622.4718017578125,76250900,ADRO.JK
2025-07-11,1631.2896075733206,1688.6051883799507,1622.471825910762,1648.9251708984375,96067200,ADRO.JK
2025-07-14,1653.33414992241,1657.7430409888698,1600.427457124893,1609.2452392578125,53413000,ADRO.JK
2025-07-15,1609.245272549716,1613.6541637073865,1587.2008167613635,1600.427490234375,35314100,ADRO.JK
2025-07-16,1604.8362386952276,1648.9251463516898,1604.8362386952276,1622.4718017578125,46377600,ADRO.JK
2025-07-17,1631.289616152237,1635.6985070067026,1609.2451618799091,1613.654052734375,42886200,ADRO.JK
2025-07-18,1613.6540973050069,1640.107443162466,1613.6540973050069,1618.06298828125,32812200,ADRO.JK
2025-07-21,1644.516412790637,1670.9697599132749,1626.8808480422124,1662.1519775390625,52151800,ADRO.JK
2025-07-22,1666.5607295145514,1807.6452357168416,1666.5607295145514,1732.694091796875,270044800,ADRO.JK
2025-07-23,1772.3742343411586,1807.645363382774,1737.1031052995436,1781.1920166015625,147267400,ADRO.JK
2025-07-24,1790.009764388845,1798.8275464794303,1732.6941808000397,1741.511962890625,64712300,ADRO.JK
2025-07-25,1750.3296975715975,1759.1474794233436,1684.196333683502,1688.605224609375,66713900,ADRO.JK
2025-07-28,1697.4229736328125,1728.2852095170454,1693.0140827922078,1697.4229736328125,43988100,ADRO.JK
2025-07-29,1701.8319422403972,1715.058615366618,1684.1963780721028,1693.01416015625,38448400,ADRO.JK
2025-07-30,1701.8318854081003,1710.6496671977795,1666.5607582493833,1675.3785400390625,45115800,ADRO.JK
2025-07-31,1675.3785829286317,1684.1963649440456,1631.2896728515625,1631.2896728515625,74705000,ADRO.JK
2025-08-01,1635.6985753445458,1653.334139499204,1635.6985753445458,1644.516357421875,25653000,ADRO.JK
2025-08-04,1644.5163037751852,1693.0141036184211,1613.6540675113076,1675.3785400390625,52741400,ADRO.JK
2025-08-05,1675.3785946925268,1679.7874857311913,1640.1074663832103,1644.516357421875,40393200,ADRO.JK
2025-08-06,1644.5163127940189,1657.7429855510754,1640.107421875,1640.107421875,33705900,ADRO.JK
2025-08-07,1644.5162800671585,1666.5607342235544,1644.5162800671585,1648.9251708984375,23892300,ADRO.JK
2025-08-08,1631.2896251145687,1631.2896251145687,1573.9740436916245,1578.3829345703125,161970100,ADRO.JK
2025-08-11,1587.2007726174031,1613.6541188276933,1578.3829905473065,1596.0185546875,68257400,ADRO.JK
2025-08-12,1596.018512684812,1648.9252037130375,1596.018512684812,1640.107421875,63852100,ADRO.JK
2025-08-13,1670.9696338424264,1670.9696338424264,1613.654052734375,1613.654052734375,72682400,ADRO.JK
2025-08-14,1613.65402022652,1644.5162555860436,1613.65402022652,1622.4718017578125,29782700,ADRO.JK
2025-08-15,1622.47190089779,1631.2896829678866,1596.0185546875,1596.0185546875,45821800,ADRO.JK
2025-08-19,1596.018465169271,1600.4273559570313,1578.382902018229,1587.20068359375,79046600,ADRO.JK
2025-08-20,1587.2007726174031,1600.4274457225483,1587.2007726174031,1596.0185546875,39415400,ADRO.JK
2025-08-21,1596.018655498376,1613.6542207525015,1569.5653076171875,1569.5653076171875,81542300,ADRO.JK
2025-08-22,1578.3829225352113,1587.200704225352,1565.15625,1565.15625,55696800,ADRO.JK
2025-08-25,1569.5651953686242,1582.7918683633038,1534.2940673828125,1534.2940673828125,126177800,ADRO.JK
2025-08-26,1534.2940227057818,1569.5651496645353,1512.2495683565608,1529.8851318359375,957667000,ADRO.JK
2025-08-27,1569.5651645818907,1644.5163100815878,1556.33849184665,1591.609619140625,320062900,ADRO.JK
2025-08-28,1618.063020350569,1618.063020350569,1560.7474365234375,1560.7474365234375,104126600,ADRO.JK
2025-08-29,1543.1118609219195,1565.156316077947,1516.6585147346866,1547.520751953125,165863700,ADRO.JK
2025-09-01,1503.4318957661474,1529.8852429057276,1472.569657436637,1516.6585693359375,94527700,ADRO.JK
2025-09-02,1525.4763517157976,1538.7030252855875,1516.6585693359375,1516.6585693359375,58106300,ADRO.JK
2025-09-03,1521.067427265851,1560.7474471075686,1516.6585361723266,1525.476318359375,80794900,ADRO.JK
2025-09-04,1529.8852317116475,1604.8363813920455,1529.8852317116475,1551.9296875,167436900,ADRO.JK
2025-09-08,1556.338590045308,1569.565263615098,1516.6585693359375,1516.6585693359375,123216100,ADRO.JK
2025-09-09,1516.658501599592,1534.2940655716802,1485.7962646484375,1485.7962646484375,82607000,ADRO.JK
2025-09-10,1490.2051556414597,1512.24961060657,1485.7962646484375,1485.7962646484375,59001100,ADRO.JK
2025-09-11,1499.0228925432475,1507.8406742640902,1481.3873291015625,1481.3873291015625,53602600,ADRO.JK
2025-09-12,1485.7962529530782,1494.6140348697136,1472.569580078125,1472.569580078125,77099600,ADRO.JK
2025-09-15,1476.978438241141,1490.205110822405,1476.978438241141,1481.3873291015625,59001400,ADRO.JK
2025-09-16,1485.7963201349432,1499.0229936079547,1450.5251908735795,1454.93408203125,133878100,ADRO.JK
2025-09-17,1459.342830646572,1481.3872842817163,1454.9339399195428,1476.9783935546875,76718400,ADRO.JK
2025-09-18,1481.3873380335367,1485.7962289205414,1446.1162109375,1446.1162109375,88086100,ADRO.JK
2025-09-19,1450.5252018375795,1468.1607666015625,1437.2985282645927,1468.1607666015625,89103600,ADRO.JK
2025-09-22,1468.160722112081,1481.387395284262,1450.5251578825066,1463.7518310546875,68080400,ADRO.JK
2025-09-23,1468.1607555042615,1556.3385786576705,1454.93408203125,1551.9296875,265965400,ADRO.JK
2025-09-24,1565.156338201093,1578.3830114816656,1521.067427265851,1525.476318359375,146696300,ADRO.JK
2025-09-25,1529.8851647418478,1547.5207286005436,1507.8407099184783,1521.0673828125,75319600,ADRO.JK
2025-09-26,1499.02294921875,1516.658513327206,1490.2051671645222,1499.02294921875,58983800,ADRO.JK
2025-09-29,1499.0229279891305,1529.8851647418478,1494.6140370244566,1521.0673828125,60551100,ADRO.JK
2025-09-30,1525.4763291940185,1534.2941114436946,1490.2052001953125,1490.2052001953125,75864300,ADRO.JK
2025-10-01,1499.0229258280317,1503.4318167863491,1468.160689119807,1472.569580078125,55169300,ADRO.JK
2025-10-02,1476.978471036443,1503.4318167863491,1472.569580078125,1472.569580078125,49443100,ADRO.JK
2025-10-03,1468.160722112081,1481.387395284262,1454.9340489399,1463.7518310546875,53013900,ADRO.JK
2025-10-06,1468.1608001616785,1490.2052566205623,1454.934126286348,1459.343017578125,65166500,ADRO.JK
2025-10-07,1468.1607555042615,1468.1607555042615,1441.7074085582387,1454.93408203125,91088500,ADRO.JK
2025-10-08,1454.9340325432854,1631.2896728515625,1432.8895775047508,1631.2896728515625,324208100,ADRO.JK
2025-10-09,1644.5163778845283,1657.7430511651012,1503.431862891754,1525.476318359375,486714100,ADRO.JK
2025-10-10,1529.885264718192,1573.974177246094,1516.6585909598214,1543.1119384765625,149046300,ADRO.JK
2025-10-13,1521.0673828125,1565.1562924592392,1490.2051460597827,1521.0673828125,115736300,ADRO.JK
2025-10-14,1525.4762166937776,1560.7473430913217,1485.7961994965406,1503.4317626953125,142590700,ADRO.JK
2025-10-15,1503.431783403669,1512.2495651245115,1459.3428747994558,1481.3873291015625,84255400,ADRO.JK
2025-10-16,1490.2050657357745,1494.6139564628031,1472.5695028276589,1476.9783935546875,43126000,ADRO.JK
2025-10-17,1476.9785378196025,1490.2052112926135,1454.93408203125,1454.93408203125,79119300,ADRO.JK
2025-10-20,1454.93399560979,1503.4317954634496,1454.93399560979,1494.614013671875,71982100,ADRO.JK
2025-10-21,1494.6140190821936,1618.0629646111065,1494.6140190821936,1591.609619140625,283345400,ADRO.JK
2025-10-22,1596.0184859154929,1604.8362676056338,1547.5206866197182,1565.15625,120500800,ADRO.JK
2025-10-23,1569.5651528129365,1587.2007163276885,1547.5206984194965,1578.3829345703125,61586100,ADRO.JK
2025-10-24,1578.3830344460227,1596.0185990767047,1547.5207963423295,1551.9296875,71132100,ADRO.JK
2025-10-27,1551.929665616247,1600.4274676667542,1529.885210138743,1573.97412109375,126426000,ADRO.JK
2025-10-28,1582.7919032847517,1591.609685475753,1565.1563389027488,1573.97412109375,74745100,ADRO.JK
2025-10-29,1573.973999969719,1715.0585041686854,1565.1562184572836,1706.24072265625,465423400,ADRO.JK
2025-10-30,1723.8764426491475,1772.3742453835227,1688.6053133877842,1745.9208984375,365299800,ADRO.JK
2025-10-31,1745.9209100940816,1750.3298012811877,1644.516412790637,1662.1519775390625,278129200,ADRO.JK
2025-11-03,1670.9697595969917,1750.3298009498833,1670.9697595969917,1710.6497802734375,167263300,ADRO.JK
2025-11-04,1710.6497126701936,1723.8763857063034,1662.1519115377912,1679.7874755859375,97432000,ADRO.JK
2025-11-05,1657.7430090525793,1675.3785729786705,1631.2896631634424,1666.560791015625,109993300,ADRO.JK
2025-11-06,1666.5608139038086,1719.4675064086914,1666.5608139038086,1693.01416015625,140062300,ADRO.JK
2025-11-07,1697.4230298039847,1728.2852667095117,1679.7874658579692,1715.05859375,104734700,ADRO.JK
2025-11-10,1732.6941693364358,1745.9208423848056,1706.2408232396965,1728.2852783203125,118023700,ADRO.JK
2025-11-11,1728.2853114983975,1741.5119848006811,1697.4230737930689,1719.467529296875,130750300,ADRO.JK
2025-11-12,1719.4674193404103,1745.9207642533397,1701.831856065124,1732.694091796875,96844300,ADRO.JK
2025-11-13,1732.694145874656,1737.10303683108,1701.8319091796875,1701.8319091796875,89248300,ADRO.JK
2025-11-14,1693.014170545213,1697.423061614341,1657.7430419921875,1657.7430419921875,110646200,ADRO.JK
2025-11-17,1657.7430643610928,1684.1964111328125,1640.107499846613,1684.1964111328125,104434200,ADRO.JK
2025-11-18,1684.1963884069564,1693.014170545213,1631.2896955774183,1657.7430419921875,98428200,ADRO.JK
2025-11-19,1666.5608139038086,1701.8319422403972,1657.7430318196614,1693.01416015625,74350800,ADRO.JK
2025-11-20,1701.8319306461206,1710.6497126701936,1675.378584573901,1679.7874755859375,52140900,ADRO.JK
2025-11-21,1675.378515886113,1675.378515886113,1644.5162800671585,1648.9251708984375,60223900,ADRO.JK
2025-11-24,1662.1520110677084,1662.1520110677084,1631.2897721354166,1653.334228515625,88910200,ADRO.JK
2025-11-25,1657.7430640372306,1657.7430640372306,1631.289717270679,1635.6986083984375,53971700,ADRO.JK
2025-11-26,1653.3342066819105,1653.3342066819105,1609.2452945037262,1626.880859375,64919800,ADRO.JK
2025-11-27,1631.2896829678866,1631.2896829678866,1596.0185546875,1596.0185546875,70755600,ADRO.JK
2025-11-28,1596.0185546875,1604.8363367575969,1587.2007726174031,1596.0185546875,48940700,ADRO.JK
2025-12-01,1600.4274127666763,1618.06297654372,1600.4274127666763,1604.8363037109375,44059900,ADRO.JK
2025-12-02,1609.2451294608738,1640.1073648203974,1609.2451294608738,1622.4718017578125,52388300,ADRO.JK
2025-12-03,1622.4718908361483,1635.6985638592694,1618.0629998284417,1631.2896728515625,24998900,ADRO.JK
2025-12-04,1631.2896829678866,1635.698574002935,1591.6096636524517,1596.0185546875,46528500,ADRO.JK
2025-12-05,1596.0185990767047,1600.427490234375,1587.2008167613635,1600.427490234375,42791600,ADRO.JK
2025-12-08,1622.4718493009868,1679.7874309339022,1618.0629584061471,1675.3785400390625,173167600,ADRO.JK
2025-12-09,1679.7874619486547,1679.7874619486547,1613.6540973050069,1618.06298828125,104418300,ADRO.JK
2025-12-10,1622.471834443306,1644.5162887156334,1613.654052734375,1613.654052734375,51947100,ADRO.JK
2025-12-11,1622.4720033795645,1644.5164599472218,1556.3386336765932,1569.5653076171875,115890200,ADRO.JK
2025-12-12,1569.5653076171875,1587.200872871313,1556.3386336765932,1569.5653076171875,56176000,ADRO.JK
2025-12-15,1573.9741107261343,1626.8808035236516,1565.156328593215,1609.2452392578125,77447900,ADRO.JK
2025-12-16,1609.2451827876123,1613.6540736993595,1587.2007282288782,1591.609619140625,45008700,ADRO.JK
2025-12-17,1604.8363813920455,1626.8808371803975,1591.6097079190342,1600.427490234375,55292900,ADRO.JK
2025-12-18,1675.3785400390625,1706.24077630294,1657.742976459704,1675.3785400390625,264349900,ADRO.JK
2025-12-19,1675.3785400390625,1693.0141036184211,1675.3785400390625,1675.3785400390625,130050500,ADRO.JK
2025-12-22,1684.1963998598285,1688.605290958938,1662.151944364281,1670.9697265625,102188900,ADRO.JK
2025-12-23,1670.9696935618645,1684.1963665979742,1662.1519115377912,1679.7874755859375,58690600,ADRO.JK
2025-12-24,1679.7874639601937,1684.1963549417162,1666.560791015625,1666.560791015625,83361000,ADRO.JK
2025-12-29,1688.6052478309769,1732.6941576960155,1684.196356844473,1715.05859375,264307500,ADRO.JK
2025-12-30,1753.3073582095994,1753.3073582095994,1719.9564030262643,1724.7208251953125,151401900,ADRO.JK
2026-01-02,1724.7207896473642,1739.0140558599114,1724.7207896473642,1734.2496337890625,58883900,ADRO.JK
2026-01-05,1739.0141064187756,1777.1294840937076,1739.0141064187756,1753.307373046875,78143000,ADRO.JK
2026-01-06,1762.8362497120056,1834.3025841597896,1734.249715932892,1777.1295166015625,183422100,ADRO.JK
2026-01-07,1800.9515963881763,1953.4131071935249,1781.893907537508,1915.2977294921875,295221400,ADRO.JK
2026-01-08,2020.114943330511,2143.9899162705897,1915.29765853506,1934.3553466796875,535722000,ADRO.JK
2026-01-09,1943.884305245536,2020.115062313988,1915.297771344866,2001.057373046875,192138400,ADRO.JK
2026-01-12,2048.701416015625,2105.874478788154,1924.8264466751448,2048.701416015625,382134900,ADRO.JK
2026-01-13,2124.932399699782,2229.7496929585154,2077.2881754912664,2182.10546875,478869800,ADRO.JK
2026-01-14,2191.634286102158,2220.220820268708,2105.8746836025084,2124.932373046875,225784000,ADRO.JK
2026-01-15,2143.9900624912416,2210.6919755465246,2105.8746836025084,2124.932373046875,128582000,ADRO.JK
2026-01-19,2124.932344920075,2143.990034112184,2029.643898959533,2067.75927734375,167472500,ADRO.JK
2026-01-20,2067.7592697143555,2163.047715323312,2058.23042515346,2134.461181640625,141605900,ADRO.JK
2026-01-21,2143.989954585523,2172.57648731333,2077.2880448873066,2153.518798828125,145474200,ADRO.JK
2026-01-22,2163.0475689827126,2286.922539893617,2134.4610372340426,2239.2783203125,374028500,ADRO.JK
2026-01-23,2258.3360748291016,2305.980295817057,2172.576477050781,2286.922607421875,231231800,ADRO.JK
2026-01-26,2305.9803318678087,2315.5091762143697,2248.8072657884413,2277.393798828125,154645200,ADRO.JK
2026-01-27,2286.9227620087336,2296.4516068504367,2105.8747100163755,2182.10546875,218547800,ADRO.JK
2026-01-28,2048.701448052177,2172.5764193297514,1972.470696496748,2105.87451171875,337819000,ADRO.JK
2026-01-29,2105.874719568201,2143.9900991078966,1810.4805281355573,2115.403564453125,294890600,ADRO.JK
2026-01-30,2115.403355663179,2201.162951163037,2058.2302919966064,2105.87451171875,151823900,ADRO.JK
2026-02-02,2143.990019325898,2163.0477083865726,1972.4708177798263,2039.1727294921875,201818000,ADRO.JK
2026-02-03,2039.172572220204,2067.759103606468,1934.355290470567,2048.701416015625,148774000,ADRO.JK
2026-02-04,2058.230397075688,2124.93230809203,2029.64386378297,2077.2880859375,98841300,ADRO.JK
2026-02-05,2077.2881301153275,2115.4035086495537,1991.5285284133183,2001.057373046875,125355100,ADRO.JK
2026-02-06,1953.4131006094128,2020.1150113619287,1934.3554118229792,1981.9996337890625,81490600,ADRO.JK
2026-02-09,2039.1726429540784,2039.1726429540784,2001.057266450264,2029.643798828125,61522200,ADRO.JK
2026-02-10,2039.172743555588,2115.403500324021,2029.643898959533,2067.75927734375,116176800,ADRO.JK
2026-02-11,2067.759340028505,2124.9324093380487,2058.230495143581,2115.403564453125,118910500,ADRO.JK
2026-02-12,2124.9324093380487,2153.518943992821,2086.817029798353,2115.403564453125,81680900,ADRO.JK
2026-02-13,2115.403564453125,2153.518943992821,2096.345874683277,2115.403564453125,83769700,ADRO.JK
2026-02-18,2115.4034570312497,2182.105367838541,2105.874612630208,2143.989990234375,88901300,ADRO.JK
2026-02-19,2153.5188986073367,2229.749656080163,2153.5188986073367,2191.63427734375,129190400,ADRO.JK
2026-02-20,2191.63427734375,2201.163122027853,2153.5188986073367,2191.63427734375,59510000,ADRO.JK
2026-02-23,2191.6342057852908,2210.69189453125,2172.576517039332,2210.69189453125,54782000,ADRO.JK
2026-02-24,2191.634313591703,2220.220848116812,2172.576623908297,2182.10546875,78680000,ADRO.JK
2026-02-25,2191.634269102716,2267.8650262888978,2191.634269102716,2258.336181640625,106763600,ADRO.JK
2026-02-26,2277.393805142107,2286.922649515086,2172.576517039332,2210.69189453125,96580200,ADRO.JK
2026-02-27,2210.6918235844014,2267.8648879874463,2163.047603248531,2229.74951171875,121910200,ADRO.JK
2026-03-02,2229.749507666624,2315.50910411534,2210.6918195669086,2296.451416015625,179344900,ADRO.JK
2026-03-03,2353.62451171875,2410.797576780744,2305.980290833755,2353.62451171875,195392400,ADRO.JK
2026-03-04,2372.682205200196,2372.682205200196,2210.691853841145,2286.922607421875,180604800,ADRO.JK
2026-03-05,2305.9804325810182,2334.566966869213,2258.336208767361,2315.50927734375,96574100,ADRO.JK
2026-03-06,2296.451451619466,2305.980295817057,2248.8072306315103,2286.922607421875,83678800,ADRO.JK
2026-03-09,2239.2783203125,2267.86485206117,2172.5764128989363,2239.2783203125,141143200,ADRO.JK
2026-03-10,2267.864990234375,2277.393834731158,2201.1630787568934,2267.864990234375,66441500,ADRO.JK
2026-03-11,2277.3936959773937,2325.0379155585106,2239.2783203125,2239.2783203125,67206800,ADRO.JK
2026-03-12,2267.865044921875,2391.7400263671875,2258.3362001953124,2382.211181640625,163615600,ADRO.JK
2026-03-13,2382.2110083795365,2410.797540480091,2344.095632245464,2363.1533203125,77948600,ADRO.JK
2026-03-16,2363.153464395492,2372.6823090099897,2277.3938628650103,2325.0380859375,56821000,ADRO.JK
2026-03-17,2325.038050063776,2401.2688058035715,2325.038050063776,2334.56689453125,134662700,ADRO.JK
2026-03-25,2334.5669752925974,2525.1438712348504,2334.5669752925974,2506.086181640625,186568900,ADRO.JK
2026-03-26,2506.086117293484,2572.7880291606107,2410.7976717690167,2458.44189453125,106174500,ADRO.JK
2026-03-27,2467.970636803334,2477.499480960876,2410.797571858084,2420.326416015625,33994400,ADRO.JK
2026-03-30,2429.855220882037,2515.614816913168,2429.855220882037,2496.55712890625,69891200,ADRO.JK
2026-03-31,2496.5572727410367,2506.086117293484,2429.85536087391,2458.44189453125,47009100,ADRO.JK
2026-04-01,2467.970567818148,2467.970567818148,2363.15328501506,2372.68212890625,154944400,ADRO.JK
2026-04-02,2372.6823369140625,2477.49962890625,2363.1534921875,2382.211181640625,117721300,ADRO.JK
2026-04-06,2382.211145651768,2448.913057730017,2353.624611903947,2391.739990234375,65923900,ADRO.JK
2026-04-07,2391.739856514199,2429.855232713628,2286.922571965768,2296.451416015625,83767500,ADRO.JK
2026-04-08,2296.4513807060307,2334.566756319409,2248.807161189308,2305.980224609375,91754200,ADRO.JK
2026-04-09,2305.9802600654825,2344.095636264912,2277.3937279159104,2296.451416015625,48944200,ADRO.JK
2026-04-10,2296.4515520940063,2344.095775166496,2296.4515520940063,2325.0380859375,52669600,ADRO.JK
2026-04-13,2344.095632245464,2363.1533203125,2315.5091001449096,2363.1533203125,68319200,ADRO.JK
2026-04-14,2363.1534279336734,2372.682272401148,2325.038050063776,2334.56689453125,80320700,ADRO.JK
2026-04-15,2353.624576629154,2439.384176587301,2353.624576629154,2401.268798828125,122053300,ADRO.JK
2026-04-16,2410.797679399589,2420.326523982196,2372.682301069161,2391.739990234375,38462300,ADRO.JK
2026-04-17,2401.268898010254,2458.441967010498,2391.74005317688,2439.38427734375,71416400,ADRO.JK
2026-04-20,2439.384140316205,2448.912984614316,2391.739918825655,2410.797607421875,90358300,ADRO.JK
2026-04-21,2420.326560546875,2429.8554052734376,2382.211181640625,2382.211181640625,69061000,ADRO.JK
2026-04-22,2391.7399543883307,2410.797643267919,2391.7399543883307,2401.268798828125,43877700,ADRO.JK
2026-04-23,2420.326523982196,2429.8553685648035,2382.211145651768,2391.739990234375,74040300,ADRO.JK
2026-04-24,2401.2688348169822,2410.797679399589,2372.682301069161,2391.739990234375,72536300,ADRO.JK
2026-04-27,2410.797679399589,2410.797679399589,2382.211145651768,2391.739990234375,66406100,ADRO.JK
2026-04-28,2430.0,2470.0,2400.0,2410.0,71464700,ADRO.JK
2026-04-29,2420.0,2450.0,2420.0,2440.0,21919100,ADRO.JK
2026-04-30,2450.0,2520.0,2410.0,2520.0,79737000,ADRO.JK
2026-05-04,2520.0,2530.0,2470.0,2500.0,36445300,ADRO.JK
2026-05-05,2500.0,2520.0,2470.0,2510.0,36042300,ADRO.JK
2026-05-06,2510.0,2550.0,2500.0,2530.0,61070900,ADRO.JK
2026-05-07,2540.0,2560.0,2500.0,2500.0,90757300,ADRO.JK
2026-05-08,2500.0,2520.0,2470.0,2490.0,101293400,ADRO.JK
2026-05-11,2490.0,2500.0,2380.0,2450.0,110558500,ADRO.JK
2026-05-12,2460.0,2600.0,2460.0,2600.0,117844800,ADRO.JK
2026-05-13,2570.0,2570.0,2500.0,2520.0,39174000,ADRO.JK
2026-05-14,2520.0,2520.0,2520.0,2520.0,0,ADRO.JK
2026-05-15,2520.0,2520.0,2520.0,2520.0,0,ADRO.JK
2026-05-18,2500.0,2510.0,2410.0,2460.0,102220700,ADRO.JK
2026-05-19,2460.0,2470.0,2280.0,2330.0,245652700,ADRO.JK
2026-05-20,2290.0,2320.0,2140.0,2230.0,170511900,ADRO.JK
2026-05-21,2240.0,2270.0,2200.0,2210.0,101292300,ADRO.JK
2026-05-22,2210.0,2350.0,2200.0,2350.0,54234200,ADRO.JK
2026-05-25,2350.0,2350.0,2270.0,2300.0,61072200,ADRO.JK
2026-05-26,2310.0,2330.0,2280.0,2300.0,45735900,ADRO.JK
2026-05-27,2300.0,2300.0,2300.0,2300.0,0,ADRO.JK
2026-05-28,2300.0,2300.0,2300.0,2300.0,0,ADRO.JK
2026-05-29,2300.0,2340.0,2290.0,2300.0,71264700,ADRO.JK
2026-06-02,2310.0,2360.0,2260.0,2280.0,65523900,ADRO.JK
2026-06-03,2280.0,2290.0,2110.0,2180.0,111003900,ADRO.JK
2026-06-04,2180.0,2280.0,2120.0,2270.0,60862500,ADRO.JK
2026-06-05,2290.0,2300.0,2220.0,2240.0,53843800,ADRO.JK
2026-06-08,2220.0,2220.0,2110.0,2170.0,47564900,ADRO.JK
2026-06-09,2170.0,2260.0,2130.0,2250.0,54623300,ADRO.JK
2026-06-10,2250.0,2340.0,2200.0,2300.0,60439400,ADRO.JK
2026-06-11,2300.0,2320.0,2250.0,2250.0,27135700,ADRO.JK
2026-06-12,2270.0,2340.0,2250.0,2280.0,36917900,ADRO.JK
2026-06-15,2300.0,2350.0,2300.0,2320.0,38910900,ADRO.JK
2026-06-17,2320.0,2350.0,2300.0,2330.0,24057000,ADRO.JK
2026-06-18,2330.0,2330.0,2260.0,2260.0,22249000,ADRO.JK
2026-06-19,2260.0,2300.0,2220.0,2220.0,161037200,ADRO.JK
2026-06-22,2220.0,2320.0,2220.0,2290.0,29306300,ADRO.JK
2026-06-23,2290.0,2300.0,2240.0,2290.0,19411800,ADRO.JK
2026-06-24,2290.0,2300.0,2240.0,2250.0,24236200,ADRO.JK
2026-06-25,2250.0,2330.0,2250.0,2290.0,32441400,ADRO.JK
2026-06-26,2300.0,2310.0,2250.0,2250.0,24653800,ADRO.JK
2026-06-29,2250.0,2290.0,2250.0,2280.0,11072900,ADRO.JK
2026-06-30,2280.0,2280.0,2240.0,2260.0,31555300,ADRO.JK
2026-07-01,2280.0,2280.0,2240.0,2260.0,13685600,ADRO.JK
2026-07-02,2260.0,2320.0,2260.0,2280.0,17863000,ADRO.JK
2026-07-03,2280.0,2310.0,2270.0,2300.0,12685900,ADRO.JK
2026-07-06,2300.0,2330.0,2280.0,2300.0,16797600,ADRO.JK
2026-07-07,2290.0,2350.0,2270.0,2350.0,38068900,ADRO.JK
2026-07-08,2350.0,2350.0,2280.0,2300.0,19161800,ADRO.JK
2026-07-09,2300.0,2310.0,2280.0,2290.0,20876100,ADRO.JK
2026-07-10,2310.0,2390.0,2300.0,2390.0,30108900,ADRO.JK
2026-07-13,2390.0,2450.0,2330.0,2450.0,49509600,ADRO.JK
2026-07-14,2450.0,2490.0,2430.0,2480.0,44140800,ADRO.JK
2026-07-15,2480.0,2520.0,2450.0,2480.0,27021100,ADRO.JK
2026-07-16,2480.0,2520.0,2440.0,2510.0,33388600,ADRO.JK
2026-07-17,2510.0,2520.0,2490.0,2490.0,19140100,ADRO.JK
2026-07-20,2500.0,2570.0,2500.0,2570.0,34882400,ADRO.JK
2026-07-21,2570.0,2580.0,2540.0,2540.0,24607700,ADRO.JK
2026-07-22,2550.0,2590.0,2550.0,2580.0,27705800,ADRO.JK
2026-07-23,2580.0,2590.0,2530.0,2540.0,49787900,ADRO.JK
2026-07-24,2530.0,2570.0,2510.0,2540.0,30999300,ADRO.JK
2026-07-27,2540.0,2560.0,2490.0,2520.0,28671100,ADRO.JK
2026-07-28,2520.0,2520.0,2460.0,2460.0,23498700,ADRO.JK
2026-07-29,2450.0,2480.0,2420.0,2440.0,9815700,ADRO.JK
