Date,Open,High,Low,Close,Volume,ticker
2021-05-10,256.01974576018574,260.5113202472066,256.01974576018574,257.5169372558594,27255400,ELSA.JK
2021-05-11,257.51694924490795,257.51694924490795,251.52818298339847,251.52818298339844,37241000,ELSA.JK
2021-05-17,250.03098723054663,254.52256185145467,244.042221069336,244.042221069336,48591800,ELSA.JK
2021-05-18,242.5450327981732,250.030990600586,241.04784123769065,250.030990600586,45836600,ELSA.JK
2021-05-19,251.5281937210648,251.5281937210648,241.0478523160204,242.5450439453125,26882200,ELSA.JK
2021-05-20,242.5450252098373,242.5450252098373,233.56187612799147,236.55625915527344,32241400,ELSA.JK
2021-05-21,236.5563006874741,239.5506842404801,224.5787664754501,226.07595825195312,57164500,ELSA.JK
2021-05-24,227.5731317429316,229.07032339913505,220.0871734619141,220.0871734619141,44230600,ELSA.JK
2021-05-25,221.5843686555561,229.07032705608168,221.5843686555561,227.57313537597656,33118600,ELSA.JK
2021-05-27,227.57313537597656,232.06471041629192,226.07594369587147,227.57313537597656,23037300,ELSA.JK
2021-05-28,227.5731500284561,230.5675335814621,224.5787664754501,226.07595825195312,22978700,ELSA.JK
2021-05-31,227.57313537597656,229.07032705608168,224.5787520157664,227.57313537597656,13615700,ELSA.JK
2021-06-02,227.5731141260065,253.025370311152,227.5731141260065,244.042221069336,176246000,ELSA.JK
2021-06-03,245.53941260963865,250.03098723054663,242.5450295290333,244.042221069336,53635500,ELSA.JK
2021-06-04,245.5394419794497,245.5394419794497,239.5506751019022,241.04786682128903,23138300,ELSA.JK
2021-06-07,242.54504164209905,245.53942487224845,238.053466796875,238.053466796875,26641800,ELSA.JK
2021-06-08,239.55065524193543,241.0478468371976,229.0703140751008,232.064697265625,43260800,ELSA.JK
2021-06-09,233.56190757751463,244.042249584198,232.06471586227417,239.55067443847656,45866900,ELSA.JK
2021-06-10,241.0478500270244,242.54504164209905,236.55627518180032,238.053466796875,26465900,ELSA.JK
2021-06-11,241.04786682128903,247.03663369883665,238.0534833825153,241.04786682128903,44617700,ELSA.JK
2021-06-14,241.04786682128903,245.5394419794497,239.5506751019022,241.04786682128903,37258500,ELSA.JK
2021-06-15,241.0478336961964,244.04221672347828,235.05906764163245,236.55625915527344,29028800,ELSA.JK
2021-06-16,238.0534827232361,241.04786615371705,238.0534827232361,239.55067443847656,25251400,ELSA.JK
2021-06-17,239.5506873497596,241.0478791456956,233.5619201660156,233.5619201660156,28511100,ELSA.JK
2021-06-18,235.0591089109711,235.0591089109711,221.5843829224441,226.07595825195312,59863100,ELSA.JK
2021-06-21,221.5843811035156,226.07595639615445,218.5899975750897,221.5843811035156,30722400,ELSA.JK
2021-06-22,226.07592692057293,229.0703100585937,223.0815437825521,224.5787353515625,40144900,ELSA.JK
2021-06-23,224.5787646319415,227.5731481603674,221.5843811035156,221.5843811035156,31089500,ELSA.JK
2021-06-24,221.584364381555,224.57874768400845,217.09278942787483,218.5899810791016,40002900,ELSA.JK
2021-06-25,218.5899810791016,221.584364381555,217.09278942787483,218.5899810791016,26611100,ELSA.JK
2021-06-28,218.589975700104,221.5843589288725,208.1096343994141,208.1096343994141,53772500,ELSA.JK
2021-06-29,206.61245524088545,209.6068386501736,199.1264967176649,202.12088012695312,54670400,ELSA.JK
2021-06-30,202.12086326197573,205.1152464214124,199.12648010253903,199.12648010253903,29187200,ELSA.JK
2021-07-01,199.12648010253903,203.6180548416941,197.6292885228208,199.12648010253903,54369400,ELSA.JK
2021-07-02,202.12088012695312,205.1152635362413,199.1264967176649,202.12088012695312,64226400,ELSA.JK
2021-07-05,202.12086407106312,205.11524724248628,199.12648089964,200.6236724853516,20010000,ELSA.JK
2021-07-06,202.1208708436339,214.0984039306641,200.62367920775512,214.0984039306641,100176200,ELSA.JK
2021-07-07,215.59559247133544,215.59559247133544,206.6124427850298,208.1096343994141,45308500,ELSA.JK
2021-07-08,209.6068236407112,209.6068236407112,203.61805725097656,203.61805725097656,36843200,ELSA.JK
2021-07-09,203.6180580306227,209.60682444328808,203.6180580306227,205.11524963378903,28456300,ELSA.JK
2021-07-12,209.60682444328808,209.60682444328808,203.6180580306227,205.11524963378903,31604800,ELSA.JK
2021-07-13,205.1152464214124,206.6124380011308,197.6292885228208,199.12648010253903,41333500,ELSA.JK
2021-07-14,199.1264925224837,202.1208758686864,191.6405341569768,193.13772583007807,56374900,ELSA.JK
2021-07-15,191.6405334472656,194.63491678237915,190.1433417797089,191.6405334472656,32881900,ELSA.JK
2021-07-16,191.6405341569768,194.6349175031795,191.6405341569768,193.13772583007807,55981000,ELSA.JK
2021-07-19,193.1377279108221,197.6293029785156,191.6405362215909,197.6293029785156,31421400,ELSA.JK
2021-07-21,199.1264946677468,205.1152614246716,196.13211128928444,197.6293029785156,61699300,ELSA.JK
2021-07-22,199.1264824586756,206.61244044584387,197.629290861242,203.61805725097656,64783900,ELSA.JK
2021-07-23,205.11524963378903,209.60682444328808,203.6180580306227,205.11524963378903,46845100,ELSA.JK
2021-07-26,205.11524963378903,209.60682444328808,205.11524963378903,205.11524963378903,37340800,ELSA.JK
2021-07-27,205.11524724248628,206.61243882819787,200.6236724853516,200.6236724853516,44433300,ELSA.JK
2021-07-28,202.12086326197573,202.12086326197573,199.12648010253903,199.12648010253903,26494200,ELSA.JK
2021-07-29,199.1264824586756,205.1152488484102,199.1264824586756,203.61805725097656,40386300,ELSA.JK
2021-07-30,206.91497010675096,208.4707217616889,202.24771514193705,203.803466796875,43790100,ELSA.JK
2021-08-02,205.35921443058896,206.9149660550631,199.13620793269232,202.24771118164065,27718000,ELSA.JK
2021-08-03,202.2477225370185,203.80347424884167,199.1362191133721,200.6919708251953,12576500,ELSA.JK
2021-08-04,202.247707969264,208.47071436831823,200.6919563695004,206.9149627685547,34228400,ELSA.JK
2021-08-05,210.0264734166269,210.0264734166269,203.803466796875,203.803466796875,25419400,ELSA.JK
2021-08-06,205.35921116879112,208.47071436831823,203.80345956902755,206.9149627685547,22039600,ELSA.JK
2021-08-09,208.4707217616889,208.4707217616889,202.24771514193705,203.803466796875,27113100,ELSA.JK
2021-08-10,203.8034628061148,205.35921443058896,200.69195955716648,202.24771118164065,20662600,ELSA.JK
2021-08-12,203.803466796875,206.91497010675096,202.24771514193705,203.803466796875,29225600,ELSA.JK
2021-08-13,202.24771118164065,205.35921443058896,200.69195955716648,202.24771118164065,18312900,ELSA.JK
2021-08-16,202.24771118164065,203.8034628061148,199.13620793269232,202.24771118164065,16532300,ELSA.JK
2021-08-18,202.2477225370185,203.80347424884167,199.1362191133721,200.6919708251953,20209300,ELSA.JK
2021-08-19,202.2477221679688,202.2477221679688,194.46896362304688,194.46896362304688,40530500,ELSA.JK
2021-08-20,194.4689516161309,196.02470322905995,186.6901935514857,189.8016967773437,47978300,ELSA.JK
2021-08-23,189.801705121994,205.35922193527225,188.2459534406662,199.1362152099609,88025300,ELSA.JK
2021-08-24,202.2477185726165,206.91497361660004,199.1362152099609,199.1362152099609,33302600,ELSA.JK
2021-08-25,200.6919708251953,205.359225960665,200.6919708251953,200.6919708251953,32400900,ELSA.JK
2021-08-26,202.2477185726165,203.8034702539444,197.58046352863312,199.1362152099609,9899600,ELSA.JK
2021-08-27,199.1362191133721,203.80347424884167,194.4689639779025,200.6919708251953,26932700,ELSA.JK
2021-08-30,200.6919708251953,203.80347424884167,199.1362191133721,200.6919708251953,13375900,ELSA.JK
2021-08-31,203.8034628061148,203.8034628061148,200.69195955716648,202.24771118164065,11386500,ELSA.JK
2021-09-01,202.247707969264,206.9149627685547,200.6919563695004,206.9149627685547,35450900,ELSA.JK
2021-09-02,206.9149686212409,228.6954916340031,206.9149686212409,227.1397399902344,354512200,ELSA.JK
2021-09-03,227.13974284439635,230.2512461710319,213.13797787453632,216.24948120117188,233269500,ELSA.JK
2021-09-06,217.8052520751953,224.0282592773437,216.2495002746582,224.0282592773437,88556800,ELSA.JK
2021-09-07,225.58400328730195,227.1397550341109,220.91674804687497,220.916748046875,60711700,ELSA.JK
2021-09-08,222.47248785444305,222.47248785444305,213.13797787453632,216.24948120117188,51877900,ELSA.JK
2021-09-09,216.24948120117188,217.80523286448965,210.0264745479008,216.24948120117188,45216500,ELSA.JK
2021-09-10,216.24947722061825,217.8052288552989,213.1379739512568,214.6937255859375,23415100,ELSA.JK
2021-09-13,216.2494739505416,220.91672878400647,214.69372233938665,219.3609771728516,52376000,ELSA.JK
2021-09-14,220.9167556762696,230.2512664794922,220.9167556762696,224.0282592773437,188684700,ELSA.JK
2021-09-15,225.5840110778809,227.139762878418,222.47250747680664,224.0282592773437,41249900,ELSA.JK
2021-09-16,225.58399963378903,228.6955030770137,222.4724961905644,225.58399963378903,64465700,ELSA.JK
2021-09-17,225.5839917376325,225.5839917376325,220.9167367361642,222.4724884033203,27106300,ELSA.JK
2021-09-20,222.47248375934103,222.47248375934103,214.6937255859375,214.6937255859375,48277000,ELSA.JK
2021-09-21,214.69373343331475,217.80523681640625,211.5822300502232,217.80523681640625,28966400,ELSA.JK
2021-09-22,216.24948120117188,219.36098452780743,216.24948120117188,216.24948120117188,17750600,ELSA.JK
2021-09-23,219.360988507952,220.91674019949767,216.2494851248605,217.80523681640625,14870000,ELSA.JK
2021-09-24,222.472499793684,224.02825154049293,217.80524455325704,220.916748046875,63711500,ELSA.JK
2021-09-27,222.4724931214985,239.58576182315224,220.9167414213481,236.4742584228516,324558400,ELSA.JK
2021-09-28,236.47423199423,244.2529896256191,233.3627289416743,238.0299835205078,217752400,ELSA.JK
2021-09-29,234.91851806640625,239.5857733922289,233.36276629113203,234.91851806640625,96298000,ELSA.JK
2021-09-30,236.47423199423,244.2529896256191,234.9184804679521,238.0299835205078,103442000,ELSA.JK
2021-10-01,238.0300179023248,244.25302490630708,234.91851440033355,239.5857696533203,81510000,ELSA.JK
2021-10-04,242.6972660064697,253.58752794265743,241.14151430130005,248.92027282714844,163375000,ELSA.JK
2021-10-05,252.0317615415992,266.033526071688,250.47600992714487,255.1432647705078,258447400,ELSA.JK
2021-10-06,259.8105270950883,262.9220304135923,248.92026548032408,252.03176879882807,187635200,ELSA.JK
2021-10-07,252.03176413372063,253.5875157641757,242.69725435099025,244.2530059814453,110881400,ELSA.JK
2021-10-08,247.3645027956348,255.14326074518308,242.69724802590588,253.58750915527344,73396400,ELSA.JK
2021-10-11,255.1432535807292,259.8105082194011,253.5875020345052,256.6990051269531,87317400,ELSA.JK
2021-10-12,256.6990051269531,262.92201131184896,255.1432535807292,256.6990051269531,104516300,ELSA.JK
2021-10-13,258.2547639250024,259.810515514912,253.58750915527344,253.58750915527344,45337300,ELSA.JK
2021-10-14,253.5875359960349,259.8105430143425,253.5875359960349,258.2547912597656,53558300,ELSA.JK
2021-10-15,259.8105163574219,266.03352273724033,256.6990131675126,259.8105163574219,90850000,ELSA.JK
2021-10-18,261.3662759453587,266.03353087295443,259.8105243028268,262.9220275878906,86621500,ELSA.JK
2021-10-19,264.47777114228575,264.47777114228575,258.25476476246723,259.8105163574219,43914200,ELSA.JK
2021-10-21,258.2547830581665,264.4777898788452,247.36452112197875,248.92027282714844,110757700,ELSA.JK
2021-10-22,247.3644978969912,248.92024945609177,238.0299885423877,245.80874633789065,50490700,ELSA.JK
2021-10-25,247.36452112197875,253.58752794265743,247.36452112197875,248.92027282714844,39954700,ELSA.JK
2021-10-26,248.9202688924921,252.03177225364828,245.808765531336,247.3645172119141,28758100,ELSA.JK
2021-10-27,247.3645362854004,250.4760398864746,242.69728088378903,242.69728088378903,31090600,ELSA.JK
2021-10-28,242.6972570800781,242.6972570800781,231.8069955444336,233.3627471923828,77927800,ELSA.JK
2021-10-29,233.36275502255089,241.14151352330256,233.36275502255089,236.4742584228516,36650400,ELSA.JK
2021-11-01,239.58573504678563,239.58573504678563,234.9184804679521,238.0299835205078,20481600,ELSA.JK
2021-11-02,238.03002161695468,241.14152516750312,234.91851806640625,234.91851806640625,15507100,ELSA.JK
2021-11-03,234.9185067227012,238.0300101230019,233.36275502255089,236.4742584228516,14160700,ELSA.JK
2021-11-04,236.4742400138609,242.6972463300152,233.3627368557838,241.14149475097656,34626900,ELSA.JK
2021-11-05,239.585743171938,242.6972463300152,236.4742400138609,241.14149475097656,16598400,ELSA.JK
2021-11-08,241.14152908325195,245.80878448486328,239.58577728271484,242.69728088378903,20965900,ELSA.JK
2021-11-09,244.2529979090537,244.2529979090537,239.585743171938,241.14149475097656,19630000,ELSA.JK
2021-11-10,242.6972380993413,244.2529896256191,238.0299835205078,238.0299835205078,25967400,ELSA.JK
2021-11-11,238.0300101230019,239.58576182315224,236.4742584228516,236.4742584228516,24919400,ELSA.JK
2021-11-12,239.5857733922289,239.5857733922289,234.91851806640625,234.91851806640625,20830000,ELSA.JK
2021-11-15,234.91851806640625,238.03002161695468,233.36276629113203,234.91851806640625,16032000,ELSA.JK
2021-11-16,236.47425048828129,236.47425048828129,233.3627471923828,233.3627471923828,21408300,ELSA.JK
2021-11-17,234.91849884033203,236.47425048828129,231.8069955444336,233.3627471923828,24062100,ELSA.JK
2021-11-18,233.3627465653093,233.3627465653093,227.1397399902344,227.1397399902344,35375900,ELSA.JK
2021-11-19,228.69549560546875,231.8069989470397,225.58399226389776,228.69549560546875,29430800,ELSA.JK
2021-11-22,228.69549507194463,230.2512467391008,222.4724884033203,222.4724884033203,57322500,ELSA.JK
2021-11-23,220.9167367361642,227.13974340478856,220.9167367361642,222.4724884033203,27966000,ELSA.JK
2021-11-24,224.02824059311223,228.69549560546875,224.02824059311223,228.69549560546875,24792000,ELSA.JK
2021-11-25,228.6954916340031,231.80699492154056,225.58398834646565,227.1397399902344,16021900,ELSA.JK
2021-11-26,227.1397550341109,228.69550678091989,220.91674804687497,220.916748046875,25441500,ELSA.JK
2021-11-29,220.9167361911252,220.9167361911252,213.13797787453632,216.24948120117188,30525500,ELSA.JK
2021-11-30,217.80523286448965,220.9167361911252,214.6937295378541,216.24948120117188,27192300,ELSA.JK
2021-12-01,216.24947318195427,219.3609763932054,213.13796997070312,213.13796997070312,28190800,ELSA.JK
2021-12-02,217.80522478757985,217.80522478757985,206.91496354820083,213.13796997070312,18942900,ELSA.JK
2021-12-03,213.13797787453632,217.80523286448965,213.13797787453632,216.24948120117188,18547100,ELSA.JK
2021-12-06,219.36098452780743,219.36098452780743,216.24948120117188,216.24948120117188,20492800,ELSA.JK
2021-12-07,219.3610038757324,228.69551467895508,219.3610038757324,224.0282592773437,43071800,ELSA.JK
2021-12-08,224.0282592773437,230.2512664794922,224.0282592773437,224.0282592773437,23697600,ELSA.JK
2021-12-09,225.5840110778809,225.5840110778809,220.9167556762696,224.0282592773437,16526800,ELSA.JK
2021-12-10,222.4724884033203,225.5839917376325,219.3609850690081,222.4724884033203,12628400,ELSA.JK
2021-12-13,222.47248505892816,228.6954916340031,222.47248505892816,227.1397399902344,25045400,ELSA.JK
2021-12-14,227.13974340478856,228.69549507194463,220.9167367361642,222.4724884033203,15122300,ELSA.JK
2021-12-15,224.0282320063165,224.0282320063165,219.3609771728516,219.3609771728516,10088000,ELSA.JK
2021-12-16,220.9167361911252,224.0282395177608,214.6937295378541,216.24948120117188,18932600,ELSA.JK
2021-12-17,216.24947722061825,217.8052288552989,214.6937255859375,214.6937255859375,7544200,ELSA.JK
2021-12-20,214.69371750775505,216.24946908389825,211.58221435546875,211.58221435546875,13018200,ELSA.JK
2021-12-21,214.6937215763287,214.6937215763287,211.58221836507755,213.13796997070312,12517000,ELSA.JK
2021-12-22,216.24946908389825,217.80522066004136,211.58221435546875,211.58221435546875,21438700,ELSA.JK
2021-12-23,213.13796997070312,216.24947318195427,210.026466759452,213.13796997070312,13156100,ELSA.JK
2021-12-24,213.13796997070312,216.24947318195427,211.58221836507755,213.13796997070312,7902100,ELSA.JK
2021-12-27,213.13797787453632,217.80523286448965,213.13797787453632,216.24948120117188,13961200,ELSA.JK
2021-12-28,216.2494739505416,222.4724803951615,216.2494739505416,219.3609771728516,21770700,ELSA.JK
2021-12-29,219.36098452780743,222.47248785444305,216.24948120117188,216.24948120117188,10662400,ELSA.JK
2021-12-30,216.24947722061825,219.3609804899796,214.6937255859375,214.6937255859375,10086300,ELSA.JK
2022-01-03,214.6937215763287,216.24947318195427,213.13796997070312,213.13796997070312,9318300,ELSA.JK
2022-01-04,213.1379739512568,216.24947722061825,213.1379739512568,214.6937255859375,9798500,ELSA.JK
2022-01-05,213.1379739512568,217.8052288552989,213.1379739512568,214.6937255859375,15996100,ELSA.JK
2022-01-06,214.69371750775505,214.69371750775505,210.0264627793256,211.58221435546875,17655700,ELSA.JK
2022-01-07,213.13796997070312,217.80522478757985,213.13796997070312,213.13796997070312,13814100,ELSA.JK
2022-01-10,213.13796593161192,214.69371750775505,211.58221435546875,211.58221435546875,8883700,ELSA.JK
2022-01-11,211.5822216432486,213.1379732729784,206.9149667540593,208.47071838378903,16322900,ELSA.JK
2022-01-12,210.02647697925568,214.6937320232392,197.58046352863312,199.1362152099609,30919400,ELSA.JK
2022-01-13,200.69195955716648,203.8034628061148,199.13620793269232,202.24771118164065,13659600,ELSA.JK
2022-01-14,202.24771118164065,205.35921443058896,199.13620793269232,202.24771118164065,11545700,ELSA.JK
2022-01-17,202.24771454578308,205.35921784648744,197.58045959472656,197.58045959472656,13329800,ELSA.JK
2022-01-18,197.58045959472656,200.6919628954309,194.4689562940222,197.58045959472656,19288000,ELSA.JK
2022-01-19,197.58046398740828,208.47072578198984,197.58046398740828,205.3592224121093,38999500,ELSA.JK
2022-01-20,205.3592224121093,208.47072578198984,203.8034707271692,205.3592224121093,23272300,ELSA.JK
2022-01-21,205.3592184518129,205.3592184518129,200.69196348699904,203.803466796875,11381600,ELSA.JK
2022-01-24,203.8034628061148,205.35921443058896,200.69195955716648,202.24771118164065,12094900,ELSA.JK
2022-01-25,202.2477104550316,202.2477104550316,196.0247039794922,196.0247039794922,11760100,ELSA.JK
2022-01-26,196.02471568972567,200.6919708251953,196.02471568972567,200.6919708251953,10609700,ELSA.JK
2022-01-27,200.6919668912888,202.2477185726165,196.0247118473053,199.1362152099609,10514900,ELSA.JK
2022-01-28,202.24771186487,210.02647001351883,199.13620860541045,208.47071838378903,19903300,ELSA.JK
2022-01-31,213.1379739512568,219.3609804899796,208.4707190472147,214.6937255859375,55460100,ELSA.JK
2022-02-02,214.6937255859375,219.3609804899796,214.6937255859375,214.6937255859375,17697100,ELSA.JK
2022-02-03,214.69372233938665,222.4724803951615,211.58221911707668,219.3609771728516,30506400,ELSA.JK
2022-02-04,224.0282395177608,224.0282395177608,216.24948120117188,216.24948120117188,18031500,ELSA.JK
2022-02-07,219.3609771728516,222.4724803951615,214.69372233938665,219.3609771728516,40397900,ELSA.JK
2022-02-08,219.360996300066,222.472499793684,216.24949280644805,220.916748046875,20639800,ELSA.JK
2022-02-09,220.91672878400647,220.91672878400647,217.80522556169657,219.3609771728516,15112000,ELSA.JK
2022-02-10,220.91672878400647,224.0282320063165,217.80522556169657,219.3609771728516,19849600,ELSA.JK
2022-02-11,219.360988507952,219.360988507952,214.69373343331475,217.80523681640625,15698600,ELSA.JK
2022-02-14,220.91675208893832,236.47426984168047,217.8052485383899,234.91851806640625,193502800,ELSA.JK
2022-02-15,236.47427368164065,239.58577728271484,230.2512664794922,230.2512664794922,82305100,ELSA.JK
2022-02-16,230.2512467391008,230.2512467391008,220.9167367361642,222.4724884033203,74693400,ELSA.JK
2022-02-17,224.0282367026969,231.80699492154056,222.47248505892816,227.1397399902344,71820000,ELSA.JK
2022-02-18,227.13975135540144,228.6955030770137,224.0282479121768,225.58399963378903,34113200,ELSA.JK
2022-02-21,227.1397399902344,228.6954916340031,224.0282367026969,227.1397399902344,21852800,ELSA.JK
2022-02-22,228.69548833450216,233.3627431984716,227.13973671317905,231.80699157714844,64473500,ELSA.JK
2022-02-23,233.3627465653093,234.918498209078,227.1397399902344,227.1397399902344,63014500,ELSA.JK
2022-02-24,227.1397357103301,266.033526071688,225.58398409587585,255.1432647705078,1009987100,ELSA.JK
2022-02-25,256.69904708862305,258.25479888916016,239.58577728271484,242.69728088378903,307318800,ELSA.JK
2022-03-01,245.80874633789065,253.58750413339348,244.25299477879005,245.80874633789065,107984800,ELSA.JK
2022-03-02,256.69901638496214,262.9220228427794,248.9202583126905,255.1432647705078,285584100,ELSA.JK
2022-03-04,255.1432836307502,258.25478708966176,247.36452498347123,250.4760284423828,146721200,ELSA.JK
2022-03-07,256.6990398538524,272.25655742075253,256.6990398538524,270.7008056640625,497296400,ELSA.JK
2022-03-08,280.0352861837375,280.0352861837375,253.58750915527344,253.58750915527344,252115400,ELSA.JK
2022-03-09,253.58750915527344,262.9220186947314,250.4760059754541,253.58750915527344,143764600,ELSA.JK
2022-03-10,239.58573504678563,250.47599573073043,236.47423199423,238.0299835205078,191189700,ELSA.JK
2022-03-11,236.4742584228516,244.25301692360324,230.25125162225007,236.4742584228516,98408100,ELSA.JK
2022-03-14,236.4742534077251,238.0300050748812,220.9167367361642,222.4724884033203,125611100,ELSA.JK
2022-03-15,224.02825154049293,224.02825154049293,211.58223756602112,220.916748046875,90942500,ELSA.JK
2022-03-16,220.91673341515943,228.6954916340031,217.805230127622,227.1397399902344,63481300,ELSA.JK
2022-03-17,228.6954922485352,234.91849884033203,224.0282373046875,233.3627471923828,54787400,ELSA.JK
2022-03-18,239.58573504678563,248.92024420445264,234.9184804679521,238.0299835205078,108887400,ELSA.JK
2022-03-21,238.0299835205078,241.14148657306345,233.3627289416743,238.0299835205078,49425500,ELSA.JK
2022-03-22,241.14149475097656,244.2529979090537,239.585743171938,241.14149475097656,78012600,ELSA.JK
2022-03-23,241.14148657306345,242.6972380993413,236.47423199423,238.0299835205078,27654600,ELSA.JK
2022-03-24,241.1415214043159,242.6972731553115,236.47426615132915,239.5857696533203,43216800,ELSA.JK
2022-03-25,239.5857537841797,239.5857537841797,233.3627471923828,233.3627471923828,30169100,ELSA.JK
2022-03-28,234.91849884033203,239.5857537841797,231.8069955444336,233.3627471923828,54122100,ELSA.JK
2022-03-29,231.8069989470397,233.36275061782524,227.13974393468325,228.69549560546875,38853600,ELSA.JK
2022-03-30,228.6954916340031,231.80699492154056,225.58398834646565,227.1397399902344,40911100,ELSA.JK
2022-03-31,227.13974393468325,230.25124727625425,225.58399226389776,228.69549560546875,27363500,ELSA.JK
2022-04-01,230.25124327777183,231.80699492154056,227.1397399902344,227.1397399902344,18005600,ELSA.JK
2022-04-04,227.13975135540144,230.2512547986261,225.58399963378903,225.58399963378903,23927600,ELSA.JK
2022-04-05,228.69551467895508,233.3627700805664,227.139762878418,230.2512664794922,46866100,ELSA.JK
2022-04-06,230.2512399558253,236.47424644111788,228.69548833450216,231.80699157714844,77008100,ELSA.JK
2022-04-07,231.80699157714844,233.3627431984716,228.69548833450216,231.80699157714844,24940800,ELSA.JK
2022-04-08,231.8069955444336,234.91849884033203,231.8069955444336,233.3627471923828,34925700,ELSA.JK
2022-04-11,234.9185099634631,236.47426168507545,225.58399963378903,225.58399963378903,48677700,ELSA.JK
2022-04-12,230.25125852772885,230.25125852772885,217.80524455325704,220.916748046875,58958800,ELSA.JK
2022-04-13,224.0282400704764,228.69549507194463,222.4724884033203,222.4724884033203,34492900,ELSA.JK
2022-04-14,225.5840110778809,230.2512664794922,222.47250747680664,224.0282592773437,22219600,ELSA.JK
2022-04-18,225.5839889526368,234.91849884033203,224.0282373046875,233.3627471923828,71042000,ELSA.JK
2022-04-19,233.3627471923828,236.47425048828129,230.2512438964844,233.3627471923828,68814200,ELSA.JK
2022-04-20,228.69549560546875,231.8069989470397,227.13974393468325,228.69549560546875,31511300,ELSA.JK
2022-04-21,228.69551467895508,236.47427368164065,227.139762878418,230.2512664794922,46763800,ELSA.JK
2022-04-22,231.80699492154056,231.80699492154056,225.58398834646565,227.1397399902344,25415100,ELSA.JK
2022-04-25,222.472499793684,225.58400328730195,219.360996300066,220.916748046875,30041200,ELSA.JK
2022-04-26,220.9167367361642,224.0282400704764,219.3609850690081,222.4724884033203,22652700,ELSA.JK
2022-04-27,222.47250747680664,225.5840110778809,220.9167556762696,224.0282592773437,21563700,ELSA.JK
2022-04-28,225.58398834646565,230.25124327777183,222.47248505892816,227.1397399902344,34674000,ELSA.JK
2022-05-09,228.6955030770137,233.3627582418508,222.4724961905644,225.58399963378903,44377400,ELSA.JK
2022-05-10,225.5839917376325,225.5839917376325,214.69373006753983,222.4724884033203,45444300,ELSA.JK
2022-05-11,220.9167367361642,224.0282400704764,219.3609850690081,222.4724884033203,21823200,ELSA.JK
2022-05-12,225.58398281570769,227.1397344213333,213.13796997070312,213.13796997070312,52977200,ELSA.JK
2022-05-13,216.2494851248605,217.80523681640625,214.69373343331475,217.80523681640625,17054400,ELSA.JK
2022-05-17,220.9167367361642,224.0282400704764,219.3609850690081,222.4724884033203,42085500,ELSA.JK
2022-05-18,222.4724961905644,227.13975135540144,222.4724961905644,225.58399963378903,38850500,ELSA.JK
2022-05-19,225.5840110778809,225.5840110778809,219.3610038757324,224.0282592773437,28766600,ELSA.JK
2022-05-20,224.02824059311223,231.8069989470397,224.02824059311223,228.69549560546875,45569900,ELSA.JK
2022-05-23,231.8070065202384,233.3627582418508,225.58399963378903,225.58399963378903,14984300,ELSA.JK
2022-05-24,225.58398834646565,231.80699492154056,224.0282367026969,227.1397399902344,31543200,ELSA.JK
2022-05-25,227.139762878418,238.0300254821777,227.139762878418,230.2512664794922,75003100,ELSA.JK
2022-05-27,233.3627289416743,241.14148657306345,231.8069774153965,238.0299835205078,101958500,ELSA.JK
2022-05-30,241.14148657306345,245.80874115189687,234.9184804679521,238.0299835205078,79461000,ELSA.JK
2022-05-31,241.1415214043159,242.6972731553115,239.5857696533203,239.5857696533203,42556100,ELSA.JK
2022-06-02,241.14152908325195,244.25303268432617,234.91852188110352,242.69728088378903,66294800,ELSA.JK
2022-06-03,245.80876941680907,253.58752794265743,244.2530177116394,248.92027282714844,124696800,ELSA.JK
2022-06-06,252.03178017183865,255.1432836307502,247.36452498347123,250.4760284423828,81789600,ELSA.JK
2022-06-07,250.4760059754541,259.810515514912,247.3645027956348,253.58750915527344,120352000,ELSA.JK
2022-06-08,255.14328775061185,264.47779827807324,253.5875359960349,258.2547912597656,149691300,ELSA.JK
2022-06-09,259.8105196138708,264.4777744572337,255.1432647705078,255.1432647705078,95915800,ELSA.JK
2022-06-10,264.4777856982729,264.4777856982729,245.808765531336,247.3645172119141,67690400,ELSA.JK
2022-06-13,247.3645322686,247.3645322686,233.36276629113203,234.91851806640625,77056100,ELSA.JK
2022-06-14,231.80700768891327,252.03178017183865,231.80700768891327,250.4760284423828,87750500,ELSA.JK
2022-06-15,250.4760398864746,256.69904708862305,238.0300254821777,242.69728088378903,94984200,ELSA.JK
2022-06-16,247.36452498347123,258.25478708966176,244.25302152455964,250.4760284423828,197193500,ELSA.JK
2022-06-17,250.4760125032656,253.5875157641757,242.69725435099025,244.2530059814453,81976000,ELSA.JK
2022-06-20,241.14149475097656,242.6972463300152,233.3627368557838,241.14149475097656,86738400,ELSA.JK
2022-06-21,242.6972463300152,245.80874948809225,239.585743171938,241.14149475097656,37957200,ELSA.JK
2022-06-22,242.6972380993413,242.6972380993413,233.3627289416743,238.0299835205078,64710500,ELSA.JK
2022-06-23,238.03000149661548,238.03000149661548,224.0282367026969,227.1397399902344,74341900,ELSA.JK
2022-06-24,227.139762878418,233.3627700805664,227.139762878418,230.2512664794922,38546300,ELSA.JK
2022-06-27,233.3627471923828,236.47425048828129,230.2512438964844,233.3627471923828,36208800,ELSA.JK
2022-06-28,234.91851440033355,242.6972731553115,234.91851440033355,239.5857696533203,44498000,ELSA.JK
2022-06-29,241.14151352330256,244.25301692360324,236.4742584228516,236.4742584228516,39195400,ELSA.JK
2022-06-30,241.14152516750312,241.14152516750312,233.36276629113203,234.91851806640625,16088900,ELSA.JK
2022-07-01,233.3627620213468,234.9185137681558,220.91674804687497,220.916748046875,50654300,ELSA.JK
2022-07-04,220.9167367361642,225.5839917376325,217.80523340185204,222.4724884033203,39094300,ELSA.JK
2022-07-05,230.25124327777183,231.80699492154056,222.47248505892816,227.1397399902344,27491900,ELSA.JK
2022-07-06,220.9167444689521,225.58399963378903,219.3609927473397,225.58399963378903,29856500,ELSA.JK
2022-07-07,225.58399963378903,225.58399963378903,220.9167444689521,225.58399963378903,15266700,ELSA.JK
2022-07-08,227.13975135540144,230.2512547986261,225.58399963378903,225.58399963378903,20695100,ELSA.JK
2022-07-11,227.13974393468325,228.69549560546875,225.58399226389776,228.69549560546875,14411000,ELSA.JK
2022-07-12,228.6954916340031,230.25124327777183,225.58398834646565,227.1397399902344,17728900,ELSA.JK
2022-07-13,225.5840110778809,227.139762878418,222.47250747680664,224.0282592773437,21288800,ELSA.JK
2022-07-14,224.0282400704764,225.5839917376325,220.9167367361642,222.4724884033203,9344300,ELSA.JK
2022-07-15,222.472499793684,224.02825154049293,220.91674804687497,220.916748046875,12115700,ELSA.JK
2022-07-18,220.9167444689521,227.13975135540144,220.9167444689521,225.58399963378903,11426400,ELSA.JK
2022-07-19,227.139762878418,231.8070182800293,227.139762878418,230.2512664794922,29807300,ELSA.JK
2022-07-20,233.3627471923828,236.47425048828129,230.2512438964844,233.3627471923828,26274200,ELSA.JK
2022-07-21,233.3627431984716,236.47424644111788,230.2512399558253,231.80699157714844,17393300,ELSA.JK
2022-07-22,231.8069955444336,234.91849884033203,228.6954922485352,233.3627471923828,22869700,ELSA.JK
2022-07-25,234.9184948197948,234.9184948197948,230.2512399558253,231.80699157714844,13737800,ELSA.JK
2022-07-26,231.8069955444336,234.91849884033203,231.8069955444336,233.3627471923828,16254300,ELSA.JK
2022-07-27,234.9185067227012,238.0300101230019,231.80700332240053,236.4742584228516,29388100,ELSA.JK
2022-07-28,238.0300179023248,241.1415214043159,236.47426615132915,239.5857696533203,50388700,ELSA.JK
2022-07-29,245.52460019951624,245.52460019951624,239.14733785667167,240.7416534423828,21810100,ELSA.JK
2022-08-01,240.7416390991211,243.9302700805664,237.55300811767577,239.14732360839844,18942400,ELSA.JK
2022-08-02,239.14734092918604,239.14734092918604,234.36439411060232,235.95870971679688,17161100,ELSA.JK
2022-08-03,235.95870668524933,243.9302846138051,234.36439109953824,240.7416534423828,32602500,ELSA.JK
2022-08-04,240.7416390991211,242.3359545898437,239.14732360839844,239.14732360839844,15040400,ELSA.JK
2022-08-05,239.14732453007028,239.14732453007028,235.958693536336,237.55300903320312,10835100,ELSA.JK
2022-08-08,239.14733685945208,242.33596801757807,237.55302128038903,242.33596801757807,22219200,ELSA.JK
2022-08-09,243.9302846138051,245.52460019951624,240.7416534423828,240.7416534423828,15200500,ELSA.JK
2022-08-10,240.7416524385151,243.93028359664112,239.14733685945208,242.33596801757807,34746200,ELSA.JK
2022-08-11,243.93028359664112,245.5245991757041,240.7416524385151,242.33596801757807,16176300,ELSA.JK
2022-08-12,242.3359367021548,247.1188828212763,242.3359367021548,243.9302520751953,22996800,ELSA.JK
2022-08-15,243.9302846138051,245.52460019951624,239.14733785667167,240.7416534423828,20327400,ELSA.JK
2022-08-16,240.7416400269374,242.33595552380453,237.55300903320312,237.55300903320312,21825400,ELSA.JK
2022-08-18,239.14732453007028,239.14732453007028,235.958693536336,237.55300903320312,13102100,ELSA.JK
2022-08-19,237.55302128038903,245.5245991757041,237.55302128038903,242.33596801757807,24350900,ELSA.JK
2022-08-22,243.9302700805664,245.52458557128907,235.9586926269531,239.14732360839844,28518600,ELSA.JK
2022-08-23,242.33596129987225,259.8734321834156,239.1473302301371,253.4961700439453,219949700,ELSA.JK
2022-08-24,255.09048461914065,256.68480014801025,250.3075380325317,255.09048461914065,81705800,ELSA.JK
2022-08-25,255.0904855788129,258.27911664854804,251.9018545090777,253.4961700439453,49283200,ELSA.JK
2022-08-26,253.49618321768247,272.62797063033776,251.9018675999612,256.684814453125,399036600,ELSA.JK
2022-08-29,251.9018359974118,264.6563593390529,243.9302589088861,259.8734130859375,134003700,ELSA.JK
2022-08-30,263.06206032081883,266.2506913550106,255.0904827353395,258.27911376953125,90021700,ELSA.JK
2022-08-31,256.68480111368046,258.27911664854804,251.9018545090777,253.4961700439453,47329500,ELSA.JK
2022-09-01,253.4961700439453,256.68480111368046,247.11890790447487,253.4961700439453,47738000,ELSA.JK
2022-09-02,253.4961700439453,256.68480111368046,251.9018545090777,253.4961700439453,30792000,ELSA.JK
2022-09-05,256.684796403094,264.6563739311404,255.09048089748475,261.4677429199219,89793300,ELSA.JK
2022-09-06,263.0620547703334,275.816578637986,263.0620547703334,267.8450012207031,195853900,ELSA.JK
2022-09-07,266.25067475675803,267.8449901744632,256.68478225052723,259.8734130859375,75264400,ELSA.JK
2022-09-08,259.8734321834156,259.8734321834156,250.30753897421016,253.4961700439453,62931000,ELSA.JK
2022-09-09,253.4961700439453,256.68480111368046,251.9018545090777,253.4961700439453,34156100,ELSA.JK
2022-09-12,263.0620613744703,291.75974079713984,263.0620613744703,282.19384765625,456808000,ELSA.JK
2022-09-13,285.38248064313615,290.1654272460937,279.0052185058594,279.0052185058594,205666100,ELSA.JK
2022-09-14,277.4108869379217,283.78814870660955,271.03362516923386,280.5995178222656,145526100,ELSA.JK
2022-09-15,283.78816510881694,290.1654272460937,279.0052185058594,279.0052185058594,158278100,ELSA.JK
2022-09-16,277.4109068753427,277.4109068753427,271.0336446483233,272.6279602050781,78232900,ELSA.JK
2022-09-19,275.8166123355728,275.8166123355728,263.0620869096503,264.6564025878906,77022500,ELSA.JK
2022-09-20,264.6563593390529,269.4393055921683,258.27909766823234,259.8734130859375,76934500,ELSA.JK
2022-09-21,259.8734238034203,269.4393167041597,253.49616186959403,267.8450012207031,94432500,ELSA.JK
2022-09-22,263.0620547703334,269.4393167041597,259.8734238034203,267.8450012207031,74720900,ELSA.JK
2022-09-23,267.8450339443712,271.03366530085185,264.6564025878906,264.6564025878906,42298000,ELSA.JK
2022-09-26,263.0620510962701,263.0620510962701,247.118896484375,247.118896484375,166276700,ELSA.JK
2022-09-27,247.1189127339945,248.7132283000203,240.74165046989145,245.52459716796875,61568900,ELSA.JK
2022-09-28,247.1189147547672,248.71323033383013,242.33596801757807,242.33596801757807,43282600,ELSA.JK
2022-09-29,245.52456744823576,253.49614431343824,242.3359367021548,243.9302520751953,66846500,ELSA.JK
2022-09-30,243.93028160194297,245.52459716796875,239.14733490386567,245.52459716796875,52430400,ELSA.JK
2022-10-03,245.52457928505672,251.9018410846685,243.9302638351537,250.3075256347656,47174300,ELSA.JK
2022-10-04,255.0904827353395,258.27911376953125,251.9018517011477,258.27911376953125,55325400,ELSA.JK
2022-10-05,258.2791156768799,263.0620622634888,253.496169090271,255.09048461914065,63867400,ELSA.JK
2022-10-06,258.2791300708463,261.4677613062888,255.0904988354037,256.684814453125,31355200,ELSA.JK
2022-10-07,256.684814453125,259.8734456885676,255.0904988354037,256.684814453125,23867200,ELSA.JK
2022-10-10,258.2791119087033,269.43932044796827,258.2791119087033,261.4677429199219,125974700,ELSA.JK
2022-10-11,259.8734312057495,261.46774673461914,253.496169090271,255.09048461914065,58741200,ELSA.JK
2022-10-12,255.0904719844745,255.0904719844745,248.71321018486265,250.3075256347656,40161400,ELSA.JK
2022-10-13,250.3075247655941,258.2791019874283,248.71320932122728,251.9018402099609,31877200,ELSA.JK
2022-10-14,255.09047109869465,258.2791019874283,250.3075247655941,251.9018402099609,32903700,ELSA.JK
2022-10-17,251.9018728794196,251.9018728794196,243.93029462374173,248.71324157714844,32283100,ELSA.JK
2022-10-18,248.71321018486265,251.9018410846685,247.1188947349597,250.3075256347656,18971200,ELSA.JK
2022-10-19,248.7132119455645,251.9018428679436,245.52458102318548,247.118896484375,17527200,ELSA.JK
2022-10-20,248.71322343934256,253.4961700439453,247.11890790447487,253.4961700439453,30408100,ELSA.JK
2022-10-21,253.496169090271,256.68480014801025,251.90185356140137,255.09048461914065,20891200,ELSA.JK
2022-10-24,256.6847806063565,266.2506730513139,255.09046519886363,263.0620422363281,87876500,ELSA.JK
2022-10-25,264.65637025379,269.4393167041597,259.8734238034203,267.8450012207031,79621200,ELSA.JK
2022-10-26,267.8450116284321,279.00522044628343,266.2506960830248,275.81658935546875,111901200,ELSA.JK
2022-10-27,277.4108922621783,286.9767850988051,267.84499942555146,271.0336303710937,196223600,ELSA.JK
2022-10-28,272.62794061140585,291.7597259174694,271.03362516923386,280.5995178222656,326874900,ELSA.JK
2022-10-31,283.7881388562791,301.3256081114424,277.41087730894697,299.7312927246094,388122900,ELSA.JK
2022-11-01,299.7313272227412,306.1085895040761,288.5711182304051,293.35406494140625,261929800,ELSA.JK
2022-11-02,293.3540327830981,301.3256097608997,293.3540327830981,296.54266357421875,114972300,ELSA.JK
2022-11-03,299.73131942749023,312.48584365844727,296.542688369751,306.10858154296875,197192300,ELSA.JK
2022-11-04,306.108591767132,318.86311642409584,296.54269827440913,314.0801696777344,228956300,ELSA.JK
2022-11-07,315.6744747161865,318.8631057739258,304.5142660140991,306.10858154296875,198277100,ELSA.JK
2022-11-08,306.10861120810057,314.0801896249782,285.38250732421875,285.38250732421875,471720000,ELSA.JK
2022-11-09,285.3824787032133,293.35405632062145,279.0052166092867,282.19384765625,170124600,ELSA.JK
2022-11-10,282.19383683315544,283.7881522954896,269.4393131344817,274.2222595214844,188852600,ELSA.JK
2022-11-11,277.4109111408611,294.9483825348236,274.22227997832243,290.1654357910156,233676200,ELSA.JK
2022-11-14,294.94837384905134,296.54268938337054,277.41090297154017,279.0052185058594,164139600,ELSA.JK
2022-11-15,280.59953599169074,280.59953599169074,274.22227381006144,275.81658935546875,62364300,ELSA.JK
2022-11-16,275.81658935546875,282.1938515370981,275.81658935546875,275.81658935546875,72389800,ELSA.JK
2022-11-17,274.222275761833,275.8165913185878,271.0336446483233,272.6279602050781,39274900,ELSA.JK
2022-11-18,272.6279458438649,275.8165767894072,267.84499942555146,271.0336303710937,57728500,ELSA.JK
2022-11-21,271.0336466230584,274.2222777598003,267.8450154863166,269.4393310546875,38389400,ELSA.JK
2022-11-22,269.4393148983226,277.4108922621783,267.84499942555146,271.0336303710937,84793900,ELSA.JK
2022-11-23,272.62795826465407,282.1938515370981,271.0336427192468,275.81658935546875,95454300,ELSA.JK
2022-11-24,275.8165749838186,279.005205908487,271.033628596816,274.2222595214844,48077500,ELSA.JK
2022-11-25,274.2222631545294,275.816578637986,267.8450012207031,267.8450012207031,78420100,ELSA.JK
2022-11-28,269.4393253926212,271.0336409274887,253.4961700439453,253.4961700439453,152937600,ELSA.JK
2022-11-29,255.09046683282207,263.06204392134777,253.4961514151169,259.8734130859375,57858000,ELSA.JK
2022-11-30,259.8734274143126,264.6563739311404,259.8734274143126,261.4677429199219,32369400,ELSA.JK
2022-12-01,264.6564025878906,269.4393496226116,264.6564025878906,264.6564025878906,56624400,ELSA.JK
2022-12-02,266.25071826613095,269.4393496226116,261.46777123141004,264.6564025878906,26198500,ELSA.JK
2022-12-05,264.6564025878906,271.03366530085185,261.46777123141004,264.6564025878906,48230200,ELSA.JK
2022-12-06,264.6563593390529,264.6563593390529,256.68478225052723,259.8734130859375,29226200,ELSA.JK
2022-12-07,256.68480111368046,258.27911664854804,248.71322343934256,253.4961700439453,53804000,ELSA.JK
2022-12-08,253.4961700439453,255.0904855788129,247.11890790447487,253.4961700439453,42069200,ELSA.JK
2022-12-09,253.49615653457155,255.0904719844745,248.71321018486265,250.3075256347656,21088700,ELSA.JK
2022-12-12,250.3075380325317,256.68480014801025,248.7132225036621,255.09048461914065,24030900,ELSA.JK
2022-12-13,255.0904988354037,259.8734456885676,255.0904988354037,256.684814453125,28963000,ELSA.JK
2022-12-14,259.8734312057495,261.46774673461914,253.496169090271,255.09048461914065,29892500,ELSA.JK
2022-12-15,255.09048461914065,258.2791156768799,255.09048461914065,255.09048461914065,17211900,ELSA.JK
2022-12-16,253.4961700439453,255.0904855788129,250.30753897421016,253.4961700439453,17638800,ELSA.JK
2022-12-19,255.09047109869465,255.09047109869465,251.90184020996097,251.9018402099609,10939300,ELSA.JK
2022-12-20,251.9018545090777,256.68480111368046,251.9018545090777,253.4961700439453,19105400,ELSA.JK
2022-12-21,251.9018545090777,256.68480111368046,251.9018545090777,253.4961700439453,11029500,ELSA.JK
2022-12-22,255.09048461914065,258.2791156768799,253.496169090271,255.09048461914065,17346200,ELSA.JK
2022-12-23,255.09048461914065,256.68480014801025,253.496169090271,255.09048461914065,11848300,ELSA.JK
2022-12-26,253.496169090271,258.2791156768799,251.90185356140137,255.09048461914065,19762500,ELSA.JK
2022-12-27,255.0904988354037,261.4677613062888,255.0904988354037,256.684814453125,26932100,ELSA.JK
2022-12-28,256.6847865430615,258.2791019874283,248.71320932122728,251.9018402099609,34334200,ELSA.JK
2022-12-29,251.9018728794196,251.9018728794196,248.71324157714844,248.71324157714844,25402300,ELSA.JK
2022-12-30,248.71324157714844,251.9018728794196,247.11892592601288,248.71324157714844,25939200,ELSA.JK
2023-01-02,248.71322343934256,255.0904855788129,247.11890790447487,253.4961700439453,24309800,ELSA.JK
2023-01-03,253.496169090271,255.09048461914065,250.3075380325317,255.09048461914065,19792300,ELSA.JK
2023-01-04,253.4961885305552,255.0905041816907,248.71324157714844,248.71324157714844,26433200,ELSA.JK
2023-01-05,248.7132204656732,248.7132204656732,232.7700653076172,232.7700653076172,89481800,ELSA.JK
2023-01-06,232.7700653076172,237.553011855034,227.9871187602004,232.7700653076172,34668900,ELSA.JK
2023-01-09,232.7700643734056,239.1473264110332,232.7700643734056,234.3643798828125,24077800,ELSA.JK
2023-01-10,235.95870971679688,240.7416565353806,234.36439411060232,235.95870971679688,26334600,ELSA.JK
2023-01-11,235.9586963392284,237.553011855034,232.7700653076172,232.7700653076172,14325200,ELSA.JK
2023-01-12,232.7700785044077,239.14734092918604,232.7700785044077,235.95870971679688,16072400,ELSA.JK
2023-01-13,237.55302128038903,245.5245991757041,235.95870570132607,242.33596801757807,33604800,ELSA.JK
2023-01-16,242.3359367021548,245.52456744823576,242.3359367021548,243.9302520751953,14229200,ELSA.JK
2023-01-17,243.93029462374173,251.9018728794196,242.33597897260617,248.71324157714844,32312200,ELSA.JK
2023-01-18,250.3075256347656,253.49615653457155,248.71321018486265,250.3075256347656,18183500,ELSA.JK
2023-01-19,250.3075256347656,251.9018410846685,245.52457928505672,250.3075256347656,17741300,ELSA.JK
2023-01-20,250.30753897421016,255.0904855788129,250.30753897421016,253.4961700439453,22788900,ELSA.JK
2023-01-24,253.49618321768247,259.8734456885676,253.49618321768247,256.684814453125,35779800,ELSA.JK
2023-01-25,258.2791019874283,258.2791019874283,248.71320932122728,251.9018402099609,26156400,ELSA.JK
2023-01-26,251.9018428679436,258.2791047127016,242.33595010080643,247.118896484375,57186900,ELSA.JK
2023-01-27,248.71321018486265,251.9018410846685,247.1188947349597,250.3075256347656,21214700,ELSA.JK
2023-01-30,251.9018728794196,253.4961885305552,248.71324157714844,248.71324157714844,13685500,ELSA.JK
2023-01-31,248.71324157714844,251.9018728794196,245.5246102748773,248.71324157714844,10792000,ELSA.JK
2023-02-01,248.71324157714844,251.9018728794196,248.71324157714844,248.71324157714844,16609800,ELSA.JK
2023-02-02,247.11890790447487,255.0904855788129,247.11890790447487,253.4961700439453,28345100,ELSA.JK
2023-02-03,253.4961556543278,256.6847865430615,250.3075247655941,251.9018402099609,22746700,ELSA.JK
2023-02-06,250.3075256347656,253.49615653457155,247.1188947349597,250.3075256347656,13758400,ELSA.JK
2023-02-07,251.9018428679436,253.49615832913307,247.118896484375,247.118896484375,25322000,ELSA.JK
2023-02-08,250.3075247655941,253.4961556543278,248.71320932122728,251.9018402099609,13802000,ELSA.JK
2023-02-09,253.4961556543278,258.2791019874283,250.3075247655941,251.9018402099609,42722600,ELSA.JK
2023-02-10,251.9018410846685,255.0904719844745,247.1188947349597,250.3075256347656,23453600,ELSA.JK
2023-02-13,251.90184020996097,255.09047109869465,251.90184020996097,251.9018402099609,12435800,ELSA.JK
2023-02-14,255.09047109869465,255.09047109869465,250.3075247655941,251.9018402099609,12690900,ELSA.JK
2023-02-15,251.90184020996097,255.09047109869465,250.3075247655941,251.9018402099609,14388400,ELSA.JK
2023-02-16,251.9018410846685,253.49615653457155,250.3075256347656,250.3075256347656,11146600,ELSA.JK
2023-02-17,250.3075256347656,251.9018410846685,248.71321018486265,250.3075256347656,13776300,ELSA.JK
2023-02-20,251.9018728794196,251.9018728794196,247.11892592601288,248.71324157714844,19940600,ELSA.JK
2023-02-21,248.71324157714844,251.9018728794196,247.11892592601288,248.71324157714844,14131700,ELSA.JK
2023-02-22,248.7132119455645,250.307527406754,247.118896484375,247.118896484375,13791800,ELSA.JK
2023-02-23,247.1189127339945,248.7132283000203,242.3359660359172,245.52459716796875,22749300,ELSA.JK
2023-02-24,247.118896484375,248.7132119455645,245.52458102318548,247.118896484375,10995200,ELSA.JK
2023-02-27,248.7132119455645,248.7132119455645,245.52458102318548,247.118896484375,8797300,ELSA.JK
2023-02-28,247.1189127339945,251.90185943207183,245.52459716796875,245.52459716796875,33797100,ELSA.JK
2023-03-01,245.52458102318548,248.7132119455645,243.93026556199595,247.118896484375,19287800,ELSA.JK
2023-03-02,255.0905085184488,266.25071826613095,247.11893012724727,264.6564025878906,166039400,ELSA.JK
2023-03-03,271.03366530085185,271.03366530085185,261.46777123141004,264.6564025878906,81636200,ELSA.JK
2023-03-06,264.6563843495747,271.0336466230584,264.6563843495747,269.4393310546875,52025300,ELSA.JK
2023-03-07,269.4393496226116,271.03366530085185,261.46777123141004,264.6564025878906,40157200,ELSA.JK
2023-03-08,255.09048089748475,266.2506894367497,255.09048089748475,261.4677429199219,23684100,ELSA.JK
2023-03-09,263.0620547703334,269.4393167041597,261.46773928687685,267.8450012207031,26432700,ELSA.JK
2023-03-10,269.43932238920235,269.43932238920235,256.68479825243537,258.27911376953125,30583100,ELSA.JK
2023-03-13,258.2791119087033,263.0620584255312,255.09048089748475,261.4677429199219,20561900,ELSA.JK
2023-03-14,259.8734511350974,261.46776678623297,247.11892592601288,248.71324157714844,44079900,ELSA.JK
2023-03-15,248.7132119455645,251.9018428679436,245.52458102318548,247.118896484375,16015800,ELSA.JK
2023-03-16,248.7132194674745,248.7132194674745,232.7700643734056,234.3643798828125,58678300,ELSA.JK
2023-03-17,234.36439012226305,243.93028359664112,232.7700745432,242.33596801757807,17014100,ELSA.JK
2023-03-20,243.9302700805664,243.9302700805664,237.55300811767577,239.14732360839844,13868500,ELSA.JK
2023-03-21,240.7416390991211,243.9302700805664,237.55300811767577,239.14732360839844,19197000,ELSA.JK
2023-03-24,239.14733490386567,247.1189127339945,237.55301933783988,245.52459716796875,30038900,ELSA.JK
2023-03-27,243.93028160194297,248.7132283000203,243.93028160194297,245.52459716796875,8580400,ELSA.JK
2023-03-28,248.7132119455645,253.49615832913307,247.118896484375,247.118896484375,14783900,ELSA.JK
2023-03-29,248.71321018486265,253.49615653457155,247.1188947349597,250.3075256347656,19228300,ELSA.JK
2023-03-30,251.9018728794196,253.4961885305552,248.71324157714844,248.71324157714844,14034100,ELSA.JK
2023-03-31,250.307557228284,251.9018728794196,248.71324157714844,248.71324157714844,14097100,ELSA.JK
2023-04-03,256.68480014801025,261.46774673461914,253.496169090271,255.09048461914065,50314800,ELSA.JK
2023-04-04,259.8734274143126,263.0620584255312,255.09048089748475,261.4677429199219,42938300,ELSA.JK
2023-04-05,261.4677337840864,266.2506801337953,250.3075256347656,250.3075256347656,68002500,ELSA.JK
2023-04-06,251.90185943207183,251.90185943207183,243.93028160194297,245.52459716796875,57727300,ELSA.JK
2023-04-10,247.1189127339945,248.7132283000203,243.93028160194297,245.52459716796875,33893800,ELSA.JK
2023-04-11,245.52458102318548,248.7132119455645,242.33595010080643,247.118896484375,33193300,ELSA.JK
2023-04-12,247.118896484375,250.307527406754,245.52458102318548,247.118896484375,16901300,ELSA.JK
2023-04-13,247.11892592601288,250.307557228284,247.11892592601288,248.71324157714844,20899500,ELSA.JK
2023-04-14,248.71320932122728,255.09047109869465,247.11889387686043,251.9018402099609,24859400,ELSA.JK
2023-04-17,251.9018728794196,256.6848198328263,248.71324157714844,248.71324157714844,22625300,ELSA.JK
2023-04-18,247.1188947349597,251.9018410846685,245.52457928505672,250.3075256347656,15772700,ELSA.JK
2023-04-26,250.3075247655941,253.4961556543278,248.71320932122728,251.9018402099609,26425600,ELSA.JK
2023-04-27,251.9018410846685,251.9018410846685,248.71321018486265,250.3075256347656,23293400,ELSA.JK
2023-04-28,250.30755198223991,259.8734456885676,248.71323636451865,256.684814453125,67623900,ELSA.JK
2023-05-02,259.8734292866272,267.84500687210647,256.68479825243537,258.27911376953125,70840900,ELSA.JK
2023-05-03,259.8734456885676,259.8734456885676,251.9018675999612,256.684814453125,31425000,ELSA.JK
2023-05-04,255.0904855788129,256.68480111368046,251.9018545090777,253.4961700439453,39310000,ELSA.JK
2023-05-05,251.90185356140137,258.2791156768799,251.90185356140137,255.09048461914065,29209300,ELSA.JK
2023-05-08,251.9018675999612,259.8734456885676,251.9018675999612,256.684814453125,25780200,ELSA.JK
2023-05-09,256.68478225052723,261.4677285036426,256.68478225052723,259.8734130859375,25327000,ELSA.JK
2023-05-10,259.8734274143126,266.2506894367497,259.8734274143126,261.4677429199219,38068600,ELSA.JK
2023-05-11,261.467744803723,264.6563758379147,258.27911376953125,258.27911376953125,26700500,ELSA.JK
2023-05-12,258.2791300708463,263.0620769240101,256.684814453125,256.684814453125,28080700,ELSA.JK
2023-05-15,256.68480111368046,258.27911664854804,251.9018545090777,253.4961700439453,29908200,ELSA.JK
2023-05-16,253.4961700439453,258.27911664854804,253.4961700439453,253.4961700439453,11996100,ELSA.JK
2023-05-17,251.9018410846685,255.0904719844745,248.71321018486265,250.3075256347656,31745600,ELSA.JK
2023-05-19,250.3075247655941,253.4961556543278,250.3075247655941,251.9018402099609,14926500,ELSA.JK
2023-05-22,251.9018675999612,256.684814453125,250.30755198223991,256.684814453125,15653800,ELSA.JK
2023-05-23,256.68479825243537,261.467744803723,256.68479825243537,258.27911376953125,17153400,ELSA.JK
2023-05-24,259.8734238034203,269.4393167041597,258.2791083199637,267.8450012207031,77782900,ELSA.JK
2023-05-25,269.4393496226116,269.4393496226116,264.6564025878906,264.6564025878906,28449900,ELSA.JK
2023-05-26,264.6563739311404,264.6563739311404,259.8734274143126,261.4677429199219,15701400,ELSA.JK
2023-05-29,261.4677268288352,266.2506730513139,259.8734114213423,263.0620422363281,21324500,ELSA.JK
2023-05-30,263.0620405916682,269.4393021817693,263.0620405916682,266.25067138671875,18382900,ELSA.JK
2023-05-31,267.8449884588068,267.8449884588068,259.8734114213423,263.0620422363281,18163500,ELSA.JK
2023-06-05,269.4393167041597,272.62794767107283,263.0620547703334,267.8450012207031,51799200,ELSA.JK
2023-06-06,269.4393167041597,275.816578637986,267.8450012207031,267.8450012207031,109781700,ELSA.JK
2023-06-07,269.4393310546875,272.6279621914294,266.25069991794567,269.4393310546875,35043100,ELSA.JK
2023-06-08,269.4393131344817,275.8165749838186,269.4393131344817,274.2222595214844,46909500,ELSA.JK
2023-06-09,274.2222595214844,275.8165749838186,271.033628596816,274.2222595214844,16194100,ELSA.JK
2023-06-12,275.8165749838186,275.8165749838186,271.033628596816,274.2222595214844,36203800,ELSA.JK
2023-06-13,274.2222595214844,275.8165749838186,272.6279440591502,274.2222595214844,36139100,ELSA.JK
2023-06-14,277.4108904461528,277.4108904461528,271.033628596816,274.2222595214844,65932100,ELSA.JK
2023-06-15,287.92904568310854,287.92904568310854,275.8601635287268,277.58428955078125,60520200,ELSA.JK
2023-06-16,281.03254159489035,281.03254159489035,277.58428955078125,277.58428955078125,25720600,ELSA.JK
2023-06-19,277.5843149820963,282.7566935221354,277.5843149820963,279.3084411621094,40789900,ELSA.JK
2023-06-20,281.0325622558594,282.75668840466835,277.5843099582415,281.0325622558594,11681000,ELSA.JK
2023-06-21,282.7566935221354,282.7566935221354,277.5843149820963,279.3084411621094,15840700,ELSA.JK
2023-06-22,281.0325522682883,286.2049305308949,279.30842618075286,284.4808044433594,29900200,ELSA.JK
2023-06-23,287.9290668510952,287.9290668510952,279.3084361070504,281.0325622558594,31033500,ELSA.JK
2023-06-26,282.7566935221354,289.6531982421875,281.0325673421224,289.6531982421875,33571300,ELSA.JK
2023-06-27,291.37729868631874,293.10142471404845,286.20492060312966,287.9290466308594,29420400,ELSA.JK
2023-07-03,287.9290670361039,293.1014454858543,287.9290670361039,291.3773193359375,15939300,ELSA.JK
2023-07-04,293.1014657717699,299.99797084875274,291.3773395025242,294.8255920410156,46994200,ELSA.JK
2023-07-05,296.5496826171875,299.99793474064313,293.1014304937318,296.5496826171875,36962400,ELSA.JK
2023-07-06,298.27381001348084,318.96332284678584,296.54968394403875,317.2391967773437,117999300,ELSA.JK
2023-07-07,318.9633433024088,327.58397420247394,312.06683858235675,320.6874694824219,75713600,ELSA.JK
2023-07-10,320.68748499135506,331.0322425717213,315.5151062011719,315.5151062011719,59966100,ELSA.JK
2023-07-11,315.5150909423828,322.4115956624349,313.7909647623697,320.6874694824219,39940900,ELSA.JK
2023-07-12,322.4116008036845,327.58397942620354,317.2392221811656,318.9633483886719,31907600,ELSA.JK
2023-07-13,318.96333827054434,324.1357167289856,315.51508596491686,322.4115905761719,30634700,ELSA.JK
2023-07-14,322.4115956624349,327.58397420247394,317.2392171223958,320.6874694824219,38083200,ELSA.JK
2023-07-17,320.6874594181142,324.1357116699219,318.9633332922104,324.1357116699219,16861500,ELSA.JK
2023-07-18,324.1357116699219,327.58396392172955,322.41158554401807,324.1357116699219,16320900,ELSA.JK
2023-07-20,325.85984802246094,327.58397420247394,320.6874694824219,320.6874694824219,31170300,ELSA.JK
2023-07-21,322.41159073429407,337.928726117228,320.6874645806347,332.75634765625,96883700,ELSA.JK
2023-07-24,336.20459487757734,337.92872100515467,329.30809036726805,334.48046875,40953300,ELSA.JK
2023-07-25,336.2046208457341,339.65287336722884,325.85986328125,325.85986328125,59317500,ELSA.JK
2023-07-26,327.58397926210733,332.75635788203533,324.135726848822,329.30810546875,35775600,ELSA.JK
2023-07-27,331.03224206349205,334.4804945849868,324.13573702050263,325.85986328125,28231800,ELSA.JK
2023-07-28,325.8598428817993,329.3080951874269,318.96333827054434,322.4115905761719,66064600,ELSA.JK
2023-07-31,322.41158102964744,339.6528420472756,318.96332882612177,336.20458984375,90163200,ELSA.JK
2023-08-01,336.20461029532066,341.37698891524866,329.30810546875,329.30810546875,41609500,ELSA.JK
2023-08-02,331.03220600328945,332.75633207622326,322.4115756386205,327.5839538574219,38969700,ELSA.JK
2023-08-03,327.58397926210733,329.30810546875,324.135726848822,329.30810546875,12299100,ELSA.JK
2023-08-04,329.30810531383844,341.3769887546597,329.30810531383844,339.6528625488281,82367900,ELSA.JK
2023-08-07,341.37698860356375,358.6182506542488,339.65286239849524,349.99761962890625,123848100,ELSA.JK
2023-08-08,351.72172523612403,353.4458513402227,344.82522081972945,346.5493469238281,36535200,ELSA.JK
2023-08-09,346.5493321138269,351.7217102050781,344.8252060834099,351.7217102050781,32160700,ELSA.JK
2023-08-10,353.44586181640625,358.6182402820122,348.2734833508003,353.44586181640625,40814500,ELSA.JK
2023-08-11,353.44586181640625,358.6182402820122,351.72173566120426,353.44586181640625,40113500,ELSA.JK
2023-08-14,355.1699826049805,356.89410873413084,344.8252258300781,344.8252258300781,44077200,ELSA.JK
2023-08-15,346.5493469238281,353.4458513402227,343.10109471563084,346.5493469238281,41995100,ELSA.JK
2023-08-16,346.5493570452359,348.27348319968985,337.9287262729664,343.1011047363281,45732500,ELSA.JK
2023-08-18,343.1010942508013,343.1010942508013,331.0322115384615,336.20458984375,79488300,ELSA.JK
2023-08-21,336.2045999635686,336.2045999635686,327.583969195272,332.75634765625,49259700,ELSA.JK
2023-08-22,332.7563376402244,344.8252203525641,332.7563376402244,336.20458984375,17812700,ELSA.JK
2023-08-23,336.20458486128825,341.3769630899235,334.48045878507656,337.9287109375,29244000,ELSA.JK
2023-08-24,337.9287363429965,339.6528625488281,334.4804839313333,339.6528625488281,30252400,ELSA.JK
2023-08-25,339.6528420472756,339.6528420472756,332.7563376402244,336.20458984375,24612100,ELSA.JK
2023-08-28,336.20458486128825,337.9287109375,332.7563327088648,337.9287109375,14697700,ELSA.JK
2023-08-29,339.6528420472756,341.3769681490385,334.48046374198714,336.20458984375,11808700,ELSA.JK
2023-08-30,336.20459487757734,339.65284713273195,334.48046875,334.48046875,15586900,ELSA.JK
2023-08-31,334.48046374198714,337.9287159455128,334.48046374198714,336.20458984375,11502600,ELSA.JK
2023-09-01,337.92872641958843,365.51474490282015,337.92872641958843,353.44586181640625,265942500,ELSA.JK
2023-09-04,356.89410400390625,362.0664823228034,349.99759957871,356.89410400390625,82597600,ELSA.JK
2023-09-05,358.61821432674634,360.3423403571634,349.9975841746611,351.7217102050781,40112100,ELSA.JK
2023-09-06,362.0664772620568,367.2388555086576,355.1699729332557,358.61822509765625,105155500,ELSA.JK
2023-09-07,356.89410904078807,365.5147396939472,355.16998291015625,355.16998291015625,29586200,ELSA.JK
2023-09-08,355.1699729332557,358.61822509765625,349.9975946866549,358.61822509765625,37607000,ELSA.JK
2023-09-11,362.0664772620568,362.0664772620568,353.4458468510554,358.61822509765625,21281900,ELSA.JK
2023-09-12,356.89410933008736,374.1353706503814,356.89410933008736,365.5147399902344,102838000,ELSA.JK
2023-09-13,368.9630025227864,377.5836334228516,367.23887634277344,372.4112548828125,70807300,ELSA.JK
2023-09-14,374.1353655174864,375.859491625862,362.0664827588578,367.2388610839844,36271500,ELSA.JK
2023-09-15,365.5147551780523,377.5836386037428,365.5147551780523,370.6871337890625,31448900,ELSA.JK
2023-09-18,372.4112651504089,375.8595176055052,368.9630126953125,368.9630126953125,37210400,ELSA.JK
2023-09-19,370.6871287027994,375.8595072428385,368.9630025227864,372.4112548828125,24704400,ELSA.JK
2023-09-20,372.41126013942886,372.41126013942886,356.894124300286,360.3423767089844,48909300,ELSA.JK
2023-09-21,362.0664772620568,362.0664772620568,353.4458468510554,358.61822509765625,33104900,ELSA.JK
2023-09-22,362.0664874326836,363.7906135633154,353.44585677952443,355.16998291015625,47416300,ELSA.JK
2023-09-25,355.1699980959368,362.0665029133336,355.1699980959368,360.3423767089844,27463400,ELSA.JK
2023-09-26,360.3423505726427,363.7906027312326,337.92871154180847,348.2734680175781,66261200,ELSA.JK
2023-09-27,348.2734833508003,356.8941141268102,348.2734833508003,353.44586181640625,39033700,ELSA.JK
2023-09-29,355.1699980959368,363.7906291176828,353.4458718915876,360.3423767089844,40624900,ELSA.JK
2023-10-02,360.3423562165044,362.0664823228034,353.44585179130814,356.89410400390625,25374700,ELSA.JK
2023-10-03,353.4458616630516,355.1699878175055,343.1011047363281,343.1011047363281,62744800,ELSA.JK
2023-10-04,344.825241166323,349.9976197838178,339.6528625488281,339.6528625488281,43386400,ELSA.JK
2023-10-05,337.928726117228,344.8252307318653,332.75634765625,332.75634765625,39849900,ELSA.JK
2023-10-06,332.7563376402244,341.3769681490385,329.3080854366987,336.20458984375,35899600,ELSA.JK
2023-10-09,344.82524101370075,355.1699982441117,344.82524101370075,349.99761962890625,50285800,ELSA.JK
2023-10-10,353.4458462554629,356.8940984140528,346.54934193828313,348.2734680175781,31313600,ELSA.JK
2023-10-11,348.2734680175781,351.721720176168,346.54934193828313,348.2734680175781,11073700,ELSA.JK
2023-10-12,348.2734934238377,351.72174583397475,341.37698860356375,349.99761962890625,25848400,ELSA.JK
2023-10-13,349.99759957871,356.89410400390625,348.27347347241096,356.89410400390625,24015200,ELSA.JK
2023-10-16,360.342341250465,367.2388453892299,356.89408918108256,362.06646728515625,69394100,ELSA.JK
2023-10-17,363.79059331984746,363.79059331984746,358.6182152157738,362.06646728515625,29663400,ELSA.JK
2023-10-18,362.0664927405769,368.9629973642069,362.0664927405769,363.7906188964844,34531100,ELSA.JK
2023-10-19,368.96297050924863,368.96297050924863,351.7217102050781,351.7217102050781,40456700,ELSA.JK
2023-10-20,351.72172568500906,362.0664823228034,351.72172568500906,356.89410400390625,19835300,ELSA.JK
2023-10-23,356.8941141268102,360.3423664372142,343.1011048851944,353.44586181640625,42809600,ELSA.JK
2023-10-24,353.4458362354952,355.1699622659122,348.27345814424405,351.7217102050781,14145500,ELSA.JK
2023-10-25,353.4458718915876,363.7906291176828,349.99761948288915,360.3423767089844,32929900,ELSA.JK
2023-10-26,360.34236130205176,363.7906135633154,351.7217306488926,355.16998291015625,20917100,ELSA.JK
2023-10-27,355.1699883841613,384.4801330566406,355.1699883841613,384.4801330566406,157768700,ELSA.JK
2023-10-30,387.9283797066167,396.5490103667637,365.5147399902344,365.5147399902344,114048600,ELSA.JK
2023-10-31,367.23887634277344,372.4112548828125,356.8941192626953,372.4112548828125,39041900,ELSA.JK
2023-11-01,374.1353703471064,374.1353703471064,353.44585677952443,355.16998291015625,60722200,ELSA.JK
2023-11-02,355.1699980959368,363.7906291176828,355.1699980959368,360.3423767089844,23573600,ELSA.JK
2023-11-03,362.0664877261756,372.411244518352,362.0664877261756,365.5147399902344,26497500,ELSA.JK
2023-11-06,363.79060886723335,370.6871133007354,362.0664827588578,367.2388610839844,20547800,ELSA.JK
2023-11-07,367.2388815263812,370.68713393507966,360.3423767089844,360.3423767089844,19428800,ELSA.JK
2023-11-08,358.6182505046352,362.0665029133336,346.54936707419074,360.3423767089844,51275800,ELSA.JK
2023-11-09,358.61823011020533,362.0664823228034,353.44585179130814,356.89410400390625,19200900,ELSA.JK
2023-11-10,355.16998797160824,360.3423664372142,353.44586181640625,353.44586181640625,17921400,ELSA.JK
2023-11-13,355.16998797160824,360.3423664372142,353.44586181640625,353.44586181640625,13041000,ELSA.JK
2023-11-14,355.1699980959368,362.0665029133336,353.4458718915876,360.3423767089844,16790500,ELSA.JK
2023-11-15,360.3423665846694,368.9629973642069,360.3423665846694,363.7906188964844,28309200,ELSA.JK
2023-11-16,363.7906033442571,363.7906033442571,358.61822509765625,358.61822509765625,14428400,ELSA.JK
2023-11-17,360.3423664372142,360.3423664372142,349.9976095060023,353.44586181640625,28973200,ELSA.JK
2023-11-20,355.1699778976072,360.3423562165044,355.1699778976072,356.89410400390625,10037600,ELSA.JK
2023-11-21,360.3423664372142,362.0664925924162,353.44586181640625,353.44586181640625,10559100,ELSA.JK
2023-11-22,355.1699622659122,356.89408829632924,349.9975841746611,351.7217102050781,14653200,ELSA.JK
2023-11-23,351.72173566120426,356.8941141268102,346.5493571955984,353.44586181640625,19554900,ELSA.JK
2023-11-24,353.4458362354952,355.1699622659122,349.9975841746611,351.7217102050781,5711800,ELSA.JK
2023-11-27,353.4458362354952,358.61821432674634,351.7217102050781,351.7217102050781,12030400,ELSA.JK
2023-11-28,351.7217306488926,356.89410904078807,351.7217306488926,355.16998291015625,6830400,ELSA.JK
2023-11-29,358.61823011020533,362.0664823228034,353.44585179130814,356.89410400390625,12390500,ELSA.JK
2023-11-30,360.3423511798565,360.3423511798565,355.1699729332557,358.61822509765625,7935000,ELSA.JK
2023-12-01,358.6182402820122,358.6182402820122,351.72173566120426,353.44586181640625,7682800,ELSA.JK
2023-12-04,353.4458462554629,353.4458462554629,346.54934193828313,348.2734680175781,42423600,ELSA.JK
2023-12-05,348.2734680175781,351.721720176168,344.8252158589882,348.2734680175781,21784300,ELSA.JK
2023-12-06,348.27347302792674,349.9975991320254,346.5493469238281,346.5493469238281,10435200,ELSA.JK
2023-12-07,344.8252152423469,346.5493413185587,336.20458486128825,337.9287109375,41573000,ELSA.JK
2023-12-08,339.6528420472756,344.8252203525641,334.48046374198714,336.20458984375,33871400,ELSA.JK
2023-12-11,337.92872100515467,341.3769732603093,332.75634262242266,334.48046875,28221900,ELSA.JK
2023-12-12,334.4804581491571,334.4804581491571,322.4115756386205,327.5839538574219,49740800,ELSA.JK
2023-12-13,325.85984802246094,325.85984802246094,318.9633433024088,320.6874694824219,44751000,ELSA.JK
2023-12-14,322.41161075975526,329.3081158027447,320.68748449900795,325.85986328125,14446000,ELSA.JK
2023-12-15,329.3081158027447,332.7563683242394,325.85986328125,325.85986328125,15232300,ELSA.JK
2023-12-18,327.5839895419973,332.7563683242394,325.85986328125,325.85986328125,20046300,ELSA.JK
2023-12-19,327.58397420247394,332.756352742513,327.58397420247394,331.0322265625,11172600,ELSA.JK
2023-12-20,332.75634765625,339.6528522708873,331.0322215025907,332.75634765625,19713200,ELSA.JK
2023-12-21,336.20459487757734,336.20459487757734,329.30809036726805,334.48046875,11390100,ELSA.JK
2023-12-22,336.20458984375,341.3769681490385,334.48046374198714,336.20458984375,17320900,ELSA.JK
2023-12-27,336.2045951843262,348.2734780883789,336.2045951843262,344.8252258300781,34675200,ELSA.JK
2023-12-28,344.82520517676767,344.82520517676767,341.376953125,341.376953125,15803800,ELSA.JK
2023-12-29,343.1010993878866,343.1010993878866,332.75634262242266,334.48046875,21587200,ELSA.JK
2024-01-02,334.4804839313333,341.3769887546597,334.4804839313333,339.6528625488281,10666800,ELSA.JK
2024-01-03,339.6528625488281,343.1011149604914,337.9287363429965,339.6528625488281,11561100,ELSA.JK
2024-01-04,343.10108005299287,351.7217102050781,343.10108005299287,351.7217102050781,36494000,ELSA.JK
2024-01-05,351.72172523612403,353.4458513402227,344.82522081972945,346.5493469238281,17593500,ELSA.JK
2024-01-08,346.5493570452359,355.1699878175055,339.6528524274203,343.1011047363281,37966400,ELSA.JK
2024-01-09,343.1010993878866,343.1010993878866,334.48046875,334.48046875,30229500,ELSA.JK
2024-01-10,336.20458984375,339.6528420472756,332.7563376402244,336.20458984375,14878800,ELSA.JK
2024-01-11,337.9287109375,339.65283701371175,336.20458486128825,337.9287109375,10206800,ELSA.JK
2024-01-12,339.65284773446984,355.16998291015625,337.928721603838,355.16998291015625,71856900,ELSA.JK
2024-01-15,358.6182402820122,360.3423664372142,351.72173566120426,353.44586181640625,33337100,ELSA.JK
2024-01-16,353.4458718915876,362.0665029133336,353.4458718915876,360.3423767089844,66257700,ELSA.JK
2024-01-17,358.61821432674634,363.7905924179975,351.7217102050781,351.7217102050781,22313800,ELSA.JK
2024-01-18,353.44586181640625,356.8941141268102,346.5493571955984,353.44586181640625,15694400,ELSA.JK
2024-01-19,353.4458362354952,358.61821432674634,351.7217102050781,351.7217102050781,9778400,ELSA.JK
2024-01-22,351.7217303466797,353.44585647583006,343.10109970092776,344.8252258300781,21376000,ELSA.JK
2024-01-23,348.27347302792674,355.1699774443213,341.37696861153216,346.5493469238281,38755100,ELSA.JK
2024-01-24,346.5493673721546,349.9976197838178,339.6528625488281,339.6528625488281,20760000,ELSA.JK
2024-01-25,339.65284250743355,349.9975991320254,339.65284250743355,346.5493469238281,17051400,ELSA.JK
2024-01-26,349.9975991320254,353.4458513402227,344.82522081972945,346.5493469238281,13402700,ELSA.JK
2024-01-29,349.9975991320254,353.4458513402227,346.5493469238281,346.5493469238281,18807000,ELSA.JK
2024-01-30,346.5493469238281,349.9975991320254,341.37696861153216,346.5493469238281,15348700,ELSA.JK
2024-01-31,346.5493469238281,351.72172523612403,346.5493469238281,346.5493469238281,11643500,ELSA.JK
2024-02-01,348.2734780883789,348.2734780883789,341.37697357177734,344.8252258300781,16001600,ELSA.JK
2024-02-02,346.5493570452359,346.5493570452359,343.1011047363281,343.1011047363281,7938000,ELSA.JK
2024-02-05,343.10107915088383,344.82520517676767,339.65282709911617,341.376953125,10267800,ELSA.JK
2024-02-06,343.1011047363281,346.5493570452359,339.6528524274203,343.1011047363281,8616400,ELSA.JK
2024-02-07,348.27348319968985,348.27348319968985,339.6528524274203,343.1011047363281,9835500,ELSA.JK
2024-02-12,344.82520517676767,346.5493312026515,339.65282709911617,341.376953125,10771500,ELSA.JK
2024-02-13,341.37697357177734,346.54935195922855,341.37697357177734,344.8252258300781,10297100,ELSA.JK
2024-02-15,344.82522081972945,351.72172523612403,343.10109471563084,346.5493469238281,24756200,ELSA.JK
2024-02-16,348.27347302792674,349.9975991320254,344.82522081972945,346.5493469238281,8323000,ELSA.JK
2024-02-19,346.5493570452359,349.9976093541438,343.1011047363281,343.1011047363281,12920400,ELSA.JK
2024-02-20,343.10109471563084,346.5493469238281,341.37696861153216,346.5493469238281,11207600,ELSA.JK
2024-02-21,346.5493570452359,346.5493570452359,341.3769785818742,343.1011047363281,11913700,ELSA.JK
2024-02-22,344.8252310403964,353.44586181640625,341.3769787299924,353.44586181640625,39834900,ELSA.JK
2024-02-23,353.44587203904325,358.6182506542488,349.99761962890625,349.99761962890625,45525500,ELSA.JK
2024-02-26,349.9975991320254,351.72172523612403,344.82522081972945,346.5493469238281,15870700,ELSA.JK
2024-02-27,346.5493469238281,348.27347302792674,343.10109471563084,346.5493469238281,16145800,ELSA.JK
2024-02-28,346.5493469238281,349.9975991320254,344.82522081972945,346.5493469238281,10928200,ELSA.JK
2024-02-29,348.2734934238377,353.44587203904325,344.82524101370075,349.99761962890625,47265500,ELSA.JK
2024-03-01,353.4458615001619,353.4458615001619,325.8598430416127,332.75634765625,168168100,ELSA.JK
2024-03-04,331.0322164948454,339.65284713273195,331.0322164948454,334.48046875,34570000,ELSA.JK
2024-03-05,334.480484088678,337.92873650196333,327.58397926210733,329.30810546875,47957300,ELSA.JK
2024-03-06,329.3081158027447,331.03224206349205,322.41161075975526,325.85986328125,49362100,ELSA.JK
2024-03-07,325.85985305546467,331.03223167539267,325.85985305546467,329.30810546875,20363200,ELSA.JK
2024-03-08,329.30810546875,331.03223167539267,327.58397926210733,329.30810546875,15442800,ELSA.JK
2024-03-13,329.3081158027447,331.03224206349205,324.13573702050263,325.85986328125,25584000,ELSA.JK
2024-03-14,329.30809036726805,336.20459487757734,327.5839642396907,334.48046875,39847100,ELSA.JK
2024-03-15,337.92870107323233,343.10107915088383,336.2045750473485,341.376953125,53194400,ELSA.JK
2024-03-18,341.3769681490385,341.3769681490385,336.20458984375,336.20458984375,32183000,ELSA.JK
2024-03-19,337.9287109375,341.3769630899235,337.9287109375,337.9287109375,16706000,ELSA.JK
2024-03-20,337.9287109375,341.3769630899235,336.20458486128825,337.9287109375,18155000,ELSA.JK
2024-03-21,337.9287159455128,339.6528420472756,336.20458984375,336.20458984375,14891900,ELSA.JK
2024-03-22,337.92872100515467,337.92872100515467,334.48046875,334.48046875,22278500,ELSA.JK
2024-03-25,337.9287109375,337.9287109375,332.7563327088648,337.9287109375,14024200,ELSA.JK
2024-03-26,341.3769630899235,341.3769630899235,336.20458486128825,337.9287109375,12784200,ELSA.JK
2024-03-27,337.9287159455128,339.6528420472756,336.20458984375,336.20458984375,9743300,ELSA.JK
2024-03-28,336.2045999635686,337.928726117228,332.75634765625,332.75634765625,14728600,ELSA.JK
2024-04-01,334.4804581491571,336.20458422209083,327.5839538574219,327.5839538574219,32843200,ELSA.JK
2024-04-02,329.30809036726805,336.20459487757734,329.30809036726805,334.48046875,17704700,ELSA.JK
2024-04-03,334.48044902146466,348.2734572285354,334.48044902146466,341.376953125,68846600,ELSA.JK
2024-04-04,343.10109970092776,348.2734780883789,343.10109970092776,344.8252258300781,31315800,ELSA.JK
2024-04-05,344.8252258300781,348.2734780883789,344.8252258300781,344.8252258300781,14363800,ELSA.JK
2024-04-16,351.7217102050781,356.89408829632924,348.27345814424405,351.7217102050781,72368000,ELSA.JK
2024-04-17,351.72172523612403,355.1699774443213,344.82522081972945,346.5493469238281,28609600,ELSA.JK
2024-04-18,346.5493312026515,346.5493312026515,339.65282709911617,341.376953125,30886000,ELSA.JK
2024-04-19,344.82524101370075,355.1699982441117,344.82524101370075,349.99761962890625,78353000,ELSA.JK
2024-04-22,349.9976093541438,353.4458616630516,341.3769785818742,343.1011047363281,40010000,ELSA.JK
2024-04-23,343.10108977969327,351.721720176168,343.10108977969327,348.2734680175781,30741600,ELSA.JK
2024-04-24,349.9976096492244,365.5147450523919,348.2734834933168,363.7906188964844,111939300,ELSA.JK
2024-04-25,363.7906033442571,365.5147294264573,356.894099015456,358.61822509765625,36942400,ELSA.JK
2024-04-26,356.8940984140528,363.7906027312326,346.54934193828313,348.2734680175781,48280700,ELSA.JK
2024-04-29,348.2734680175781,351.721720176168,343.10108977969327,348.2734680175781,24872100,ELSA.JK
2024-04-30,349.9976241922824,368.9630126953125,348.27349796473425,368.9630126953125,123973800,ELSA.JK
2024-05-02,368.96299750684045,375.8595021331365,362.06649288054433,374.1353759765625,81761400,ELSA.JK
2024-05-03,374.135391377957,377.58364383305343,365.5147602402161,368.9630126953125,28651400,ELSA.JK
2024-05-06,365.5147450523919,370.6871235201144,362.0664927405769,363.7906188964844,25578200,ELSA.JK
2024-05-07,363.79060886723335,370.6871133007354,362.0664827588578,367.2388610839844,28423000,ELSA.JK
2024-05-08,367.2388712082994,367.2388712082994,362.0664927405769,363.7906188964844,24076100,ELSA.JK
2024-05-13,362.0664831710188,381.03187038473885,362.0664831710188,377.5836181640625,58695000,ELSA.JK
2024-05-14,382.7560119628906,396.5490214029948,377.5836334228516,393.1007690429688,87404800,ELSA.JK
2024-05-15,393.1007795854048,396.5490320379084,375.8595173228871,379.3077697753906,83326300,ELSA.JK
2024-05-16,377.5836282897105,382.7560067594326,370.68712366341447,374.1353759765625,35392100,ELSA.JK
2024-05-17,374.1353860570295,382.7560170721685,372.41125985400174,381.0318908691406,24208900,ELSA.JK
2024-05-20,381.0318857828776,399.9972737630208,381.0318857828776,393.1007690429688,64682000,ELSA.JK
2024-05-21,393.1007742903352,393.1007742903352,379.30776466611286,381.0318908691406,25524200,ELSA.JK
2024-05-22,387.92840090664953,391.37665335915307,377.58364354913886,379.3077697753906,23167600,ELSA.JK
2024-05-27,386.20426432291663,386.20426432291663,370.6871287027994,372.4112548828125,47417000,ELSA.JK
2024-05-28,375.6986072246845,384.9069064213679,372.0152875460111,383.0652465820313,44242200,ELSA.JK
2024-05-29,383.0652471746056,390.431886543348,377.5402676480488,379.3819274902344,37276700,ELSA.JK
2024-05-30,379.3819274902344,381.22358733242,372.015288121492,379.3819274902344,18827400,ELSA.JK
2024-05-31,377.5402839547895,379.38194387652015,373.8569641113281,373.8569641113281,18467500,ELSA.JK
2024-06-03,373.8569612186667,388.5902404785156,372.0153013111856,388.5902404785156,23646800,ELSA.JK
2024-06-04,386.7485798580546,392.2735595703125,381.2236001457967,392.2735595703125,35886700,ELSA.JK
2024-06-05,390.431901867263,392.2735617817312,379.3819423804536,381.2236022949219,11628100,ELSA.JK
2024-06-06,383.0652471746056,386.7485668589768,379.3819274902344,379.3819274902344,12583200,ELSA.JK
2024-06-07,383.0652622093901,388.5902419527948,381.2236022949219,381.2236022949219,14825600,ELSA.JK
2024-06-10,381.223603039253,383.065262957317,375.6986232850609,377.540283203125,13444100,ELSA.JK
2024-06-11,381.22358733242,384.9069070167912,377.5402676480488,379.3819274902344,12550400,ELSA.JK
2024-06-12,377.5402839547895,383.0652637199816,372.01530418959743,373.8569641113281,20758300,ELSA.JK
2024-06-13,373.8569491546933,377.54026885079867,370.173629458588,372.0152893066406,12551100,ELSA.JK
2024-06-14,372.0153057155897,375.6986255741599,360.9653461398791,366.4903259277344,39878900,ELSA.JK
2024-06-19,366.4903244244054,375.6986240330588,362.807004580944,373.8569641113281,28598800,ELSA.JK
2024-06-20,373.8569619210713,386.74858129766,373.8569619210713,384.9069213867188,41237500,ELSA.JK
2024-06-21,384.90693367852106,403.323533376058,384.90693367852106,397.7985534667969,58430100,ELSA.JK
2024-06-24,397.7985378564228,403.3235175488731,397.7985378564228,399.6401977539063,15410100,ELSA.JK
2024-06-25,399.6402101516724,414.3734897886004,397.7985501970564,412.5318298339844,38705800,ELSA.JK
2024-06-26,416.2151353930996,416.2151353930996,403.3235161552602,407.0068359375,17042100,ELSA.JK
2024-06-27,407.0068359375,407.0068359375,401.4818562641403,407.0068359375,12131000,ELSA.JK
2024-06-28,407.0068507838894,414.3734906170819,405.1651908255912,408.8485107421875,16544100,ELSA.JK
2024-07-01,408.8484972413234,408.8484972413234,395.95687795893934,399.6401977539063,57327400,ELSA.JK
2024-07-02,401.4818569514305,407.0068366342484,399.6401970571579,403.3235168457031,21191900,ELSA.JK
2024-07-03,403.32353252445887,405.165192490324,399.64021259272863,401.48187255859375,9235100,ELSA.JK
2024-07-04,401.4818562641403,408.84849582862,401.4818562641403,407.0068359375,16232500,ELSA.JK
2024-07-05,407.0068499701364,414.3734897886004,401.4818701062884,412.5318298339844,20345800,ELSA.JK
2024-07-08,412.5318149173207,414.3734748053444,408.84849514127313,410.6901550292969,8992900,ELSA.JK
2024-07-09,410.6901523870823,430.9484110250101,401.481853006206,425.4234313964844,62831800,ELSA.JK
2024-07-10,427.2651069972826,430.9484268851902,419.8984672214674,423.581787109375,40339500,ELSA.JK
2024-07-11,423.581785544371,441.99838491586536,418.0568057329226,430.9484252929688,36229900,ELSA.JK
2024-07-12,432.7900702349618,443.84002947500335,429.1067504882813,429.1067504882813,30596700,ELSA.JK
2024-07-15,432.7900855942528,474.2274342149791,432.7900855942528,465.0191345214844,158963200,ELSA.JK
2024-07-16,465.0191242511456,483.435723231389,458.5733146080604,478.8315734863281,62366500,ELSA.JK
2024-07-17,478.8315840617265,483.4357339084739,465.0191345214844,465.0191345214844,28522300,ELSA.JK
2024-07-18,469.62327067057294,501.8523186577691,465.01912095811633,497.2481689453125,67632400,ELSA.JK
2024-07-19,497.2481621002482,497.2481621002482,483.4357131530192,492.6440124511719,22455100,ELSA.JK
2024-07-22,492.64403634701137,497.24818621941336,474.22743685740346,488.0398864746094,19957700,ELSA.JK
2024-07-23,483.4357366022074,497.24818621941336,478.8315867298055,488.0398864746094,18826300,ELSA.JK
2024-07-24,483.4357093362247,492.6440085616766,469.6232604980469,469.6232604980469,31103400,ELSA.JK
2024-07-25,469.6232843682317,478.8315840617265,451.2066849812423,465.0191345214844,43604300,ELSA.JK
2024-07-26,469.6232739962065,483.435723231389,465.0191242511456,478.8315734863281,19780600,ELSA.JK
2024-07-29,478.83158017113095,492.6440295991444,474.2274303617932,483.4357299804688,37611400,ELSA.JK
2024-07-30,483.4357339084739,483.4357339084739,456.7316647973392,465.0191345214844,56480000,ELSA.JK
2024-07-31,458.5733014275046,478.83155972349874,441.9983628216912,469.6232604980469,207058600,ELSA.JK
2024-08-01,474.2274342149791,483.4357339084739,460.414984674737,465.0191345214844,69067000,ELSA.JK
2024-08-02,465.0191133321538,465.0191133321538,454.8899841308594,454.8899841308594,47815200,ELSA.JK
2024-08-05,447.5233492216839,447.5233492216839,423.5817708682605,429.1067504882813,161121300,ELSA.JK
2024-08-06,430.94842451709815,441.99838412010064,425.4234447155969,434.6317443847656,118784900,ELSA.JK
2024-08-07,436.4734027862549,443.8400424957275,434.6317428588867,441.9983825683594,45528600,ELSA.JK
2024-08-08,441.9983810674949,453.0483405941822,440.1567211463803,449.3650207519531,72786200,ELSA.JK
2024-08-09,449.3650058071309,454.8899853867268,445.6816860874004,447.5233459472656,31811000,ELSA.JK
2024-08-12,449.3650051817602,451.2066650390625,440.1567058952488,451.2066650390625,36736900,ELSA.JK
2024-08-13,456.7316439856402,469.6232629691058,453.0483242760786,454.8899841308594,88332800,ELSA.JK
2024-08-14,456.731659679878,458.573319597942,451.20667992568593,453.04833984375,24319100,ELSA.JK
2024-08-15,453.0483248963648,454.8899847536671,447.5233453244579,451.2066650390625,25036000,ELSA.JK
2024-08-16,453.04833984375,456.731659679878,449.3650200076219,453.04833984375,30424800,ELSA.JK
2024-08-19,454.8899847536671,458.5733044682717,449.3650051817602,451.2066650390625,39880600,ELSA.JK
2024-08-20,451.2066650390625,454.8899847536671,447.5233453244579,451.2066650390625,36256500,ELSA.JK
2024-08-21,453.04834135701833,454.8900012812338,441.9983818117252,445.68170166015625,48664900,ELSA.JK
2024-08-22,445.68170242309566,445.68170242309566,440.1567226409912,441.9983825683594,39934400,ELSA.JK
2024-08-23,443.8400268554688,447.5233465804104,441.99836699299794,443.8400268554688,19174000,ELSA.JK
2024-08-26,445.6817001714939,453.04833984375,443.8400402534298,453.04833984375,39643300,ELSA.JK
2024-08-27,454.8900005152968,460.4149802786405,447.52336083083856,449.3650207519531,55409900,ELSA.JK
2024-08-28,449.3650064428812,451.206666305352,443.8400268554688,443.8400268554688,45216600,ELSA.JK
2024-08-29,445.6816880109441,445.6816880109441,436.473388671875,436.473388671875,66991300,ELSA.JK
2024-08-30,440.1567226409912,445.68170242309566,438.31506271362304,441.9983825683594,35569800,ELSA.JK
2024-09-02,441.9983676287919,441.9983676287919,436.473388033432,440.1567077636719,28811600,ELSA.JK
2024-09-03,438.3150485396888,441.99836827531647,436.473388671875,436.473388671875,22087400,ELSA.JK
2024-09-04,432.7900702349618,436.4733899816423,425.4234307416007,429.1067504882813,47539500,ELSA.JK
2024-09-05,429.1067645832644,434.6317443847656,425.4234447155969,434.6317443847656,21695700,ELSA.JK
2024-09-06,434.631728168312,449.3650070892717,434.631728168312,440.1567077636719,62616300,ELSA.JK
2024-09-09,440.1567241862669,445.6817039877682,429.1067645832644,434.6317443847656,46850800,ELSA.JK
2024-09-10,436.47340431859936,438.3150642524332,434.6317443847656,434.6317443847656,15333700,ELSA.JK
2024-09-11,434.6317294506316,434.6317294506316,427.2650899684176,432.7900695800781,30466900,ELSA.JK
2024-09-12,434.6317428588867,445.68170242309566,434.6317428588867,441.9983825683594,50193500,ELSA.JK
2024-09-13,443.8400424957275,447.5233623504639,436.4734027862549,441.9983825683594,22627700,ELSA.JK
2024-09-17,441.9983825683594,445.68170242309566,438.31506271362304,441.9983825683594,20444200,ELSA.JK
2024-09-18,441.9983825683594,447.5233623504639,441.9983825683594,441.9983825683594,22381400,ELSA.JK
2024-09-19,441.9983810674949,449.3650207519531,438.3150612252657,449.3650207519531,30423600,ELSA.JK
2024-09-20,451.206666305352,454.8899860302937,443.8400268554688,443.8400268554688,34560200,ELSA.JK
2024-09-23,443.8400268554688,449.3650064428812,441.99836699299794,443.8400268554688,17508600,ELSA.JK
2024-09-24,445.681700909724,449.3650207519531,441.9983810674949,449.3650207519531,28740200,ELSA.JK
2024-09-25,453.04834135701833,453.04834135701833,441.9983818117252,445.68170166015625,35079200,ELSA.JK
2024-09-26,445.6816873590318,445.6816873590318,438.315047898552,440.1567077636719,29280300,ELSA.JK
2024-09-27,440.1567077636719,441.9983676287919,436.473388033432,440.1567077636719,19967700,ELSA.JK
2024-09-30,440.1567084075026,441.99836827531647,436.473388671875,436.473388671875,23906300,ELSA.JK
2024-10-01,438.3150642524332,438.3150642524332,430.94842451709815,434.6317443847656,23331600,ELSA.JK
2024-10-02,441.9983852877475,469.6232843682317,441.9983852877475,465.0191345214844,386936100,ELSA.JK
2024-10-03,469.6232629691058,478.8315622430098,453.0483242760786,454.8899841308594,168498700,ELSA.JK
2024-10-04,469.6232604980469,478.83155972349874,465.0191108853209,469.6232604980469,149698300,ELSA.JK
2024-10-07,474.2274237412673,483.435723231389,465.0191242511456,478.8315734863281,100243900,ELSA.JK
2024-10-08,488.0398782869664,492.6440280821265,453.04833984375,453.04833984375,139132900,ELSA.JK
2024-10-09,449.3650064428812,453.0483261678229,441.99836699299794,443.8400268554688,127622400,ELSA.JK
2024-10-10,441.99836699299794,445.6816867179396,440.1567071305271,443.8400268554688,79310000,ELSA.JK
2024-10-11,454.8899853867268,454.8899853867268,447.5233459472656,447.5233459472656,45882200,ELSA.JK
2024-10-14,449.3650064428812,449.3650064428812,441.99836699299794,443.8400268554688,37711400,ELSA.JK
2024-10-15,443.8400417359407,449.3650215085873,441.9983818117252,445.68170166015625,37216500,ELSA.JK
2024-10-16,443.8400250021745,454.8899841308594,441.9983651473937,454.8899841308594,130595000,ELSA.JK
2024-10-17,453.04834135701833,453.04834135701833,445.68170166015625,445.68170166015625,58418200,ELSA.JK
2024-10-18,447.5233615843717,449.3650215085873,443.8400417359407,445.68170166015625,25935300,ELSA.JK
2024-10-21,445.6816860874004,451.2066656669962,438.3150466479392,447.5233459472656,71370600,ELSA.JK
2024-10-22,451.2066650390625,451.2066650390625,445.6816854671556,451.2066650390625,67657600,ELSA.JK
2024-10-23,456.7316446109694,456.7316446109694,449.3650051817602,451.2066650390625,60570000,ELSA.JK
2024-10-24,451.2066656669962,451.2066656669962,447.5233459472656,447.5233459472656,21054400,ELSA.JK
2024-10-25,445.6816873590318,449.3650070892717,438.315047898552,440.1567077636719,56349600,ELSA.JK
2024-10-28,440.1567090622922,440.1567090622922,429.10674983897104,432.7900695800781,39757600,ELSA.JK
2024-10-29,430.9484097095246,438.3150491917387,430.9484097095246,432.7900695800781,35326100,ELSA.JK
2024-10-30,434.6317443847656,438.3150642524332,423.58178478176313,434.6317443847656,101069600,ELSA.JK
2024-10-31,434.631728168312,443.8400274939118,432.790068303192,440.1567077636719,32061700,ELSA.JK
2024-11-01,440.1567090622922,441.9983689328457,432.7900695800781,432.7900695800781,28119700,ELSA.JK
2024-11-04,432.7900695800781,436.4733893211852,427.2650899684176,432.7900695800781,29777100,ELSA.JK
2024-11-05,432.7900702349618,436.4733899816423,427.265090614941,429.1067504882813,15284600,ELSA.JK
2024-11-06,429.10676858277446,432.7900884847725,414.3734889747822,416.2151489257813,63338400,ELSA.JK
2024-11-07,416.21513266750816,427.2650919418668,412.53181290938863,421.7401123046875,32421100,ELSA.JK
2024-11-08,423.581772858876,425.4234327408711,418.0567932128906,418.0567932128906,15364200,ELSA.JK
2024-11-11,416.2151505753801,423.5817904085727,405.1651908255912,408.8485107421875,31276400,ELSA.JK
2024-11-12,408.8485107421875,410.6901707004856,401.48187090899495,408.8485107421875,37250300,ELSA.JK
2024-11-13,410.6901698793684,416.2151497432164,408.8485099247524,412.5318298339844,15549000,ELSA.JK
2024-11-14,412.5318163170662,414.3734762113388,403.3235168457031,403.3235168457031,23168000,ELSA.JK
2024-11-15,407.0068366342484,408.84849652852097,401.4818569514305,403.3235168457031,12013200,ELSA.JK
2024-11-18,403.3235168457031,410.6901564227936,401.4818569514305,403.3235168457031,15858900,ELSA.JK
2024-11-19,407.0068499701364,416.2151497432164,407.0068499701364,412.5318298339844,26219000,ELSA.JK
2024-11-20,414.3734734489004,419.8984530948857,412.53181356690527,418.0567932128906,13640400,ELSA.JK
2024-11-21,418.0567932128906,421.7401129768808,414.3734734489004,418.0567932128906,12502400,ELSA.JK
2024-11-22,419.8984530948857,421.7401129768808,416.2151333308955,418.0567932128906,14957000,ELSA.JK
2024-11-25,421.7401279650237,425.4234478599147,416.2151481226872,419.8984680175781,14299800,ELSA.JK
2024-11-26,418.0568096978324,419.8984696524484,408.8485099247524,412.5318298339844,14921900,ELSA.JK
2024-11-28,414.3734906170819,414.3734906170819,407.0068507838894,408.8485107421875,7822900,ELSA.JK
2024-11-29,407.0068359375,410.69015571973983,403.3235161552602,407.0068359375,14765900,ELSA.JK
2024-12-02,407.0068359375,412.5318156108597,405.1651760463801,407.0068359375,8965900,ELSA.JK
2024-12-03,408.8485107421875,410.6901707004856,405.1651908255912,408.8485107421875,8416100,ELSA.JK
2024-12-04,410.69015435112846,418.05679389105904,410.69015435112846,414.37347412109375,18324400,ELSA.JK
2024-12-05,416.2151481226872,425.4234478599147,410.6901682803506,419.8984680175781,22820700,ELSA.JK
2024-12-06,423.5817708682605,430.9484103616216,419.89845112158,429.1067504882813,21931000,ELSA.JK
2024-12-09,429.1067645832644,436.47340431859936,429.1067645832644,434.6317443847656,24926100,ELSA.JK
2024-12-10,436.4733893211852,436.4733893211852,427.2650899684176,432.7900695800781,14579600,ELSA.JK
2024-12-11,432.7900844509319,438.3150642524332,430.94842451709815,434.6317443847656,19177400,ELSA.JK
2024-12-12,436.4734059037834,438.3150658443057,427.2651062011719,427.2651062011719,7740800,ELSA.JK
2024-12-13,430.9484110250101,430.9484110250101,423.5817715203091,425.4234313964844,6169400,ELSA.JK
2024-12-16,425.4234486807764,427.2651086317754,414.3734889747822,416.2151489257813,15437700,ELSA.JK
2024-12-17,416.2151353930996,421.7401150664593,407.0068359375,407.0068359375,9489600,ELSA.JK
2024-12-18,407.00685161243786,410.6901715365323,405.1651916503906,405.1651916503906,5572600,ELSA.JK
2024-12-19,403.3235342435748,403.3235342435748,390.4319144275701,394.115234375,18734600,ELSA.JK
2024-12-20,394.1152180614559,403.3235175488731,392.2735581639725,399.6401977539063,8088800,ELSA.JK
2024-12-23,399.6402134365506,403.323533376058,395.9568934970432,397.7985534667969,6559000,ELSA.JK
2024-12-24,397.79853856286337,399.64019846361737,394.1152187613554,395.9568786621094,8960700,ELSA.JK
2024-12-27,395.95687795893934,403.3235175488731,394.1152180614559,399.6401977539063,6523300,ELSA.JK
2024-12-30,397.7985534667969,407.0068533155653,397.7985534667969,397.7985534667969,9207400,ELSA.JK
2025-01-02,397.7985371628853,407.0068366342484,397.7985371628853,403.3235168457031,8656200,ELSA.JK
2025-01-03,405.1651767399757,408.84849652852097,403.3235168457031,403.3235168457031,5706700,ELSA.JK
2025-01-06,405.1651916503906,414.3734914606268,403.3235316883434,405.1651916503906,13619800,ELSA.JK
2025-01-07,405.165192490324,407.00685245618905,397.7985526268635,401.48187255859375,13726700,ELSA.JK
2025-01-08,403.3235308672931,410.6901707004856,403.3235308672931,408.8485107421875,9755200,ELSA.JK
2025-01-09,407.0068366342484,408.84849652852097,401.4818569514305,403.3235168457031,7388400,ELSA.JK
2025-01-10,405.1651760463801,408.84849582862,403.3235161552602,407.0068359375,7337300,ELSA.JK
2025-01-13,414.3734897886004,421.7401296070644,410.6901698793684,412.5318298339844,21181200,ELSA.JK
2025-01-14,414.3734906170819,416.2151505753801,407.0068507838894,408.8485107421875,7295700,ELSA.JK
2025-01-15,408.8485107421875,410.6901707004856,403.3235308672931,408.8485107421875,5082600,ELSA.JK
2025-01-16,412.53181423611113,421.7401136610243,410.69015435112846,414.37347412109375,24962200,ELSA.JK
2025-01-17,412.5318149173207,414.3734748053444,408.84849514127313,410.6901550292969,8198900,ELSA.JK
2025-01-20,410.69015571973983,414.37347550197967,405.1651760463801,407.0068359375,7162700,ELSA.JK
2025-01-21,407.00685161243786,408.8485115744851,403.3235316883434,405.1651916503906,11334100,ELSA.JK
2025-01-22,405.165192490324,405.165192490324,399.64021259272863,401.48187255859375,8639200,ELSA.JK
2025-01-23,403.32353252445887,405.165192490324,401.48187255859375,401.48187255859375,3863600,ELSA.JK
2025-01-24,403.32353252445887,405.165192490324,401.48187255859375,401.48187255859375,5120200,ELSA.JK
2025-01-30,407.00685245618905,407.00685245618905,399.64021259272863,401.48187255859375,11116000,ELSA.JK
2025-01-31,403.3235148111979,416.2151340060764,401.4818549262153,414.37347412109375,16560500,ELSA.JK
2025-02-03,416.21513266750816,421.7401123046875,407.00683327220935,421.7401123046875,25068200,ELSA.JK
2025-02-04,421.7401136610243,421.7401136610243,414.37347412109375,414.37347412109375,10433800,ELSA.JK
2025-02-05,414.3734906170819,416.2151505753801,407.0068507838894,408.8485107421875,9417300,ELSA.JK
2025-02-06,412.5318332248264,412.5318332248264,395.9568934970432,397.7985534667969,23007800,ELSA.JK
2025-02-07,399.6402142961449,399.6402142961449,381.22361455899534,394.115234375,16262600,ELSA.JK
2025-02-10,394.1152209414249,394.1152209414249,384.9069213867188,384.9069213867188,16032000,ELSA.JK
2025-02-11,384.9069064213679,388.5902261000413,383.0652465820313,383.0652465820313,16157100,ELSA.JK
2025-02-12,383.0652607560722,392.2735602934778,383.0652607560722,388.5902404785156,5736400,ELSA.JK
2025-02-13,388.5902397621406,392.2735595703125,384.9069199539686,392.2735595703125,3525700,ELSA.JK
2025-02-14,392.273574401285,394.115234375,388.5902544538552,394.115234375,4092200,ELSA.JK
2025-02-17,394.115234375,399.6402142961449,392.273574401285,394.115234375,9464800,ELSA.JK
2025-02-18,394.1152180614559,405.16517744635655,394.1152180614559,399.6401977539063,7097200,ELSA.JK
2025-02-19,399.64019846361737,403.32351826512536,395.9568786621094,395.9568786621094,4934700,ELSA.JK
2025-02-20,397.7985543224299,399.6402142961449,392.273574401285,394.115234375,6228100,ELSA.JK
2025-02-21,394.1152187613554,397.79853856286337,392.2735588606014,395.9568786621094,4239600,ELSA.JK
2025-02-24,395.9568801084401,395.9568801084401,388.5902404785156,388.5902404785156,5065700,ELSA.JK
2025-02-25,388.5902419527948,392.2735617817312,381.2236022949219,381.2236022949219,10850600,ELSA.JK
2025-02-26,377.5402855034449,381.2236053620151,364.6486659984493,366.4903259277344,35616800,ELSA.JK
2025-02-27,366.4903282995669,366.4903282995669,351.75704876993603,355.4403686523437,30690800,ELSA.JK
2025-02-28,353.59869384765625,373.8569523493449,346.2320543924967,353.59869384765625,29546100,ELSA.JK
2025-03-03,357.28202554123914,375.6986247959422,357.28202554123914,370.1736450195313,18408000,ELSA.JK
2025-03-04,370.1736313177615,370.1736313177615,359.12367217394774,360.96533203125,16596500,ELSA.JK
2025-03-05,360.9653476812901,366.4903274927384,357.2820278069912,359.1236877441406,13430600,ELSA.JK
2025-03-06,359.12367217394774,364.6486517458546,357.2820123166454,360.96533203125,20386800,ELSA.JK
2025-03-07,360.9653469027602,366.4903267022922,359.1236869695828,362.8070068359375,7275600,ELSA.JK
2025-03-10,362.8069918885523,364.6486517458546,357.2820123166454,360.96533203125,11373500,ELSA.JK
2025-03-11,357.2820129394531,359.1236727999658,351.7570333579152,357.2820129394531,7652700,ELSA.JK
2025-03-12,359.12367217394774,362.8069918885523,357.2820123166454,360.96533203125,5221000,ELSA.JK
2025-03-13,360.96533203125,364.6486517458546,357.2820123166454,360.96533203125,4244300,ELSA.JK
2025-03-14,360.9653476812901,360.9653476812901,357.2820278069912,359.1236877441406,6031400,ELSA.JK
2025-03-17,360.96533141473327,368.3319708313605,360.96533141473327,364.6486511230469,10935600,ELSA.JK
2025-03-18,364.648668358363,368.3319882407707,346.2320689463245,355.4403686523437,20039100,ELSA.JK
2025-03-19,355.4403537114461,357.282013575236,349.9153741200765,353.59869384765625,6210000,ELSA.JK
2025-03-20,353.5986944901316,355.44035435726767,348.07371488872326,349.9153747558594,15540700,ELSA.JK
2025-03-21,351.7570472368734,375.69862636817896,340.70708763780937,362.8070068359375,39390700,ELSA.JK
2025-03-24,362.8070084171592,366.4903282995669,348.0737288875283,355.4403686523437,18467200,ELSA.JK
2025-03-25,357.28202703640545,366.4903267022922,353.5987071700508,362.8070068359375,11068500,ELSA.JK
2025-03-26,364.6486487527496,381.22358733242,364.6486487527496,379.3819274902344,18499400,ELSA.JK
2025-03-27,368.3319814962233,388.5902404785156,368.3319814962233,388.5902404785156,15479300,ELSA.JK
2025-04-08,349.9153912386155,349.9153912386155,331.498791699741,344.3904113769531,53820500,ELSA.JK
2025-04-09,335.18210856119794,364.6486675555889,335.18210856119794,359.1236877441406,24441500,ELSA.JK
2025-04-10,368.331969018076,384.90690762388937,368.331969018076,375.6986083984375,24759200,ELSA.JK
2025-04-11,375.6986240330588,375.6986240330588,366.4903244244054,373.8569641113281,12125100,ELSA.JK
2025-04-14,370.1736414037045,388.5902404785156,370.1736414037045,388.5902404785156,17840500,ELSA.JK
2025-04-15,388.5902261000413,392.2735457787147,383.0652465820313,383.0652465820313,12951400,ELSA.JK
2025-04-16,384.9069064213679,390.431885939378,379.3819269033579,383.0652465820313,14266300,ELSA.JK
2025-04-17,383.0652607560722,390.4319003859967,381.2236008485912,388.5902404785156,12650700,ELSA.JK
2025-04-21,390.4318989598474,397.79853856286337,390.4318989598474,395.9568786621094,7895600,ELSA.JK
2025-04-22,395.9568926609985,401.48187255859375,390.4319127634031,401.48187255859375,14893800,ELSA.JK
2025-04-23,401.48185836437136,408.84849796738735,395.9568786621094,395.9568786621094,19588500,ELSA.JK
2025-04-24,395.9568926609985,403.32353252445887,395.9568926609985,401.48187255859375,11350400,ELSA.JK
2025-04-25,399.6401963730204,408.84849582862,399.6401963730204,407.0068359375,17348600,ELSA.JK
2025-04-28,408.8485091217851,418.0568088767803,408.8485091217851,416.2151489257813,18547100,ELSA.JK
2025-04-29,418.05679189178335,430.9484110250101,412.5318122632576,425.4234313964844,21502900,ELSA.JK
2025-04-30,430.9484110250101,434.63173077736064,421.7401116441338,425.4234313964844,43640000,ELSA.JK
2025-05-02,429.1067504882813,432.7900702349618,419.89845112158,429.1067504882813,21236600,ELSA.JK
2025-05-05,429.1067669412364,429.1067669412364,416.2151473335598,423.581787109375,16132100,ELSA.JK
2025-05-06,423.58177022731047,432.7900695800781,419.8984504862034,432.7900695800781,25593300,ELSA.JK
2025-05-07,434.6317288040612,440.1567084075026,432.79006893624734,436.473388671875,36229600,ELSA.JK
2025-05-08,436.473388033432,441.9983676287919,430.9484084380721,440.1567077636719,43013100,ELSA.JK
2025-05-09,440.1567097283228,447.5233492216839,425.4234307416007,429.1067504882813,51369000,ELSA.JK
2025-05-14,438.3150472680563,447.5233465804104,438.3150472680563,443.8400268554688,41248900,ELSA.JK
2025-05-15,445.681700909724,454.8900005152968,443.8400409886094,449.3650207519531,31234800,ELSA.JK
2025-05-16,453.0483248963648,454.8899847536671,443.8400256098533,451.2066650390625,19613300,ELSA.JK
2025-05-19,454.8900073933152,488.0398864746094,451.2066874953936,488.0398864746094,111663000,ELSA.JK
2025-05-20,488.0398729764498,497.24817246657153,474.2274237412673,478.8315734863281,49067600,ELSA.JK
2025-05-21,483.4357299804688,492.6440295991444,478.83158017113095,483.4357299804688,41443600,ELSA.JK
2025-05-22,488.039864256791,497.2481635823908,440.1567077636719,440.1567077636719,182732300,ELSA.JK
2025-05-23,453.04834135701833,454.8900012812338,443.8400417359407,445.68170166015625,66582000,ELSA.JK
2025-05-26,451.20667992568593,454.889999761814,447.5233600895579,453.04833984375,62089200,ELSA.JK
2025-05-27,453.0483248963648,454.8899847536671,447.5233453244579,451.2066650390625,41535000,ELSA.JK
2025-05-28,451.2066650390625,453.0483248963648,447.5233453244579,451.2066650390625,38549300,ELSA.JK
2025-06-02,453.0483248963648,456.7316446109694,449.3650051817602,451.2066650390625,84988000,ELSA.JK
2025-06-03,453.0483242760786,454.8899841308594,447.5233447117362,454.8899841308594,93236100,ELSA.JK
2025-06-04,454.0,462.0,450.0,454.0,82660000,ELSA.JK
2025-06-05,456.0,456.0,442.0,446.0,36542500,ELSA.JK
2025-06-10,446.0,462.0,446.0,454.0,54495300,ELSA.JK
2025-06-11,456.0,478.0,454.0,476.0,79013600,ELSA.JK
2025-06-12,486.0,500.0,478.0,478.0,87249800,ELSA.JK
2025-06-13,500.0,510.0,490.0,510.0,222137900,ELSA.JK
2025-06-16,530.0,550.0,505.0,510.0,267489600,ELSA.JK
2025-06-17,515.0,515.0,490.0,505.0,124918800,ELSA.JK
2025-06-18,520.0,525.0,500.0,500.0,89555200,ELSA.JK
2025-06-19,500.0,510.0,484.0,505.0,119146800,ELSA.JK
2025-06-20,505.0,510.0,490.0,494.0,85042900,ELSA.JK
2025-06-23,520.0,520.0,494.0,500.0,135693300,ELSA.JK
2025-06-24,474.0,484.0,462.0,474.0,105154800,ELSA.JK
2025-06-25,472.0,476.0,462.0,466.0,57958600,ELSA.JK
2025-06-26,466.0,474.0,462.0,466.0,24025100,ELSA.JK
2025-06-30,466.0,470.0,458.0,468.0,23282000,ELSA.JK
2025-07-01,468.0,476.0,464.0,466.0,30862400,ELSA.JK
2025-07-02,466.0,468.0,460.0,464.0,23834800,ELSA.JK
2025-07-03,468.0,474.0,466.0,466.0,14445000,ELSA.JK
2025-07-04,472.0,472.0,460.0,464.0,12216400,ELSA.JK
2025-07-07,466.0,472.0,460.0,472.0,14243200,ELSA.JK
2025-07-08,476.0,480.0,472.0,478.0,28359700,ELSA.JK
2025-07-09,480.0,480.0,474.0,476.0,19888800,ELSA.JK
2025-07-10,478.0,488.0,478.0,486.0,27666600,ELSA.JK
2025-07-11,486.0,492.0,486.0,488.0,11166700,ELSA.JK
2025-07-14,490.0,492.0,480.0,486.0,22261100,ELSA.JK
2025-07-15,484.0,484.0,476.0,478.0,22834400,ELSA.JK
2025-07-16,480.0,490.0,480.0,480.0,26561800,ELSA.JK
2025-07-17,484.0,488.0,480.0,486.0,15151500,ELSA.JK
2025-07-18,490.0,505.0,482.0,500.0,75739500,ELSA.JK
2025-07-21,500.0,505.0,498.0,500.0,33942300,ELSA.JK
2025-07-22,505.0,505.0,490.0,490.0,39194200,ELSA.JK
2025-07-23,492.0,498.0,492.0,496.0,20451800,ELSA.JK
2025-07-24,496.0,505.0,496.0,505.0,21977500,ELSA.JK
2025-07-25,505.0,515.0,500.0,505.0,24555200,ELSA.JK
2025-07-28,505.0,505.0,498.0,500.0,21425200,ELSA.JK
2025-07-29,500.0,510.0,498.0,505.0,36354700,ELSA.JK
2025-07-30,510.0,515.0,486.0,496.0,99048300,ELSA.JK
2025-07-31,498.0,500.0,482.0,488.0,39568800,ELSA.JK
2025-08-01,486.0,492.0,484.0,484.0,21349200,ELSA.JK
2025-08-04,480.0,486.0,474.0,484.0,19190200,ELSA.JK
2025-08-05,486.0,488.0,478.0,480.0,14311900,ELSA.JK
2025-08-06,480.0,486.0,480.0,484.0,28675900,ELSA.JK
2025-08-07,484.0,488.0,478.0,480.0,27289800,ELSA.JK
2025-08-08,482.0,484.0,478.0,480.0,8562400,ELSA.JK
2025-08-11,480.0,486.0,480.0,484.0,10456600,ELSA.JK
2025-08-12,484.0,484.0,480.0,484.0,10093600,ELSA.JK
2025-08-13,484.0,488.0,482.0,484.0,19526000,ELSA.JK
2025-08-14,484.0,488.0,480.0,484.0,10403800,ELSA.JK
2025-08-15,486.0,505.0,486.0,500.0,71568900,ELSA.JK
2025-08-19,505.0,515.0,498.0,498.0,33832600,ELSA.JK
2025-08-20,505.0,510.0,498.0,500.0,31736400,ELSA.JK
2025-08-21,505.0,535.0,505.0,525.0,129654000,ELSA.JK
2025-08-22,530.0,530.0,515.0,515.0,32864300,ELSA.JK
2025-08-25,515.0,520.0,510.0,515.0,25272200,ELSA.JK
2025-08-26,520.0,525.0,505.0,505.0,26346100,ELSA.JK
2025-08-27,505.0,515.0,498.0,505.0,22630300,ELSA.JK
2025-08-28,510.0,515.0,505.0,505.0,13058800,ELSA.JK
2025-08-29,505.0,505.0,490.0,492.0,46445600,ELSA.JK
2025-09-01,486.0,488.0,462.0,484.0,36455900,ELSA.JK
2025-09-02,488.0,510.0,488.0,505.0,27871900,ELSA.JK
2025-09-03,505.0,510.0,498.0,500.0,18836300,ELSA.JK
2025-09-04,500.0,505.0,496.0,498.0,10905400,ELSA.JK
2025-09-08,500.0,500.0,490.0,490.0,24318500,ELSA.JK
2025-09-09,490.0,492.0,480.0,490.0,21532500,ELSA.JK
2025-09-10,492.0,496.0,486.0,488.0,11062000,ELSA.JK
2025-09-11,490.0,510.0,490.0,505.0,26042200,ELSA.JK
2025-09-12,505.0,505.0,496.0,498.0,10278900,ELSA.JK
2025-09-15,500.0,505.0,496.0,500.0,9851900,ELSA.JK
2025-09-16,500.0,510.0,498.0,500.0,14770000,ELSA.JK
2025-09-17,500.0,510.0,500.0,505.0,13788900,ELSA.JK
2025-09-18,505.0,510.0,492.0,494.0,15466800,ELSA.JK
2025-09-19,494.0,496.0,490.0,490.0,9696100,ELSA.JK
2025-09-22,490.0,492.0,486.0,488.0,11498100,ELSA.JK
2025-09-23,490.0,494.0,486.0,492.0,16117200,ELSA.JK
2025-09-24,496.0,496.0,486.0,490.0,16570900,ELSA.JK
2025-09-25,496.0,505.0,490.0,494.0,30498000,ELSA.JK
2025-09-26,496.0,498.0,490.0,492.0,9511300,ELSA.JK
2025-09-29,492.0,498.0,490.0,496.0,15724500,ELSA.JK
2025-09-30,496.0,498.0,492.0,494.0,12859200,ELSA.JK
2025-10-01,494.0,494.0,486.0,492.0,25794600,ELSA.JK
2025-10-02,490.0,494.0,486.0,486.0,11277800,ELSA.JK
2025-10-03,488.0,500.0,484.0,488.0,28032900,ELSA.JK
2025-10-06,488.0,496.0,484.0,484.0,17980500,ELSA.JK
2025-10-07,484.0,515.0,484.0,500.0,75471200,ELSA.JK
2025-10-08,505.0,510.0,492.0,505.0,25932300,ELSA.JK
2025-10-09,505.0,510.0,490.0,494.0,26268200,ELSA.JK
2025-10-10,494.0,498.0,488.0,490.0,18465800,ELSA.JK
2025-10-13,484.0,500.0,484.0,496.0,22526800,ELSA.JK
2025-10-14,496.0,500.0,484.0,486.0,22509100,ELSA.JK
2025-10-15,486.0,505.0,480.0,505.0,43230700,ELSA.JK
2025-10-16,498.0,498.0,486.0,488.0,17959400,ELSA.JK
2025-10-17,488.0,490.0,476.0,478.0,24763600,ELSA.JK
2025-10-20,478.0,486.0,476.0,482.0,16535900,ELSA.JK
2025-10-21,484.0,490.0,480.0,486.0,11740500,ELSA.JK
2025-10-22,488.0,505.0,484.0,500.0,61513000,ELSA.JK
2025-10-23,505.0,535.0,505.0,510.0,108422700,ELSA.JK
2025-10-24,515.0,525.0,500.0,505.0,31989700,ELSA.JK
2025-10-27,510.0,525.0,500.0,510.0,41663700,ELSA.JK
2025-10-28,515.0,515.0,505.0,505.0,13081800,ELSA.JK
2025-10-29,505.0,515.0,500.0,510.0,40353100,ELSA.JK
2025-10-30,510.0,515.0,505.0,510.0,21507200,ELSA.JK
2025-10-31,515.0,515.0,510.0,510.0,19400900,ELSA.JK
2025-11-03,515.0,530.0,510.0,525.0,62722100,ELSA.JK
2025-11-04,535.0,575.0,530.0,535.0,241585200,ELSA.JK
2025-11-05,530.0,530.0,510.0,515.0,68384500,ELSA.JK
2025-11-06,515.0,515.0,500.0,505.0,43790900,ELSA.JK
2025-11-07,505.0,515.0,500.0,505.0,20333100,ELSA.JK
2025-11-10,505.0,520.0,505.0,510.0,16576200,ELSA.JK
2025-11-11,515.0,520.0,510.0,510.0,17048300,ELSA.JK
2025-11-12,515.0,535.0,515.0,535.0,52879300,ELSA.JK
2025-11-13,535.0,560.0,525.0,530.0,80626600,ELSA.JK
2025-11-14,530.0,545.0,520.0,540.0,56570400,ELSA.JK
2025-11-17,540.0,570.0,540.0,555.0,83151400,ELSA.JK
2025-11-18,555.0,555.0,525.0,530.0,48827000,ELSA.JK
2025-11-19,530.0,535.0,520.0,525.0,23797300,ELSA.JK
2025-11-20,525.0,545.0,520.0,530.0,25817900,ELSA.JK
2025-11-21,525.0,530.0,520.0,520.0,14377000,ELSA.JK
2025-11-24,520.0,525.0,515.0,515.0,22331700,ELSA.JK
2025-11-25,520.0,520.0,505.0,515.0,20164500,ELSA.JK
2025-11-26,515.0,520.0,510.0,510.0,17771300,ELSA.JK
2025-11-27,510.0,515.0,505.0,510.0,23711600,ELSA.JK
2025-11-28,510.0,510.0,505.0,505.0,12850200,ELSA.JK
2025-12-01,505.0,515.0,500.0,510.0,16934600,ELSA.JK
2025-12-02,515.0,515.0,505.0,510.0,11359700,ELSA.JK
2025-12-03,515.0,515.0,505.0,505.0,13766800,ELSA.JK
2025-12-04,510.0,515.0,505.0,505.0,20128600,ELSA.JK
2025-12-05,510.0,515.0,505.0,505.0,13517600,ELSA.JK
2025-12-08,510.0,515.0,505.0,505.0,13451100,ELSA.JK
2025-12-09,510.0,510.0,500.0,505.0,20800500,ELSA.JK
2025-12-10,505.0,510.0,500.0,500.0,22646900,ELSA.JK
2025-12-11,505.0,505.0,490.0,492.0,47965100,ELSA.JK
2025-12-12,492.0,505.0,490.0,496.0,17274300,ELSA.JK
2025-12-15,500.0,505.0,492.0,494.0,17035800,ELSA.JK
2025-12-16,494.0,498.0,492.0,494.0,9419800,ELSA.JK
2025-12-17,494.0,500.0,492.0,498.0,14648800,ELSA.JK
2025-12-18,505.0,505.0,494.0,496.0,17459600,ELSA.JK
2025-12-19,498.0,500.0,492.0,494.0,12930500,ELSA.JK
2025-12-22,494.0,498.0,492.0,492.0,20226500,ELSA.JK
2025-12-23,492.0,498.0,490.0,494.0,12665200,ELSA.JK
2025-12-24,494.0,496.0,490.0,492.0,10746400,ELSA.JK
2025-12-29,492.0,496.0,490.0,492.0,10745300,ELSA.JK
2025-12-30,492.0,500.0,492.0,498.0,10933500,ELSA.JK
2026-01-02,500.0,515.0,498.0,510.0,33904100,ELSA.JK
2026-01-05,530.0,535.0,510.0,520.0,74710800,ELSA.JK
2026-01-06,520.0,525.0,505.0,510.0,27706100,ELSA.JK
2026-01-07,510.0,520.0,505.0,515.0,24317800,ELSA.JK
2026-01-08,515.0,520.0,510.0,515.0,26994100,ELSA.JK
2026-01-09,520.0,530.0,515.0,525.0,53627100,ELSA.JK
2026-01-12,530.0,535.0,510.0,525.0,42037400,ELSA.JK
2026-01-13,530.0,530.0,520.0,520.0,25533400,ELSA.JK
2026-01-14,530.0,545.0,530.0,535.0,62040400,ELSA.JK
2026-01-15,535.0,540.0,530.0,540.0,23729300,ELSA.JK
2026-01-19,545.0,550.0,535.0,535.0,22821500,ELSA.JK
2026-01-20,545.0,560.0,535.0,550.0,64977900,ELSA.JK
2026-01-21,550.0,555.0,535.0,540.0,28228100,ELSA.JK
2026-01-22,540.0,610.0,540.0,590.0,180895000,ELSA.JK
2026-01-23,585.0,595.0,560.0,580.0,54878200,ELSA.JK
2026-01-26,600.0,720.0,595.0,710.0,335689500,ELSA.JK
2026-01-27,680.0,685.0,625.0,650.0,195466700,ELSA.JK
2026-01-28,610.0,675.0,600.0,635.0,125291900,ELSA.JK
2026-01-29,635.0,655.0,540.0,645.0,155582600,ELSA.JK
2026-01-30,660.0,705.0,640.0,685.0,172390000,ELSA.JK
2026-02-02,655.0,690.0,620.0,675.0,126426400,ELSA.JK
2026-02-03,675.0,730.0,655.0,720.0,165054700,ELSA.JK
2026-02-04,730.0,770.0,685.0,685.0,125075800,ELSA.JK
2026-02-05,685.0,730.0,685.0,705.0,64901300,ELSA.JK
2026-02-06,670.0,710.0,655.0,705.0,116721600,ELSA.JK
2026-02-09,710.0,735.0,690.0,720.0,60023800,ELSA.JK
2026-02-10,720.0,790.0,705.0,775.0,170611700,ELSA.JK
2026-02-11,775.0,785.0,745.0,770.0,85036500,ELSA.JK
2026-02-12,770.0,775.0,730.0,745.0,73293900,ELSA.JK
2026-02-13,725.0,770.0,725.0,740.0,50325900,ELSA.JK
2026-02-18,740.0,810.0,730.0,805.0,141731400,ELSA.JK
2026-02-19,815.0,850.0,790.0,810.0,145290900,ELSA.JK
2026-02-20,820.0,840.0,790.0,800.0,84526100,ELSA.JK
2026-02-23,800.0,810.0,775.0,810.0,92821600,ELSA.JK
2026-02-24,810.0,810.0,775.0,780.0,51144800,ELSA.JK
2026-02-25,780.0,840.0,755.0,840.0,120061500,ELSA.JK
2026-02-26,835.0,855.0,800.0,845.0,101365100,ELSA.JK
2026-02-27,845.0,870.0,825.0,850.0,59852200,ELSA.JK
2026-03-02,935.0,1050.0,875.0,1000.0,753363000,ELSA.JK
2026-03-03,1000.0,1010.0,925.0,940.0,408328000,ELSA.JK
2026-03-04,940.0,980.0,865.0,875.0,390953300,ELSA.JK
2026-03-05,900.0,905.0,855.0,860.0,160526400,ELSA.JK
2026-03-06,875.0,940.0,850.0,850.0,341138400,ELSA.JK
2026-03-09,925.0,930.0,830.0,840.0,329777600,ELSA.JK
2026-03-10,800.0,825.0,765.0,805.0,291265200,ELSA.JK
2026-03-11,805.0,805.0,735.0,750.0,183700800,ELSA.JK
2026-03-12,765.0,780.0,740.0,745.0,125844500,ELSA.JK
2026-03-13,745.0,755.0,705.0,710.0,132125000,ELSA.JK
2026-03-16,715.0,720.0,675.0,705.0,98955500,ELSA.JK
2026-03-17,710.0,730.0,695.0,695.0,80365500,ELSA.JK
2026-03-25,690.0,740.0,680.0,720.0,87086800,ELSA.JK
2026-03-26,735.0,740.0,705.0,720.0,65930800,ELSA.JK
2026-03-27,720.0,735.0,705.0,730.0,47953800,ELSA.JK
2026-03-30,750.0,770.0,725.0,740.0,114574700,ELSA.JK
2026-03-31,745.0,755.0,725.0,745.0,72513400,ELSA.JK
2026-04-01,750.0,750.0,705.0,710.0,54105600,ELSA.JK
2026-04-02,720.0,735.0,710.0,710.0,44374600,ELSA.JK
2026-04-06,715.0,725.0,710.0,715.0,28062900,ELSA.JK
2026-04-07,720.0,730.0,715.0,715.0,25377900,ELSA.JK
2026-04-08,695.0,700.0,655.0,700.0,100026300,ELSA.JK
2026-04-09,700.0,720.0,685.0,690.0,50331200,ELSA.JK
2026-04-10,695.0,700.0,685.0,690.0,26198800,ELSA.JK
2026-04-13,705.0,725.0,700.0,715.0,87017500,ELSA.JK
2026-04-14,720.0,735.0,710.0,735.0,54270600,ELSA.JK
2026-04-15,730.0,745.0,725.0,725.0,38671300,ELSA.JK
2026-04-16,730.0,735.0,705.0,710.0,22648900,ELSA.JK
2026-04-17,710.0,725.0,705.0,725.0,19189200,ELSA.JK
2026-04-20,735.0,750.0,725.0,725.0,46786200,ELSA.JK
2026-04-21,730.0,735.0,715.0,720.0,20041400,ELSA.JK
2026-04-22,725.0,750.0,725.0,730.0,28183300,ELSA.JK
2026-04-23,740.0,805.0,735.0,805.0,223798300,ELSA.JK
2026-04-24,820.0,825.0,760.0,780.0,141421400,ELSA.JK
2026-04-27,785.0,790.0,750.0,780.0,45315200,ELSA.JK
2026-04-28,795.0,840.0,780.0,830.0,189633100,ELSA.JK
2026-04-29,830.0,845.0,810.0,830.0,80246300,ELSA.JK
2026-04-30,845.0,845.0,785.0,790.0,70132500,ELSA.JK
2026-05-04,785.0,790.0,755.0,765.0,32925000,ELSA.JK
2026-05-05,785.0,790.0,770.0,775.0,27170400,ELSA.JK
2026-05-06,780.0,785.0,755.0,765.0,28501400,ELSA.JK
2026-05-07,765.0,765.0,715.0,720.0,52438300,ELSA.JK
2026-05-08,720.0,735.0,705.0,710.0,28149800,ELSA.JK
2026-05-11,715.0,725.0,680.0,690.0,44621900,ELSA.JK
2026-05-12,695.0,720.0,695.0,715.0,31455700,ELSA.JK
2026-05-13,710.0,710.0,690.0,700.0,23133600,ELSA.JK
2026-05-14,700.0,700.0,700.0,700.0,0,ELSA.JK
2026-05-15,700.0,700.0,700.0,700.0,0,ELSA.JK
2026-05-18,700.0,710.0,660.0,700.0,38158500,ELSA.JK
2026-05-19,710.0,715.0,670.0,680.0,29506800,ELSA.JK
2026-05-20,680.0,695.0,660.0,685.0,26332600,ELSA.JK
2026-05-21,685.0,695.0,630.0,640.0,31770200,ELSA.JK
2026-05-22,625.0,660.0,610.0,660.0,28438600,ELSA.JK
2026-05-25,665.0,670.0,625.0,650.0,25954600,ELSA.JK
2026-05-26,650.0,670.0,635.0,635.0,12808200,ELSA.JK
