Date,Open,High,Low,Close,Volume,ticker
2021-05-10,73.24107269351953,79.95750427246094,71.96175384521484,79.95750427246094,130595500,SMDR.JK
2021-05-11,79.9575039648912,83.95537916313576,78.35835388559337,78.99801635742188,112060500,SMDR.JK
2021-05-17,79.31784409231014,79.31784409231014,73.56090605829237,73.8807373046875,78987000,SMDR.JK
2021-05-18,73.88074036769036,78.35835970203775,71.96175891003466,78.03852844238281,52793000,SMDR.JK
2021-05-19,78.35835233457101,80.75707740603747,74.20056465080513,77.39886474609375,40401500,SMDR.JK
2021-05-20,77.39887903527729,78.99802937815265,76.75921645801738,77.71870422363281,16401000,SMDR.JK
2021-05-21,77.7186952440423,83.95538330078125,77.39887009263926,83.95538330078125,151551500,SMDR.JK
2021-05-24,86.35410701418385,87.95325714407615,78.35835636472238,82.35623168945312,97699500,SMDR.JK
2021-05-25,79.95750720684345,85.5545327113225,79.95750720684345,83.15580749511719,26083000,SMDR.JK
2021-05-27,83.95538256718562,84.75495763925406,80.75708227891188,83.15580749511719,15653500,SMDR.JK
2021-05-28,83.15580412348685,83.95537916313576,77.39886627812405,78.99801635742188,42726000,SMDR.JK
2021-05-31,78.67818450927734,80.75707837613302,78.35835327585184,78.67818450927734,30651000,SMDR.JK
2021-06-02,78.67819177987856,79.95751073152822,78.35836051689765,79.3178482055664,19528000,SMDR.JK
2021-06-03,79.31784087585496,79.95750334270596,77.39886567584873,78.67818450927734,21023000,SMDR.JK
2021-06-04,78.67818389204925,78.67818389204925,75.47988378343157,78.35835266113281,41928000,SMDR.JK
2021-06-07,77.71869080900083,79.31784087585496,77.39886567584873,78.67818450927734,17647500,SMDR.JK
2021-06-08,77.71869019929994,79.95750271544165,77.39886506865685,78.35835266113281,26321500,SMDR.JK
2021-06-09,78.35835636472238,83.95538181934542,78.35835636472238,82.35623168945312,65905500,SMDR.JK
2021-06-10,83.15580749511719,84.75495763925406,81.55665735098032,83.15580749511719,30744000,SMDR.JK
2021-06-11,84.75495611452588,85.55453117221009,81.55665588378906,81.55665588378906,26304500,SMDR.JK
2021-06-14,82.35623094147327,84.75495611452588,81.55665588378906,81.55665588378906,22080500,SMDR.JK
2021-06-15,81.55664571126302,94.34984503851996,80.75707075330946,93.5502700805664,207690000,SMDR.JK
2021-06-16,94.34984861101422,97.54814856392996,89.55239868164062,89.55239868164062,114199500,SMDR.JK
2021-06-17,89.55239192996406,92.75069164174847,88.75281700201795,90.35196685791016,33751500,SMDR.JK
2021-06-18,90.35197903694365,90.35197903694365,84.75495378686747,87.15367889404297,56804500,SMDR.JK
2021-06-21,87.15368361700149,87.15368361700149,81.55665806361607,83.95538330078125,32678500,SMDR.JK
2021-06-22,83.95538542005751,87.95326091625071,82.35623522158022,86.35411071777344,24803500,SMDR.JK
2021-06-23,87.9532453748915,94.34984503851996,86.35409545898438,93.5502700805664,72165500,SMDR.JK
2021-06-24,94.34985820034092,98.347733547813,89.55240778337445,91.15155792236328,81563000,SMDR.JK
2021-06-25,91.95112016465929,102.34559461805556,90.35197024875217,93.5502700805664,158714000,SMDR.JK
2021-06-28,92.75070190429688,97.548152002795,90.35197685504782,92.75070190429688,38550000,SMDR.JK
2021-06-29,92.75069778029984,95.1494227228938,86.3540979333826,88.75282287597656,43278500,SMDR.JK
2021-06-30,88.75281700201795,91.95111671380238,84.75494236228741,90.35196685791016,36785000,SMDR.JK
2021-07-01,91.15155792236328,92.7507080613521,87.1536825748912,91.15155792236328,23969000,SMDR.JK
2021-07-02,91.15154865809848,91.15154865809848,87.15367371695382,89.55239868164062,20762500,SMDR.JK
2021-07-05,89.55239785684122,91.15154781857052,87.15367291424725,88.75282287597656,16536000,SMDR.JK
2021-07-06,88.75281700201795,91.95111671380238,87.95324207407184,90.35196685791016,33284000,SMDR.JK
2021-07-07,92.75069863455636,93.5502736227853,88.75282369341168,89.55239868164062,25650500,SMDR.JK
2021-07-08,89.55239785684122,91.15154781857052,87.15367291424725,88.75282287597656,18836000,SMDR.JK
2021-07-09,90.38131757882924,90.38131757882924,84.68159484863281,84.68159484863281,49638000,SMDR.JK
2021-07-12,83.86734560220548,86.31008382362894,81.42460738078202,82.23885345458984,35733000,SMDR.JK
2021-07-13,82.23886313558627,96.89529418945312,82.23886313558627,96.89529418945312,100501500,SMDR.JK
2021-07-14,99.33803182934956,112.36597042992,96.08104717920698,102.5950164794922,422615500,SMDR.JK
2021-07-15,103.40925390625,104.2235,96.0810390625,101.78076171875,84086000,SMDR.JK
2021-07-16,102.59501380046817,110.73747521320372,100.15227537664748,106.66624450683594,123467000,SMDR.JK
2021-07-19,105.85198974609376,108.2947279710036,101.780759371244,105.85198974609376,33810500,SMDR.JK
2021-07-21,105.85198999420412,108.29472822483962,99.3380213791762,100.15226745605467,79787000,SMDR.JK
2021-07-22,100.15226745605467,103.40925176356866,97.7095292254192,100.15226745605467,25602500,SMDR.JK
2021-07-23,100.15226953125,103.40925390625,99.3380234375,101.78076171875,27880000,SMDR.JK
2021-07-26,101.78075619597934,110.73746274122551,100.9665101464115,109.10897064208984,67032500,SMDR.JK
2021-07-27,109.10897064208984,113.180200889929,106.66623249338632,109.10897064208984,56843000,SMDR.JK
2021-07-28,108.29473114013672,112.36596163412682,106.66623894254067,108.29473114013672,16867000,SMDR.JK
2021-07-29,109.10897234291028,135.16484633524706,108.29472628064975,127.83663177490234,520977500,SMDR.JK
2021-07-30,129.46513709243462,130.27938323767006,119.69418334960938,119.69418334960938,140632500,SMDR.JK
2021-08-02,112.3659657944728,118.065688697091,111.55171966552736,111.55171966552734,155396000,SMDR.JK
2021-08-03,111.5517122708834,112.36595834585336,104.22349759615383,105.85198974609376,150326500,SMDR.JK
2021-08-04,106.66623249338632,111.55170879079334,104.22349434468283,109.10897064208984,90610500,SMDR.JK
2021-08-05,110.7374694365308,111.5517155353288,107.4804850413387,108.29473114013672,41141000,SMDR.JK
2021-08-06,108.29473114013672,109.92322333773276,105.03774674494464,108.29473114013672,33204500,SMDR.JK
2021-08-09,107.48048189603364,109.10897404597355,104.22349759615383,105.85198974609376,31618000,SMDR.JK
2021-08-10,106.66624146699904,108.29473370313644,101.78076475858688,104.22350311279295,27314500,SMDR.JK
2021-08-12,105.0377436711238,108.2947279710036,100.15226722130409,105.85198974609376,42091000,SMDR.JK
2021-08-13,109.10898393573184,110.73747623328006,106.66624548940948,107.4804916381836,61267000,SMDR.JK
2021-08-16,108.29473678938304,109.1089829306566,104.22350608301528,106.66624450683594,25823500,SMDR.JK
2021-08-18,107.48048653189592,108.29473264198604,102.5950098713552,103.40925598144533,22093500,SMDR.JK
2021-08-19,102.59501451061618,105.03775295134514,97.70953762915826,100.96652221679688,39325000,SMDR.JK
2021-08-20,100.96651765117495,107.48048653189592,98.5237793209046,103.40925598144533,102676000,SMDR.JK
2021-08-23,105.03774820162556,105.85199431171569,102.5950098713552,103.40925598144533,31014000,SMDR.JK
2021-08-24,103.40925699472427,107.48048758506776,103.40925699472427,104.22350311279295,27041500,SMDR.JK
2021-08-25,106.6662404218058,107.48048653189592,102.5950098713552,103.40925598144533,16947000,SMDR.JK
2021-08-26,103.4092532370588,115.62294456427044,102.595007148578,113.18020629882812,380907500,SMDR.JK
2021-08-27,113.9944523873089,114.80869847578968,108.29472976794344,113.18020629882812,114316500,SMDR.JK
2021-08-30,113.99445049579327,118.06568087064304,105.85198974609376,105.85198974609376,260863500,SMDR.JK
2021-08-31,98.52378566681392,104.2235088045635,98.52378566681392,102.5950164794922,126535000,SMDR.JK
2021-09-01,105.03774391732564,105.03774391732564,98.5237753022977,100.15226745605467,66960000,SMDR.JK
2021-09-02,100.15227154108484,103.40925598144533,100.15227154108484,103.40925598144533,37233500,SMDR.JK
2021-09-03,103.40925699472427,105.03774923086166,102.59501087665558,104.22350311279295,28574000,SMDR.JK
2021-09-06,112.3659609375,112.3659609375,100.966515625,101.78076171875,46639500,SMDR.JK
2021-09-07,101.78076171875,103.40925390625,100.966515625,101.78076171875,22756500,SMDR.JK
2021-09-08,101.78077031695652,103.40926264202784,100.15227799188524,102.5950164794922,25627000,SMDR.JK
2021-09-09,102.5950078125,102.5950078125,100.15226953125,101.78076171875,24614000,SMDR.JK
2021-09-10,101.78076171875,104.2235,100.966515625,101.78076171875,20999000,SMDR.JK
2021-09-13,101.78077031695652,103.40926264202784,100.15227799188524,102.5950164794922,22847000,SMDR.JK
2021-09-14,102.59500544621396,107.48048189603364,102.59500544621396,105.85198974609376,59970000,SMDR.JK
2021-09-15,105.85199284374266,109.92322333773276,105.03774674494464,108.29473114013672,41027000,SMDR.JK
2021-09-16,110.73747521320372,110.73747521320372,105.85199836556238,106.66624450683594,17352500,SMDR.JK
2021-09-17,107.48048862191132,109.10898087375848,103.40925799229348,105.03775024414062,19853500,SMDR.JK
2021-09-20,105.03774609375,105.03774609375,101.78076171875,101.78076171875,15505000,SMDR.JK
2021-09-21,100.96651353293318,101.78075960981168,97.7095292254192,100.15226745605467,42785000,SMDR.JK
2021-09-22,100.15227799188524,103.40926264202784,99.33803182934956,102.5950164794922,43918000,SMDR.JK
2021-09-23,104.22350311279295,105.03774923086166,102.59501087665558,104.22350311279295,21789500,SMDR.JK
2021-09-24,105.03774923086166,108.29473370313644,103.40925699472427,104.22350311279295,44206000,SMDR.JK
2021-09-27,104.22350209153544,105.85199431171569,102.5950098713552,103.40925598144533,16919000,SMDR.JK
2021-09-28,103.40925994174172,107.4804906481095,102.59501380046817,106.66624450683594,39368000,SMDR.JK
2021-09-29,106.66623660101406,114.80869741025178,105.03774443916652,112.36595916748048,112292500,SMDR.JK
2021-09-30,112.36596163412682,113.18020773292484,106.66623894254067,108.29473114013672,52226000,SMDR.JK
2021-10-01,108.2947326982525,116.43719380338428,107.48048658773934,115.6229476928711,118901500,SMDR.JK
2021-10-04,117.25144295528015,121.3226736134496,113.18021229711071,118.06568908691406,141964500,SMDR.JK
2021-10-05,119.694178245437,121.32267046646334,112.3659632508184,115.6229476928711,134600000,SMDR.JK
2021-10-06,114.8087045603785,121.3226736134496,113.9944584287446,118.06568908691406,75678500,SMDR.JK
2021-10-07,118.06568173394686,120.5084199767182,111.55171308655667,112.36595916748048,74825000,SMDR.JK
2021-10-08,112.36596971877076,114.80870819091795,112.36596971877076,114.80870819091795,14835000,SMDR.JK
2021-10-11,115.62294456427044,117.251436741232,113.18020629882812,113.18020629882812,28133500,SMDR.JK
2021-10-12,113.99445805236373,116.43719643920008,108.29473514974552,111.55171966552734,49516500,SMDR.JK
2021-10-13,111.5517155353288,111.5517155353288,105.85199284374266,108.29473114013672,64646500,SMDR.JK
2021-10-14,108.29473416945514,111.55171865575454,107.48048804788029,110.73747253417967,30067500,SMDR.JK
2021-10-15,112.36596853082833,112.36596853082833,105.85199934063536,107.4804916381836,54385000,SMDR.JK
2021-10-18,108.2947389318588,114.80870819091795,105.8520004597116,114.80870819091795,77987000,SMDR.JK
2021-10-19,116.43719643920008,116.43719643920008,110.7374735365819,111.55171966552734,59339000,SMDR.JK
2021-10-21,111.55171865575454,113.18021089890424,109.10898029103,110.73747253417967,46605000,SMDR.JK
2021-10-22,110.7374735365819,112.3659657944728,109.92322740763645,111.55171966552734,14751500,SMDR.JK
2021-10-25,111.55172356138836,114.80870819091795,111.55172356138836,114.80870819091795,43580500,SMDR.JK
2021-10-26,115.62295069201238,120.50842748181572,113.9944584287446,118.06568908691406,149302000,SMDR.JK
2021-10-27,118.06568908691403,123.76541200835128,117.25144295528015,118.06568908691406,91348000,SMDR.JK
2021-10-28,118.06568602441062,120.50842435595015,111.5517171403052,115.6229476928711,62697000,SMDR.JK
2021-10-29,115.62296385865112,118.87994875607792,114.80871763429442,116.4372100830078,31772500,SMDR.JK
2021-11-01,138.42184604742587,143.3073229667468,123.76541528946316,127.02239990234376,322693500,SMDR.JK
2021-11-02,127.8366460555639,132.72212297488483,124.57966144268327,127.02239990234376,106770000,SMDR.JK
2021-11-03,127.02241026680424,131.09364136509924,127.02241026680424,129.46514892578125,53295000,SMDR.JK
2021-11-04,130.27938751403445,137.60760306169888,129.46514134207172,135.97911071777344,133906500,SMDR.JK
2021-11-05,135.97910678606092,139.23609137973904,131.90787604396328,132.7221221923828,76492500,SMDR.JK
2021-11-08,132.72213208544386,149.82130247682005,132.72213208544386,148.19281005859375,156053000,SMDR.JK
2021-11-09,149.00702142715454,161.22071170806885,145.75003735224408,156.33523559570312,132318000,SMDR.JK
2021-11-10,155.52102181346146,163.6634836885118,152.26403706344132,157.96376037597656,78273500,SMDR.JK
2021-11-11,157.96373831871713,166.10619905679533,157.1494922449093,164.4777069091797,100436500,SMDR.JK
2021-11-12,164.4777249563769,166.92046344582803,157.96375565117384,160.406494140625,64217000,SMDR.JK
2021-11-15,161.2207391617146,164.4777237912442,150.63553911574343,153.07827758789062,83754000,SMDR.JK
2021-11-16,153.89248839668605,157.14947227809742,149.00701257456905,149.82125854492188,52104500,SMDR.JK
2021-11-17,149.82128246410474,152.26402076514992,142.49306756096917,150.63552856445312,58696500,SMDR.JK
2021-11-18,150.6355045152747,152.2639964559804,148.19276660421622,149.82125854492188,22881500,SMDR.JK
2021-11-19,149.82129295836103,157.1495083748026,149.00704680097863,153.07827758789062,59750500,SMDR.JK
2021-11-22,153.0782644171464,156.33524876644736,152.26401832982114,154.70675659179688,23685000,SMDR.JK
2021-11-23,155.52102594061213,155.52102594061213,144.93582522214115,148.19281005859375,49945500,SMDR.JK
2021-11-24,148.19276660421622,152.2639964559804,148.19276660421622,149.82125854492188,18801000,SMDR.JK
2021-11-25,149.82125854492188,153.07824242633322,149.82125854492188,149.82125854492188,17985000,SMDR.JK
2021-11-26,149.82129467492817,150.63554084163974,140.86458684110093,141.6788330078125,55629000,SMDR.JK
2021-11-29,141.67883971109558,142.49308591633175,135.1648700692061,140.86459350585938,29569000,SMDR.JK
2021-11-30,140.86456516810827,151.44976370675224,140.86456516810827,142.49305725097656,84560500,SMDR.JK
2021-12-01,143.30733280391485,154.70677973149898,142.4930865948017,148.19281005859375,84863500,SMDR.JK
2021-12-02,148.1927861166264,149.00703219419026,144.12155572880698,147.3785400390625,27687000,SMDR.JK
2021-12-03,149.00703838164793,153.8925150498987,146.56430004752258,152.26402282714844,46263000,SMDR.JK
2021-12-06,152.26402282714844,159.59223782952458,151.4497767157733,152.26402282714844,57022500,SMDR.JK
2021-12-07,153.89251050447163,155.52100267912212,151.4497722424959,154.70675659179688,25274500,SMDR.JK
2021-12-08,154.70676116127382,157.1494994953992,150.63553060439818,152.26402282714844,37062000,SMDR.JK
2021-12-09,152.26401865808035,153.89251083624168,148.19278821267716,149.0070343017578,26796000,SMDR.JK
2021-12-10,150.63553060439818,153.07826893852356,149.82128449302306,152.26402282714844,15935000,SMDR.JK
2021-12-13,152.26403858976545,172.6201934814453,152.26403858976545,172.6201934814453,201549500,SMDR.JK
2021-12-14,176.69140109852847,192.9763228587616,170.17743239443527,190.53358459472656,328697500,SMDR.JK
2021-12-15,192.16209092881945,196.2333216688368,180.76264485677083,183.20538330078125,114968500,SMDR.JK
2021-12-16,183.20539291590865,186.4623776788581,171.8059462455854,178.31991577148438,63706000,SMDR.JK
2021-12-17,178.31990448134897,186.46236587319137,178.31990448134897,181.576889038086,34292500,SMDR.JK
2021-12-20,182.391122240539,183.20536832197,172.62016926336727,177.50564575195312,43459500,SMDR.JK
2021-12-21,177.50565236175115,177.50565236175115,166.10620679723502,176.69140625,45720500,SMDR.JK
2021-12-22,176.69139995846135,184.0196147032824,171.80592346191406,171.80592346191406,36678500,SMDR.JK
2021-12-23,171.80593674947198,174.2486751866683,167.73470602081153,170.1774444580078,33752000,SMDR.JK
2021-12-24,170.17745787394796,175.8771813434103,167.73471924417836,168.54896545410156,37186500,SMDR.JK
2021-12-27,169.3631852136404,175.06290779294562,168.54893913088253,171.80592346191406,20005000,SMDR.JK
2021-12-28,173.43443387225994,174.24868004067432,167.73471069335938,167.73471069335938,19998500,SMDR.JK
2021-12-29,167.73471069335938,170.1774491986025,166.10621835653066,167.73471069335938,14396500,SMDR.JK
2021-12-30,168.54894191416065,170.177434106568,158.77798875971655,162.03497314453125,53026500,SMDR.JK
2022-01-03,162.0349929377718,172.6201934814453,159.5922543507702,172.6201934814453,49005500,SMDR.JK
2022-01-04,173.4344218029954,179.94839069700458,172.62017569124424,176.69140625,52483000,SMDR.JK
2022-01-05,176.69141362386455,180.76264435252503,169.3631983122757,170.1774444580078,38935000,SMDR.JK
2022-01-06,169.3631983122757,170.9916906037399,164.47772143788313,170.1774444580078,22577500,SMDR.JK
2022-01-07,170.9916773791562,172.62016954467197,167.73469304812463,171.80592346191406,14662500,SMDR.JK
2022-01-10,171.80593060272668,171.80593060272668,164.47771555332127,165.29196166992188,31427500,SMDR.JK
2022-01-11,166.92045183324103,168.54894404624824,162.03497519421933,163.66346740722656,34293000,SMDR.JK
2022-01-12,165.2919529829875,166.10619905679533,162.84921476156404,164.4777069091797,14439500,SMDR.JK
2022-01-13,164.47771555332127,165.29196166992188,162.03497720351947,165.29196166992188,12643000,SMDR.JK
2022-01-14,166.106201171875,166.106201171875,162.84921683517155,166.106201171875,13836500,SMDR.JK
2022-01-17,166.10622682433197,175.8771813434103,165.29198061440877,168.54896545410156,45048500,SMDR.JK
2022-01-18,168.548950881958,169.36319702148438,158.7779972076416,162.84922790527344,38029500,SMDR.JK
2022-01-19,162.84921048867582,162.84921048867582,161.22071838378906,161.22071838378906,20989500,SMDR.JK
2022-01-20,161.22071170806885,162.03495772679648,154.7067435582479,156.33523559570312,53574000,SMDR.JK
2022-01-21,156.33524206912878,164.47770259356258,149.82127364958177,161.22071838378906,58747000,SMDR.JK
2022-01-24,160.4064989384917,162.0349913135017,157.96376037597656,157.96376037597656,19743500,SMDR.JK
2022-01-25,156.33526221742022,157.963754532185,150.63553911574343,153.07827758789062,32266000,SMDR.JK
2022-01-26,150.63552615517065,158.7779870284231,144.9358035438939,154.70675659179688,38514000,SMDR.JK
2022-01-27,154.70675473713743,156.3352468922652,145.75004788393474,147.3785400390625,44197000,SMDR.JK
2022-01-28,148.19281366819976,153.07829104187667,147.3785674392536,151.44979858398438,27857000,SMDR.JK
2022-01-31,153.07829104187667,155.52102972871512,150.6355523550382,151.44979858398438,18354000,SMDR.JK
2022-02-02,153.07827758789062,156.33526221742022,151.44978527312583,153.07827758789062,20918000,SMDR.JK
2022-02-03,153.07828976329745,158.77801331831384,151.44979731900705,157.14952087402344,32045500,SMDR.JK
2022-02-04,158.77799034118652,172.62017411452075,153.89251371530386,169.36318969726562,111384500,SMDR.JK
2022-02-07,169.36319568669683,178.31990315089715,169.36319568669683,174.24867248535156,82338500,SMDR.JK
2022-02-08,175.87718874909157,177.50568123750907,171.80595752804777,175.0629425048828,39724500,SMDR.JK
2022-02-09,182.39114754660088,186.4623785186232,175.06293179696067,185.64813232421875,76857000,SMDR.JK
2022-02-10,186.4623601277669,206.00426686604817,185.6481140136719,195.4190673828125,167266000,SMDR.JK
2022-02-11,196.2333214052261,202.7472905805034,185.64812149540072,201.9330444335937,79100000,SMDR.JK
2022-02-14,202.74729447137744,213.3324945843409,198.67606365869915,205.1900329589844,123190000,SMDR.JK
2022-02-15,206.818522093207,211.70399899304653,196.2333221435547,196.2333221435547,83032000,SMDR.JK
2022-02-16,196.2333214052261,204.3757828743227,191.3478445237683,201.9330444335937,55508000,SMDR.JK
2022-02-17,203.5615192196233,209.2612417577728,197.0475506045954,200.3045349121093,37727000,SMDR.JK
2022-02-18,201.9330471965021,204.3757856706533,197.0475702481996,197.86181640625,24952000,SMDR.JK
2022-02-21,197.8618329581568,199.4903254104873,192.162109375,192.162109375,42603500,SMDR.JK
2022-02-22,192.16209092881945,192.16209092881945,179.13415256076388,183.20538330078125,53323500,SMDR.JK
2022-02-23,179.13413936256345,190.53358459472656,179.13413936256345,190.53358459472656,39286000,SMDR.JK
2022-02-24,190.5335896355765,193.7905740737915,178.3198979922703,182.39112854003903,75096500,SMDR.JK
2022-02-25,184.8338894686856,227.1746923425696,184.8338894686856,222.28921508789065,277670000,SMDR.JK
2022-03-01,222.28919382845416,232.87439353457103,213.33248638481683,217.4037170410156,144396000,SMDR.JK
2022-03-02,217.40373039965365,220.66071512474207,210.8897609494768,215.7752380371093,59996500,SMDR.JK
2022-03-04,216.5894652839721,223.91768027478315,206.0042658528005,206.81851196289065,100773000,SMDR.JK
2022-03-07,206.00427443560432,214.96098201976105,201.11879757151883,207.6327667236328,73424500,SMDR.JK
2022-03-08,209.26126968762105,211.7040082442859,197.04757690429688,197.04757690429688,53459500,SMDR.JK
2022-03-09,199.490286534526,207.63274720940456,197.0475483320624,204.37576293945312,34220000,SMDR.JK
2022-03-10,206.8185282079893,216.58948229655567,202.74729733775325,214.1467437744141,77326000,SMDR.JK
2022-03-11,213.33249949329303,218.2179765809257,210.8897609494768,215.7752380371093,52843500,SMDR.JK
2022-03-14,215.77522816377527,219.8464588838465,206.81852057961856,207.6327667236328,44697000,SMDR.JK
2022-03-15,207.6327686829325,211.70399944142144,204.37578407614149,209.26126098632807,33419000,SMDR.JK
2022-03-16,209.26124126727763,217.4037020169772,207.6327491173377,211.7039794921875,30509500,SMDR.JK
2022-03-17,212.5182428723983,214.960981296219,210.8897505898512,213.33248901367188,16096000,SMDR.JK
2022-03-18,214.14672752407915,230.43164976925624,212.5182352995614,225.54617309570312,146838000,SMDR.JK
2022-03-21,227.98892088041973,234.5028900484317,218.2179671284017,220.66070556640625,79936000,SMDR.JK
2022-03-22,221.4749517124077,225.54618244241524,216.58947483639875,220.66070556640625,38527000,SMDR.JK
2022-03-23,220.6607186836109,238.5741349605092,220.6607186836109,232.06016540527344,128196500,SMDR.JK
2022-03-24,232.87438130550245,234.50287348246405,224.73192042069468,226.36041259765625,41590500,SMDR.JK
2022-03-25,226.3604238468365,229.6174083626184,223.10343933105472,223.1034393310547,35005000,SMDR.JK
2022-03-28,223.1034452165876,227.98892211914065,220.6607067653111,227.98892211914065,37277500,SMDR.JK
2022-03-29,227.98894281987543,234.50291261472904,226.36045037116205,232.8744201660156,40620500,SMDR.JK
2022-03-30,236.13139430017367,249.15933329604545,234.5029019256898,243.4596099853516,124040000,SMDR.JK
2022-03-31,252.4162813983386,259.7444960195807,242.64532857001583,257.3017578125,173912000,SMDR.JK
2022-04-01,258.1160583496094,263.8157820355629,249.97359594110435,258.1160583496094,88264000,SMDR.JK
2022-04-04,258.1160470598695,281.72918701171875,258.1160470598695,281.72918701171875,101259000,SMDR.JK
2022-04-05,282.54341877174943,293.12861889864496,271.9582186448539,276.0294494628906,86190500,SMDR.JK
2022-04-06,276.02941439828084,290.68584348137534,273.58667621776505,284.171875,49768500,SMDR.JK
2022-04-07,284.9861435876214,284.9861435876214,275.2151900931887,277.6579284667969,37146000,SMDR.JK
2022-04-08,278.47215257879657,289.0573513610315,269.51544591690543,284.171875,49515500,SMDR.JK
2022-04-11,284.1719099564985,315.92751020951704,280.10067915482955,313.4847717285156,86156500,SMDR.JK
2022-04-12,313.4847705922228,323.2557244808116,301.27107823148685,306.15655517578125,59261000,SMDR.JK
2022-04-13,306.1565353675379,317.55598083335053,302.8995509487343,308.5992736816406,40905000,SMDR.JK
2022-04-14,309.4135370529856,316.74175240424046,306.97079860256724,310.227783203125,27104500,SMDR.JK
2022-04-18,310.2277751851018,313.4847597014808,303.7138061523437,303.7138061523437,31475500,SMDR.JK
2022-04-19,304.5280891187264,305.34233534631653,291.5001494772835,295.5713806152344,53063000,SMDR.JK
2022-04-20,295.57131984240687,295.57131984240687,275.21516833810887,284.171875,94358500,SMDR.JK
2022-04-21,284.171906711003,299.64258358065644,280.9149221068654,291.5001220703125,44678500,SMDR.JK
2022-04-22,292.31435398367,314.2989989907984,289.0573695381695,304.5280456542969,122525000,SMDR.JK
2022-04-25,306.156544539628,312.6705135723861,293.9428526032067,303.7138061523437,73108000,SMDR.JK
2022-04-26,304.52803731616075,304.52803731616075,293.1285920690317,298.0140686035156,39163000,SMDR.JK
2022-04-27,299.64258591672206,306.15655517578125,296.38560128719246,306.15655517578125,24931000,SMDR.JK
2022-04-28,306.15654846191404,330.58393264770507,303.71381004333495,325.6984558105469,109077000,SMDR.JK
2022-05-09,337.0978828125,407.123046875,332.21240625,407.123046875,232594000,SMDR.JK
2022-05-10,415.2655402650224,483.6622174851437,384.32418628449136,459.2348327636719,292073000,SMDR.JK
2022-05-11,460.8632919196796,491.8046436740044,428.2934479677588,433.1789245605469,186111500,SMDR.JK
2022-05-12,429.9219572945927,459.234818019224,410.3800501448385,434.8074340820313,82577500,SMDR.JK
2022-05-13,434.8074289209703,452.72084359561694,418.5225064894733,442.9498901367188,92438000,SMDR.JK
2022-05-17,491.8047020213755,491.8047020213755,429.92199117100375,438.064453125,71110500,SMDR.JK
2022-05-18,438.0644280404756,444.5783972306685,428.2934742551861,429.9219665527344,38781500,SMDR.JK
2022-05-19,429.9219680964251,447.83538343377614,415.2655373658652,418.52252197265625,74937000,SMDR.JK
2022-05-20,418.5225026448568,455.9778238932292,418.5225026448568,439.6929016113281,97420000,SMDR.JK
2022-05-23,441.3214536013304,475.5197950243116,436.43597625519016,465.7488403320313,96771500,SMDR.JK
2022-05-24,470.6342355728149,545.5448751449585,462.4917747497559,521.1174926757812,269182000,SMDR.JK
2022-05-25,519.4890593991786,542.2879522881708,498.31865885940016,506.4611206054688,111864500,SMDR.JK
2022-05-27,506.461188422309,526.0030992296007,501.5757107204861,512.9751586914062,57997000,SMDR.JK
2022-05-30,529.2599391117478,581.3716869627507,512.9750179083095,568.34375,162420000,SMDR.JK
2022-05-31,584.628657749721,592.7711181640625,553.6873081752233,569.9722290039062,84508500,SMDR.JK
2022-06-02,571.6007655000309,643.25442271371,569.9722732906291,617.1985473632812,142768500,SMDR.JK
2022-06-03,620.45556640625,644.882950910433,609.0561203042979,620.45556640625,94808000,SMDR.JK
2022-06-06,620.4555428952586,643.2544342352419,610.6845894638373,638.3689575195312,88853000,SMDR.JK
2022-06-07,643.2543547948202,664.4247512817383,622.0839583079021,625.3409423828125,92523000,SMDR.JK
2022-06-08,618.8270741059712,630.2265202079233,618.8270741059712,620.45556640625,33808500,SMDR.JK
2022-06-09,620.4555336312072,628.5979947024829,583.000212703339,594.399658203125,92619500,SMDR.JK
2022-06-10,586.2573652507878,594.3998286570487,566.7154530757615,581.3718872070312,87205000,SMDR.JK
2022-06-13,576.4862111561333,579.7431953999534,542.2878765960238,545.5448608398438,86894000,SMDR.JK
2022-06-14,552.0588293274836,573.2292269123134,522.745971133104,545.5448608398438,99566500,SMDR.JK
2022-06-15,552.0587783179725,558.5727462037303,508.0894950891074,509.7179870605469,92572000,SMDR.JK
2022-06-16,509.7180812669837,545.5449112601902,509.7180812669837,524.37451171875,64726000,SMDR.JK
2022-06-17,519.4890349014946,537.4024498980979,512.9750658118206,524.37451171875,34127000,SMDR.JK
2022-06-20,530.8885769314236,539.0310397677952,509.71817355685766,512.9751586914062,46137500,SMDR.JK
2022-06-21,514.6035401879287,540.6594156404822,512.9750479721441,534.1454467773438,42823000,SMDR.JK
2022-06-22,540.6594123481583,548.801873377498,512.9750448484032,519.489013671875,60249500,SMDR.JK
2022-06-23,524.374507403133,526.0029996621489,483.6622009277344,483.6622009277344,123769500,SMDR.JK
2022-06-24,469.00578890141753,491.80468141745865,452.72086567567385,473.8912658691406,121755500,SMDR.JK
2022-06-27,475.5197435461956,527.631496263587,475.5197435461956,524.37451171875,141287500,SMDR.JK
2022-06-28,529.2599534988403,534.1454299926758,509.71804752349857,521.1174926757812,51675000,SMDR.JK
2022-06-29,524.3745920066066,527.6315770501259,485.2907714843751,485.290771484375,137316500,SMDR.JK
2022-06-30,455.9778095492356,455.9778095492356,452.7208251953125,452.7208251953125,16645500,SMDR.JK
2022-07-01,421.7794799804688,421.7794799804688,421.7794799804688,421.7794799804688,16753000,SMDR.JK
2022-07-04,392.4666442871094,392.4666442871094,392.4666442871094,392.4666442871094,8239000,SMDR.JK
2022-07-05,366.41075134277344,397.3521036783855,366.41075134277344,390.838134765625,220127000,SMDR.JK
2022-07-06,394.09511702401295,397.352101462228,364.7822570800781,364.7822570800781,256019500,SMDR.JK
2022-07-07,358.2682911623189,392.4666280459948,350.1258299995389,379.4386901855469,184682000,SMDR.JK
2022-07-08,382.7670734684642,429.3648041515816,382.7670734684642,409.3943481445313,151589500,SMDR.JK
2022-07-11,409.39439896564096,414.3870135871732,394.4165551010443,407.7301940917969,48208000,SMDR.JK
2022-07-12,407.73017494351257,442.6784756529565,402.7375605564491,424.3722229003906,85855000,SMDR.JK
2022-07-13,427.7006215859219,437.6858501054376,414.386983559901,417.7153930664063,50742500,SMDR.JK
2022-07-14,417.715395360961,447.6710810840578,416.05119059856673,442.678466796875,85525000,SMDR.JK
2022-07-15,444.34268153797495,455.9921151363488,436.02165753913647,439.3500671386719,51114000,SMDR.JK
2022-07-18,441.0143127441406,455.9921573279039,436.0216978828862,441.0143127441406,42253000,SMDR.JK
2022-07-19,441.0142221023787,447.6710405492071,437.6858128789645,446.0068359375,26188500,SMDR.JK
2022-07-20,450.9995121594371,469.3057654205212,444.3426927917701,460.9847412109375,67439000,SMDR.JK
2022-07-21,460.98469060445007,469.3057139005593,457.6562812860064,462.6488952636719,28560500,SMDR.JK
2022-07-22,462.648976359334,479.2910258686626,462.648976359334,475.9626159667969,45127000,SMDR.JK
2022-07-25,477.6267668071546,482.61938109433737,442.678466796875,442.678466796875,106326000,SMDR.JK
2022-07-26,412.72276973724365,434.3574310541153,412.72276973724365,426.0364074707031,100407500,SMDR.JK
2022-07-27,426.0364074707031,434.3574310541153,419.3795886039734,426.0364074707031,45692000,SMDR.JK
2022-07-28,427.7006432919102,444.34269166902726,427.7006432919102,436.0216674804688,38053500,SMDR.JK
2022-07-29,439.3500769184363,449.3353059393098,424.372233387126,431.029052734375,58589000,SMDR.JK
2022-08-01,431.0290371110415,495.9330233941713,431.0290371110415,487.6119995117188,202625500,SMDR.JK
2022-08-02,497.5972389709267,520.8961063474918,489.2762149078677,494.2688293457031,156206000,SMDR.JK
2022-08-03,497.5972595214844,504.2540790468554,475.9625960640285,497.5972595214844,74668000,SMDR.JK
2022-08-04,499.2614539194915,502.5898636122881,487.61201999470336,490.9404296875,37191000,SMDR.JK
2022-08-05,492.6046652597924,499.2614850606004,482.6194355585804,485.9478454589844,31233500,SMDR.JK
2022-08-08,490.94045003255206,492.60465494791663,472.6341959635416,474.2984008789063,40574000,SMDR.JK
2022-08-09,474.2984008789063,484.28363037109375,465.9773763020833,469.3057861328125,51098000,SMDR.JK
2022-08-10,472.6942452725497,479.4712236993963,464.22302223899146,465.9172668457031,42097000,SMDR.JK
2022-08-11,469.3057571976273,477.7769802517361,452.3633110894097,457.446044921875,63497000,SMDR.JK
2022-08-12,457.44607577979787,460.8345652300186,443.892117978915,455.7518310546875,41107000,SMDR.JK
2022-08-15,455.751771075909,462.5287490844727,440.5035705566406,440.5035705566406,50326000,SMDR.JK
2022-08-16,440.50360084036754,443.8920900776012,432.0323777472836,442.1978454589844,41813500,SMDR.JK
2022-08-18,443.89211932488206,455.7518324366156,438.8093851341392,448.974853515625,54600000,SMDR.JK
2022-08-19,450.66906784520006,454.0575570771189,442.19784476540303,447.2805786132813,25931500,SMDR.JK
2022-08-22,448.9747939279428,450.66903843333125,416.784148325562,428.6438598632813,54238000,SMDR.JK
2022-08-23,428.6438603535235,430.3381048608497,418.4783933095664,421.8668823242188,41756500,SMDR.JK
2022-08-24,421.8669121151879,437.11511375790553,421.8669121151879,426.94964599609375,35995000,SMDR.JK
2022-08-25,432.0323493681759,432.0323493681759,416.7841488022402,421.8668823242188,24447500,SMDR.JK
2022-08-26,421.8669146072766,423.5611592442536,408.3129575114605,410.0072021484375,49129000,SMDR.JK
2022-08-29,410.0071411132813,423.5610961914063,396.45318603515625,418.4783630371094,49881000,SMDR.JK
2022-08-30,423.5611544310592,447.2805790791985,420.1726651956107,443.89208984375,74317500,SMDR.JK
2022-08-31,443.8920597993126,447.28054880541424,432.03234827795694,437.1150817871094,37885000,SMDR.JK
2022-09-01,438.8093583848741,438.8093583848741,425.25540136912514,426.94964599609375,25207500,SMDR.JK
2022-09-02,426.9496157226562,435.420838256836,423.5611267089844,423.5611267089844,21874500,SMDR.JK
2022-09-05,406.6187121332909,423.561158472178,406.6187121332909,415.0899353027344,38526500,SMDR.JK
2022-09-06,415.0898742675781,426.9495849609375,398.1474304199219,418.4783630371094,71158500,SMDR.JK
2022-09-07,420.1726381875635,426.9496162228468,411.7014156434594,416.7841491699219,27231000,SMDR.JK
2022-09-08,418.47842457051183,421.8669138382893,410.0072014010682,415.0899353027344,25101500,SMDR.JK
2022-09-09,415.0899355528784,420.1726694576076,410.00720164814936,413.3956909179688,20861000,SMDR.JK
2022-09-12,413.3956596679688,423.5611267089844,411.7014151611328,423.5611267089844,44624000,SMDR.JK
2022-09-13,425.255427292158,455.7518324366156,425.255427292158,448.974853515625,128334000,SMDR.JK
2022-09-14,448.974853515625,455.7518324366156,433.7266509433962,448.974853515625,74782000,SMDR.JK
2022-09-15,450.6690695202304,452.3633141424869,435.4208679199219,435.4208679199219,53255000,SMDR.JK
2022-09-16,435.42083728405856,440.503570793211,425.2553702657537,437.1150817871094,40522500,SMDR.JK
2022-09-19,437.1151147657825,442.1978486584079,416.784179195281,420.1726684570313,44384000,SMDR.JK
2022-09-20,420.1726694576076,423.561158727427,410.00720164814936,413.3956909179688,24364000,SMDR.JK
2022-09-21,413.3956909179688,420.1726694576076,404.9244677434202,413.3956909179688,21974500,SMDR.JK
2022-09-22,413.3956906688457,418.47842457051183,408.3129567671796,415.0899353027344,18555500,SMDR.JK
2022-09-23,416.7841801877882,425.2554033623367,411.7014462830591,413.3956909179688,28086500,SMDR.JK
2022-09-26,413.3956610388337,413.3956610388337,401.53594945165406,404.9244384765625,34352500,SMDR.JK
2022-09-27,404.9244387340948,404.9244387340948,398.1474606799677,401.5359497070313,25365000,SMDR.JK
2022-09-28,401.5359191894531,401.5359191894531,382.8992309570313,382.8992309570313,57517500,SMDR.JK
2022-09-29,387.981995450007,391.3704844932385,374.428039277081,377.8165283203125,30530000,SMDR.JK
2022-09-30,377.8165281840733,386.2877507890974,355.79134941101074,379.5107727050781,65204500,SMDR.JK
2022-10-03,386.2877197265625,401.5359191894531,376.1222534179688,396.45318603515625,36642000,SMDR.JK
2022-10-04,398.1474605528246,411.70141665675055,393.0647270138524,403.2301940917969,35723000,SMDR.JK
2022-10-05,403.23022286551344,430.3381370077328,403.23022286551344,415.0899353027344,62114000,SMDR.JK
2022-10-06,416.7841486816407,430.33810473632815,415.0899041748047,423.5611267089844,40510500,SMDR.JK
2022-10-07,423.5611267089844,428.6438602294922,420.1726376953125,423.5611267089844,27255000,SMDR.JK
2022-10-10,423.561158472178,423.561158472178,406.6187121332909,415.0899353027344,23414500,SMDR.JK
2022-10-11,416.7841500637422,428.64386165092185,404.9244384765625,404.9244384765625,22766000,SMDR.JK
2022-10-12,404.92447110791227,415.0899390018348,381.20504602209314,391.3705139160156,26697000,SMDR.JK
2022-10-13,391.37048237692863,410.0071720139253,382.8992598146575,404.9244384765625,23982000,SMDR.JK
2022-10-14,406.6187146775266,411.70144861099567,394.7590021660988,398.1474914550781,11977000,SMDR.JK
2022-10-17,398.1474616009256,398.1474616009256,374.4280383566152,389.6762390136719,28007000,SMDR.JK
2022-10-18,398.1474624361311,398.1474624361311,371.0395501000541,379.5107727050781,19184500,SMDR.JK
2022-10-19,379.5107719089674,394.7589725660241,379.5107719089674,389.6762390136719,18826000,SMDR.JK
2022-10-20,391.3704835311226,394.7589725660241,384.5935054613197,389.6762390136719,15679500,SMDR.JK
2022-10-21,389.6762390136719,401.5359506358271,389.6762390136719,389.6762390136719,18854500,SMDR.JK
2022-10-24,393.0647593715735,398.1474933289645,384.5935361092551,386.2877807617188,14590500,SMDR.JK
2022-10-25,387.9820256842391,393.064759645168,384.5935363769531,384.5935363769531,13197000,SMDR.JK
2022-10-26,391.3705147191098,391.3705147191098,381.2050468043277,386.2877807617188,12793500,SMDR.JK
2022-10-27,391.3705133921087,398.147491978985,386.28777945195145,394.7590026855469,24514000,SMDR.JK
2022-10-28,394.7589716529041,406.61868324762656,389.6762381123088,401.5359497070313,24931000,SMDR.JK
2022-10-31,403.230194220563,408.31292776115833,394.7589716529041,401.5359497070313,29658500,SMDR.JK
2022-11-01,416.7841812133789,428.6438936869303,404.9244687398274,406.6187133789063,83208500,SMDR.JK
2022-11-02,408.3129604058864,410.0072050548735,387.9820246180415,391.3705139160156,47327500,SMDR.JK
2022-11-03,393.064697265625,423.5610961914063,389.67620849609375,418.4783630371094,67615000,SMDR.JK
2022-11-04,423.561126831545,435.4208383828282,413.3956597875879,421.8668823242188,70108000,SMDR.JK
2022-11-07,426.9496145395133,443.8920595609225,418.4783920288086,440.5035705566406,75451500,SMDR.JK
2022-11-08,443.8920604117774,445.5863049171659,423.5611263471159,428.6438598632813,40462000,SMDR.JK
2022-11-09,430.33810524048846,435.4208387669509,410.0071711346386,416.7841491699219,46673000,SMDR.JK
2022-11-10,416.7842140844313,416.7842140844313,396.45327681202,399.8417663574219,48648000,SMDR.JK
2022-11-11,399.8417058484308,406.6186839136584,389.6762387505893,393.0647277832031,54254000,SMDR.JK
2022-11-14,394.7589416503906,403.2301635742188,391.3704528808594,396.45318603515625,29195500,SMDR.JK
2022-11-15,398.1474605528246,404.9244386047876,394.7589715268432,403.2301940917969,20664000,SMDR.JK
2022-11-16,404.9244700330369,408.3129593220163,394.7590021660988,398.1474914550781,22480000,SMDR.JK
2022-11-17,398.14752158472095,399.8417663574219,393.0647872666181,399.8417663574219,11707500,SMDR.JK
2022-11-18,401.5359503647377,403.23019488104455,393.0647277832031,393.0647277832031,15906500,SMDR.JK
2022-11-21,393.0647580388278,396.453247332266,391.3705133921087,394.7590026855469,10940500,SMDR.JK
2022-11-22,394.7589722995101,396.4532168158169,391.3704832668962,393.0647277832031,13171500,SMDR.JK
2022-11-23,393.06475752160907,403.2302253885472,393.06475752160907,398.1474914550781,12578000,SMDR.JK
2022-11-24,399.8417366257041,401.5359812724232,393.0647580388278,394.7590026855469,15635500,SMDR.JK
2022-11-25,398.147491978985,399.8417366257041,393.0647580388278,394.7590026855469,11230000,SMDR.JK
2022-11-28,394.7590032139898,398.147492511964,391.3705139160156,391.3705139160156,20224500,SMDR.JK
2022-11-29,391.3704528808594,394.7589416503906,382.8992309570313,387.9819641113281,18708000,SMDR.JK
2022-11-30,387.9820256842391,391.370514991525,382.89929172331017,384.5935363769531,12917000,SMDR.JK
2022-12-01,384.5935062680926,387.9819953101022,379.5107727050781,379.5107727050781,22492000,SMDR.JK
2022-12-02,379.5107727050781,386.2877507890974,377.8165281840733,379.5107727050781,13694500,SMDR.JK
2022-12-05,379.5107725694445,386.2877506510417,379.5107725694445,381.20501708984375,11149500,SMDR.JK
2022-12-06,384.59350640677553,384.59350640677553,376.1222837986968,377.8165283203125,14557500,SMDR.JK
2022-12-07,377.81652902025695,379.5107735450115,357.4855947232028,369.3453063964844,34298500,SMDR.JK
2022-12-08,369.345308490828,374.4280420939128,343.93164047540404,345.6258850097656,72285000,SMDR.JK
2022-12-09,347.3201316314218,347.3201316314218,321.906463463269,323.6007080078125,92160000,SMDR.JK
2022-12-12,323.600706489525,347.3201300018462,312.5881170016616,340.54315185546875,46573500,SMDR.JK
2022-12-13,342.23742830692817,347.3201623906944,331.22483779210125,333.7662048339844,28225000,SMDR.JK
2022-12-14,334.6132811731295,343.93162571212804,332.9190367114934,336.3075256347656,15761500,SMDR.JK
2022-12-15,336.30755638412285,340.54316792548457,332.9190671510334,334.6133117675781,9762000,SMDR.JK
2022-12-16,334.6133117675781,338.8489233089399,332.07194484276107,334.6133117675781,9414000,SMDR.JK
2022-12-19,335.4604187011719,340.5431523178563,333.7661741622771,335.4604187011719,6340500,SMDR.JK
2022-12-20,336.30752586891583,337.1546481003237,331.22479248046875,331.22479248046875,7900500,SMDR.JK
2022-12-21,331.22480735393486,337.1546632400667,331.22480735393486,335.4604187011719,9219000,SMDR.JK
2022-12-22,336.30751037597656,355.79132080078125,335.4603881835937,347.3200988769531,29521500,SMDR.JK
2022-12-23,347.3201300018462,350.70861907503496,340.54315185546875,340.54315185546875,10498000,SMDR.JK
2022-12-26,340.54313678885586,343.93162571212804,335.4604034039476,336.3075256347656,13343000,SMDR.JK
2022-12-27,336.3075718758675,338.0018165704563,332.0719601393956,333.7662048339844,8850500,SMDR.JK
2022-12-28,334.61329690004004,336.3075414413061,330.377685546875,330.377685546875,9930000,SMDR.JK
2022-12-29,330.3777011605196,333.7661904031916,326.1420896071796,327.8363342285156,9211000,SMDR.JK
2022-12-30,328.6834719959318,329.5305943464368,323.600737892902,326.9892272949219,11388500,SMDR.JK
2023-01-02,326.9891969362895,326.9891969362895,323.6007078488668,325.2949523925781,7207500,SMDR.JK
2023-01-03,326.142103708335,335.4604495285731,325.29498136104064,333.7662048339844,10366500,SMDR.JK
2023-01-04,333.7661904031916,335.4604350245276,327.8363342285156,327.8363342285156,10430500,SMDR.JK
2023-01-05,327.83628845214844,327.83628845214844,305.8111114501953,306.6582336425781,29352500,SMDR.JK
2023-01-06,306.6582336425781,312.5880889892578,296.4927673339844,311.740966796875,14083500,SMDR.JK
2023-01-09,313.4352410533441,326.1420751501013,311.7409965071098,320.21221923828125,17583000,SMDR.JK
2023-01-10,320.21223486328125,322.75360180664063,315.1295009765625,317.6708679199219,6444000,SMDR.JK
2023-01-11,317.670837566859,321.05932650090546,311.74098193227763,314.2823486328125,8865000,SMDR.JK
2023-01-12,314.2823789049409,320.2122351106945,313.4352565898333,315.97662353515625,6011000,SMDR.JK
2023-01-13,315.97659285568113,321.9064484856805,315.1294706228241,319.3650817871094,10043500,SMDR.JK
2023-01-16,319.3650817871094,321.9064484856805,317.67083732139525,319.3650817871094,5529500,SMDR.JK
2023-01-17,319.3650966464537,328.6834416414431,318.517974374182,323.6007080078125,11269500,SMDR.JK
2023-01-18,323.6007229099026,328.68345677759737,319.36511135349025,326.14208984375,11120000,SMDR.JK
2023-01-19,325.2949675324675,327.8363344663149,325.2949675324675,326.14208984375,4628000,SMDR.JK
2023-01-20,326.14207314972833,342.2373962402344,325.2949508818069,342.2373962402344,24509500,SMDR.JK
2023-01-24,347.32014591532544,347.32014591532544,335.46043361577773,338.0018005371094,13341500,SMDR.JK
2023-01-25,338.0017828172253,367.6510620117188,332.91904924102647,367.6510620117188,51333500,SMDR.JK
2023-01-26,369.3453313191732,411.7014472961426,369.3453313191732,406.6187133789063,154453500,SMDR.JK
2023-01-27,408.3128967285156,415.0898742675781,386.2877197265625,396.45318603515625,96568500,SMDR.JK
2023-01-30,399.8416748046875,401.5359191894531,381.2049865722656,382.8992309570313,52643500,SMDR.JK
2023-01-31,386.28775179111466,399.84170799431166,364.2625729609195,367.6510620117188,62795700,SMDR.JK
2023-02-01,367.65106302897135,369.3453075590588,350.7086177280971,355.7913513183594,39358000,SMDR.JK
2023-02-02,355.79135019844824,382.8992625945205,355.79135019844824,369.3453063964844,61315400,SMDR.JK
2023-02-03,372.7338279868072,374.42807265947454,357.48562593280144,359.17987060546875,29919400,SMDR.JK
2023-02-06,359.1798402325237,367.6510628795172,349.01437305613155,357.485595703125,22609200,SMDR.JK
2023-02-07,357.48562593280144,367.6510939688053,357.48562593280144,359.17987060546875,18746300,SMDR.JK
2023-02-08,360.8740843300507,364.262573384793,359.1798398026796,362.5683288574219,10545600,SMDR.JK
2023-02-09,362.56835995080337,367.6510939688053,359.17987060546875,359.17987060546875,9812800,SMDR.JK
2023-02-10,359.17984175800683,359.17984175800683,338.84890731887435,340.54315185546875,49358200,SMDR.JK
2023-02-13,340.5431514066808,347.3201295441272,328.68343966614964,345.6258850097656,19644400,SMDR.JK
2023-02-14,345.62588516009856,352.40286330049264,343.931640625,343.931640625,17323500,SMDR.JK
2023-02-15,343.931640625,347.32012969519707,340.543151554803,343.931640625,12473000,SMDR.JK
2023-02-16,345.62588516009856,350.7086187653941,343.931640625,343.931640625,10570600,SMDR.JK
2023-02-17,345.6258853119199,345.6258853119199,340.5431517043916,342.2373962402344,5791900,SMDR.JK
2023-02-20,343.9316409286575,345.6258854652519,338.84890731887435,340.54315185546875,9382800,SMDR.JK
2023-02-21,342.2373946642092,362.5683290006969,340.5431501361686,360.87408447265625,44327500,SMDR.JK
2023-02-22,362.5683614389908,365.9568507982337,347.3201593223977,350.7086486816406,33540200,SMDR.JK
2023-02-23,352.4028933612621,359.1798720797479,347.3201593223977,350.7086486816406,18858700,SMDR.JK
2023-02-24,352.4028625488281,355.7913516117976,349.0143734858586,352.4028625488281,9092400,SMDR.JK
2023-02-27,352.4028933612621,360.8741167593693,349.01440400201915,350.7086486816406,18456300,SMDR.JK
2023-02-28,352.402862402811,355.7913514643765,349.0143733412455,354.0971069335937,16437700,SMDR.JK
2023-03-01,354.0971380408835,357.4856274001264,350.7086486816406,350.7086486816406,9385400,SMDR.JK
2023-03-02,354.0971380408835,354.0971380408835,350.7086486816406,350.7086486816406,10371500,SMDR.JK
2023-03-03,347.3201593223977,357.4856274001264,347.3201593223977,350.7086486816406,11309000,SMDR.JK
2023-03-06,350.7086173044124,365.95681805677816,349.0143727763718,360.87408447265625,41061500,SMDR.JK
2023-03-07,360.8740849086216,364.2625739687965,354.097106788272,355.7913513183594,17192400,SMDR.JK
2023-03-08,355.79135237068965,355.79135237068965,338.8489070197044,343.931640625,24971800,SMDR.JK
2023-03-09,343.931640625,349.0143742302956,342.2373960899015,343.931640625,10118700,SMDR.JK
2023-03-10,345.6258853119199,347.32012984776264,338.8489071685489,342.2373962402344,11812400,SMDR.JK
2023-03-13,342.2373973357372,342.2373973357372,328.683441005609,330.377685546875,23019900,SMDR.JK
2023-03-14,330.377687023532,330.377687023532,310.0467524374685,315.1294860839844,50513200,SMDR.JK
2023-03-15,315.12948658427257,323.6007093419143,303.26977472357413,310.0467529296875,29058100,SMDR.JK
2023-03-16,310.0467869753094,310.0467869753094,291.4100948620394,293.1043395996094,34288500,SMDR.JK
2023-03-17,294.7985524495443,306.6582643296984,294.7985524495443,304.9640197753906,18541100,SMDR.JK
2023-03-20,306.6582336425781,308.3524780273437,293.1042785644531,296.4927673339844,13324000,SMDR.JK
2023-03-21,306.6582635003167,318.5179753483953,304.9640189505912,313.43524169921875,41647500,SMDR.JK
2023-03-24,318.51797501671126,323.60070866059493,315.1294859207888,316.82373046875,32514500,SMDR.JK
2023-03-27,318.5179443359375,320.2121887207031,310.0467224121094,311.740966796875,17765700,SMDR.JK
2023-03-28,311.74099698630715,316.823730632823,311.74099698630715,315.1294860839844,13975200,SMDR.JK
2023-03-29,315.12948575932927,323.6007084947952,315.12948575932927,318.5179748535156,20266300,SMDR.JK
2023-03-30,318.51797501671126,320.21221956467247,315.1294859207888,316.82373046875,8255400,SMDR.JK
2023-03-31,315.1294859207888,323.60070866059493,315.1294859207888,316.82373046875,19429700,SMDR.JK
2023-04-03,320.21221973050024,320.21221973050024,315.1294860839844,315.1294860839844,7294500,SMDR.JK
2023-04-04,316.8236999511719,318.5179443359375,308.3524780273437,311.740966796875,21006900,SMDR.JK
2023-04-05,311.74099748121586,313.4352420327442,310.0467529296875,310.0467529296875,8471700,SMDR.JK
2023-04-06,310.0467529296875,313.4352420327442,310.0467529296875,310.0467529296875,9818300,SMDR.JK
2023-04-10,310.0467529296875,315.12948658427257,308.35250837815914,310.0467529296875,9049400,SMDR.JK
2023-04-11,311.740966796875,313.4352111816406,310.0467224121094,311.740966796875,5326700,SMDR.JK
2023-04-12,313.4352420327442,313.4352420327442,310.0467529296875,310.0467529296875,6938100,SMDR.JK
2023-04-13,311.740966796875,311.740966796875,308.3524780273437,311.740966796875,6097300,SMDR.JK
2023-04-14,311.74102850274727,311.74102850274727,308.3525390625,308.3525390625,7100700,SMDR.JK
2023-04-17,310.0467536116446,310.0467536116446,299.88128628011526,303.269775390625,13199600,SMDR.JK
2023-04-18,303.2697755620721,304.96402011828474,291.41006366858323,301.5755310058594,29375400,SMDR.JK
2023-04-26,303.26980148078246,326.9892272949219,299.88131207876256,326.9892272949219,51469000,SMDR.JK
2023-04-27,326.9892272949219,332.0719613979518,321.906493191892,326.9892272949219,28542200,SMDR.JK
2023-04-28,326.9892272949219,330.3777166969418,326.9892272949219,326.9892272949219,12816700,SMDR.JK
2023-05-02,330.377686515687,330.377686515687,315.12948559957835,320.21221923828125,22015700,SMDR.JK
2023-05-03,325.29495389344265,325.29495389344265,308.35250837815914,310.0467529296875,29113600,SMDR.JK
2023-05-04,310.0467529296875,315.12948658427257,306.65826382663084,310.0467529296875,17519000,SMDR.JK
2023-05-05,311.74099748121586,315.12948658427257,310.0467529296875,310.0467529296875,14474700,SMDR.JK
2023-05-08,310.04675180535565,323.6007081684313,308.3525072599712,321.9064636230469,24302100,SMDR.JK
2023-05-09,321.9064641126337,325.2949532085562,316.82373046875,316.82373046875,12323700,SMDR.JK
2023-05-10,320.2122194006088,321.906463947702,316.8237303064225,318.5179748535156,10156600,SMDR.JK
2023-05-11,320.21221907766244,321.9064636230469,313.4352408961246,321.9064636230469,17025200,SMDR.JK
2023-05-12,321.90646378451555,323.60070833074985,315.12948559957835,320.21221923828125,12643300,SMDR.JK
2023-05-15,320.21221907766244,328.6834418045848,318.51797453227795,321.9064636230469,23341900,SMDR.JK
2023-05-16,321.9064641126337,326.9891977565174,315.1294859207888,316.82373046875,16674100,SMDR.JK
2023-05-17,316.82373079866977,318.5179753483953,313.43524169921875,313.43524169921875,11132300,SMDR.JK
2023-05-19,313.43524254692926,316.82373165554475,303.2697752210829,304.9640197753906,28561300,SMDR.JK
2023-05-22,304.96402011828474,308.3525092307101,299.88128644964667,301.5755310058594,12316000,SMDR.JK
2023-05-23,301.5755601820055,313.4352732228709,301.5755601820055,308.3525390625,12260400,SMDR.JK
2023-05-24,310.0467224121094,310.0467224121094,304.9639892578125,306.6582336425781,0,SMDR.JK
2023-05-25,308.3525090563897,310.0467536116446,303.269775390625,303.269775390625,8233600,SMDR.JK
2023-05-26,299.8812866210937,304.9640202926377,299.8812866210937,299.8812866210937,10119000,SMDR.JK
2023-05-29,299.8812867944891,301.57553135265005,296.4927976781672,298.1870422363281,10921600,SMDR.JK
2023-05-30,298.1870422363281,301.57553135265005,296.4927976781672,298.1870422363281,4331200,SMDR.JK
2023-05-31,298.18701171875,301.57550048828125,296.4927673339844,296.4927673339844,7532000,SMDR.JK
2023-06-05,298.1870422363281,301.57553135265005,296.4927976781672,298.1870422363281,9441500,SMDR.JK
2023-06-06,299.8812861124675,304.9640197753906,296.492797003852,304.9640197753906,12779000,SMDR.JK
2023-06-07,304.9640197753906,306.6582643296984,303.2697752210829,304.9640197753906,18849200,SMDR.JK
2023-06-08,304.9640192751025,311.74099748121586,303.26977472357413,310.0467529296875,22540100,SMDR.JK
2023-06-09,313.43524254692926,313.43524254692926,304.9640197753906,304.9640197753906,12455700,SMDR.JK
2023-06-12,306.6582635003167,321.9064644478463,303.2697744008657,313.43524169921875,34706400,SMDR.JK
2023-06-13,315.1294859207888,316.82373046875,310.04675227690507,316.82373046875,15174000,SMDR.JK
2023-06-14,316.82373014581265,323.60070833074985,315.12948559957835,320.21221923828125,14782200,SMDR.JK
2023-06-15,320.21221923828125,323.60070833074985,316.82373014581265,320.21221923828125,6772800,SMDR.JK
2023-06-16,320.21221973050024,320.21221973050024,315.1294860839844,315.1294860839844,12393800,SMDR.JK
2023-06-19,318.51797453227795,323.6007081684313,315.129485441509,321.9064636230469,11319600,SMDR.JK
2023-06-20,321.906463947702,323.6007084947952,316.8237303064225,318.5179748535156,6197000,SMDR.JK
2023-06-21,318.5179748535156,323.6007084947952,316.8237303064225,318.5179748535156,11518300,SMDR.JK
2023-06-22,320.2122194006088,321.906463947702,318.5179748535156,318.5179748535156,5960800,SMDR.JK
2023-06-23,318.51797453227795,325.2949527138158,316.8237299868935,321.9064636230469,17167900,SMDR.JK
2023-06-26,321.906463947702,325.2949530418883,318.5179748535156,318.5179748535156,13324400,SMDR.JK
2023-06-27,318.517974374182,325.29495255235605,318.517974374182,323.6007080078125,14205400,SMDR.JK
2023-07-03,326.9891974232184,330.377686515687,318.51797469204695,320.21221923828125,23881300,SMDR.JK
2023-07-04,321.906463463269,323.6007080078125,320.21221891872545,323.6007080078125,12107600,SMDR.JK
2023-07-05,323.60070678097514,343.93164123841865,321.9064622428549,337.1546630859375,66706900,SMDR.JK
2023-07-06,338.8489389177507,342.23742830692817,332.0719601393956,333.7662048339844,30591200,SMDR.JK
2023-07-07,335.4604495285731,335.4604495285731,328.68347075021813,333.7662048339844,31461000,SMDR.JK
2023-07-10,338.8489389177507,338.8489389177507,330.3777154448069,333.7662048339844,55747800,SMDR.JK
2023-07-11,335.60001904031503,341.1016586967136,331.93225926938266,337.43389892578125,53647200,SMDR.JK
2023-07-12,339.2678274352694,341.10170758356816,333.7661869903731,335.6000671386719,22296200,SMDR.JK
2023-07-13,337.43389892578125,339.26777881124747,333.7661391548488,337.43389892578125,12014000,SMDR.JK
2023-07-14,337.43389892578125,339.26777881124747,335.60001904031503,337.43389892578125,7912700,SMDR.JK
2023-07-17,337.4339495719747,346.603350375561,335.60006941125744,344.7694702148437,25131700,SMDR.JK
2023-07-18,346.60335565382434,348.4372358424689,339.26783489924605,341.1017150878906,11343200,SMDR.JK
2023-07-20,342.93558494166325,353.9388657419305,341.1017048082854,348.4372253417969,36011400,SMDR.JK
2023-07-21,350.27110547517475,353.9388657419305,344.7694650750411,348.4372253417969,19151500,SMDR.JK
2023-07-24,348.4372253417969,350.27110547517475,346.603345208419,348.4372253417969,12918700,SMDR.JK
2023-07-25,350.27110547517475,350.27110547517475,344.7694650750411,348.4372253417969,18874300,SMDR.JK
2023-07-26,348.4372253417969,353.9388657419305,346.603345208419,348.4372253417969,18216500,SMDR.JK
2023-07-27,350.2710700035095,355.7727098464966,348.4371900558472,352.1049499511719,26499300,SMDR.JK
2023-07-28,352.104972718254,352.104972718254,342.93557238704943,346.60333251953125,19389500,SMDR.JK
2023-07-31,346.6032983531123,348.43717823857844,335.60001904031503,337.43389892578125,31003200,SMDR.JK
2023-08-01,337.4339070855615,342.935546875,333.76614722593587,342.935546875,20184300,SMDR.JK
2023-08-02,342.9355952765352,344.76947546517977,339.26783489924605,341.1017150878906,7487600,SMDR.JK
2023-08-03,341.1017330685177,341.1017330685177,337.43397249788853,339.2678527832031,8056800,SMDR.JK
2023-08-04,339.2677870153743,342.935546875,339.2677870153743,342.935546875,6595200,SMDR.JK
2023-08-07,342.935546875,344.76942680481284,339.2677870153743,342.935546875,6227700,SMDR.JK
2023-08-08,342.935546875,344.76942680481284,339.2677870153743,342.935546875,16457800,SMDR.JK
2023-08-09,346.6429723520748,346.6429723520748,339.2281494140625,339.2281494140625,13759300,SMDR.JK
2023-08-10,339.2281494140625,342.93556088306866,337.3744436795594,339.2281494140625,7096900,SMDR.JK
2023-08-11,339.2281564565805,342.9355680025541,337.3744506835937,337.3744506835937,7649200,SMDR.JK
2023-08-14,337.3744270788372,339.2281327221275,333.66701579225656,335.5207214355469,11016100,SMDR.JK
2023-08-15,335.5207354156665,341.0818525772521,329.95961825408085,331.8133239746094,20285400,SMDR.JK
2023-08-16,339.2281540431334,339.2281540431334,328.1059194843421,329.9596252441406,16644300,SMDR.JK
2023-08-18,329.95961825408085,333.667029695138,328.1059125335523,331.8133239746094,11416000,SMDR.JK
2023-08-21,331.81333811269644,333.6670439122087,328.1059265136719,328.1059265136719,10171400,SMDR.JK
2023-08-22,329.9596252441406,331.8133310039392,326.25221372454354,329.9596252441406,8673300,SMDR.JK
2023-08-23,329.95962312259775,348.4966806013954,329.95962312259775,346.6429748535156,47125100,SMDR.JK
2023-08-24,348.4966948638091,352.20410651129646,341.08187156883446,342.9355773925781,27044900,SMDR.JK
2023-08-25,342.93556088306866,346.6429723520748,335.52073794505634,339.2281494140625,12525400,SMDR.JK
2023-08-28,342.9355440087081,342.9355440087081,333.66701579225656,335.5207214355469,15311400,SMDR.JK
2023-08-29,333.6670227050781,337.3744340684679,333.6670227050781,333.6670227050781,5784000,SMDR.JK
2023-08-30,333.66701579225656,339.2281327221275,333.66701579225656,335.5207214355469,12116000,SMDR.JK
2023-08-31,337.3744340684679,341.08184543185763,331.81331702338326,333.6670227050781,15580900,SMDR.JK
2023-09-01,335.520728386773,335.520728386773,331.81331702338326,333.6670227050781,10445600,SMDR.JK
2023-09-04,333.667029695138,337.374441136195,329.95961825408085,331.8133239746094,10716500,SMDR.JK
2023-09-05,331.8133239746094,333.667029695138,329.95961825408085,331.8133239746094,11014400,SMDR.JK
2023-09-06,333.667029695138,333.667029695138,329.95961825408085,331.8133239746094,16079000,SMDR.JK
2023-09-07,331.8133310039392,333.6670367637377,329.9596252441406,329.9596252441406,8263100,SMDR.JK
2023-09-08,329.95961825408085,333.667029695138,329.95961825408085,331.8133239746094,8156600,SMDR.JK
2023-09-11,331.8133239746094,333.667029695138,329.95961825408085,331.8133239746094,7354500,SMDR.JK
2023-09-12,329.9596252441406,331.8133310039392,326.25221372454354,329.9596252441406,11509000,SMDR.JK
2023-09-13,329.95961825408085,331.8133239746094,328.1059125335523,331.8133239746094,6756000,SMDR.JK
2023-09-14,331.8133310039392,331.8133310039392,329.9596252441406,329.9596252441406,7818200,SMDR.JK
2023-09-15,329.9596252441406,333.6670367637377,328.1059194843421,329.9596252441406,13242300,SMDR.JK
2023-09-18,333.6670439122087,333.6670439122087,328.1059265136719,328.1059265136719,13885200,SMDR.JK
2023-09-19,328.1059194843421,331.8133310039392,324.398507964745,329.9596252441406,13827200,SMDR.JK
2023-09-20,329.95960450567594,342.9355440087081,328.10589886238563,335.5207214355469,31394400,SMDR.JK
2023-09-21,335.52074491060694,344.78927377554083,333.6670391376202,337.3744506835937,34222600,SMDR.JK
2023-09-22,337.3744270788372,339.2281327221275,333.66701579225656,335.5207214355469,10219200,SMDR.JK
2023-09-25,333.6670367637377,335.5207425235363,329.9596252441406,329.9596252441406,13282900,SMDR.JK
2023-09-26,331.8133310039392,333.6670367637377,328.1059194843421,329.9596252441406,10382100,SMDR.JK
2023-09-27,329.95963231318416,331.81333811269644,326.2522207141596,328.1059265136719,11188900,SMDR.JK
2023-09-29,328.1059265136719,331.81333811269644,326.2522207141596,328.1059265136719,7255400,SMDR.JK
2023-10-02,328.10590293190694,331.8133142644709,326.252197265625,326.252197265625,8018900,SMDR.JK
2023-10-03,328.10590293190694,329.95960859818894,326.252197265625,326.252197265625,7253100,SMDR.JK
2023-10-04,326.2522421650503,329.95965400783496,316.98371255808865,322.5448303222656,18566200,SMDR.JK
2023-10-05,324.3985126473311,324.3985126473311,318.83739528766256,320.69110107421875,9595800,SMDR.JK
2023-10-06,320.6911244008733,326.2522421650503,320.6911244008733,322.5448303222656,6460800,SMDR.JK
2023-10-09,322.5448303222656,326.2522421650503,320.6911244008733,322.5448303222656,8876800,SMDR.JK
2023-10-10,324.3985126473311,324.3985126473311,320.69110107421875,320.69110107421875,8957300,SMDR.JK
2023-10-11,320.6911244008733,324.398536243658,320.6911244008733,322.5448303222656,7416600,SMDR.JK
2023-10-12,322.54480686077494,324.3985126473311,318.83739528766256,320.69110107421875,11069600,SMDR.JK
2023-10-13,322.5448139989099,322.5448139989099,316.98369651617,318.83740234375,7464300,SMDR.JK
2023-10-16,320.6910987267127,322.5448044996995,311.4225698617788,313.2762756347656,15148400,SMDR.JK
2023-10-17,313.2762898884847,316.98370160314136,305.8614664591715,309.5688781738281,17529900,SMDR.JK
2023-10-18,309.56885464220164,311.422560358622,305.86144320936086,307.71514892578125,8393800,SMDR.JK
2023-10-19,307.71512908935546,309.5688346862793,296.5928955078125,296.5928955078125,20492600,SMDR.JK
2023-10-20,296.5928994455645,298.4466050670993,278.05584323021674,287.3243713378906,28422600,SMDR.JK
2023-10-23,289.1781054364135,289.1781054364135,276.2021648078565,279.9095764160156,20687500,SMDR.JK
2023-10-24,279.90954885175154,287.3243713378906,279.90954885175154,287.3243713378906,12162000,SMDR.JK
2023-10-25,289.1780769594254,296.5928994455645,285.4706657163558,287.3243713378906,10965400,SMDR.JK
2023-10-26,287.3243853001813,289.17809101179535,281.76326816533907,283.6169738769531,8961300,SMDR.JK
2023-10-27,285.470689039964,291.03180635892426,279.9095717210036,289.1781005859375,7287300,SMDR.JK
2023-10-30,289.1780839399858,292.8854952725497,281.76326127485794,285.4706726074219,7423900,SMDR.JK
2023-10-31,285.47069382825435,285.47069382825435,274.3484590037769,279.9095764160156,11362800,SMDR.JK
2023-11-01,279.9095467580876,279.9095467580876,259.5187850737236,263.2261962890625,31768100,SMDR.JK
2023-11-02,263.2262059705011,276.2021457014413,261.37250029465247,268.7873229980469,11150800,SMDR.JK
2023-11-03,268.7873229980469,274.3484400255927,265.0799116463497,268.7873229980469,7623700,SMDR.JK
2023-11-06,268.7873767173453,276.20220090265144,265.0799646246923,270.6410827636719,7507700,SMDR.JK
2023-11-07,270.6410827636719,274.3484948563249,268.7873767173453,270.6410827636719,5152400,SMDR.JK
2023-11-08,270.6410827636719,272.4947888099984,265.0799646246923,270.6410827636719,5387900,SMDR.JK
2023-11-09,270.6410286738955,270.6410286738955,265.0799116463497,268.7873229980469,3026000,SMDR.JK
2023-11-10,268.7873131120709,268.7873131120709,261.37249068139306,263.2261962890625,4792600,SMDR.JK
2023-11-13,265.07990189673194,266.93360750440144,259.5187850737236,263.2261962890625,7516400,SMDR.JK
2023-11-14,263.2261962890625,266.93360750440144,259.5187850737236,263.2261962890625,4756900,SMDR.JK
2023-11-15,263.22625006829105,266.9336620410839,261.37254408189466,265.0799560546875,9092600,SMDR.JK
2023-11-16,266.93362247242646,291.0317967234094,265.0799167608124,283.6169738769531,36161800,SMDR.JK
2023-11-17,283.61703388802954,285.4707399918729,276.20220947265625,276.20220947265625,9130000,SMDR.JK
2023-11-20,276.20217183430987,281.76328938802084,276.20217183430987,278.0558776855469,6996100,SMDR.JK
2023-11-21,278.0558776855469,281.76328938802084,276.20217183430987,278.0558776855469,6313300,SMDR.JK
2023-11-22,278.0558611895587,279.9095669308224,272.4947439657675,274.34844970703125,6520400,SMDR.JK
2023-11-23,278.0558611895587,278.0558611895587,272.4947439657675,274.34844970703125,5868200,SMDR.JK
2023-11-24,276.20215544829495,276.20215544829495,274.34844970703125,274.34844970703125,2598000,SMDR.JK
2023-11-27,274.34844970703125,281.76327267208615,274.34844970703125,274.34844970703125,6240900,SMDR.JK
2023-11-28,276.2021625544749,278.0558683434311,270.64104518760627,272.4947509765625,5404400,SMDR.JK
2023-11-29,274.3484567655187,276.2021625544749,270.64104518760627,272.4947509765625,6088000,SMDR.JK
2023-11-30,272.4947972649696,278.0559155764996,268.7873850572829,276.20220947265625,11534900,SMDR.JK
2023-12-01,278.0558611895587,278.0558611895587,274.34844970703125,274.34844970703125,3075500,SMDR.JK
2023-12-04,274.3484659830729,279.9095835367838,274.3484659830729,278.0558776855469,7961000,SMDR.JK
2023-12-05,279.9095669308224,289.17809563714104,274.34844970703125,274.34844970703125,21658400,SMDR.JK
2023-12-06,276.20215544829495,279.9095669308224,270.6410382245038,274.34844970703125,13590800,SMDR.JK
2023-12-07,274.3484400255927,276.2021457014413,268.7873229980469,268.7873229980469,6891100,SMDR.JK
2023-12-08,270.64107401387673,270.64107401387673,265.0799560546875,265.0799560546875,8516800,SMDR.JK
2023-12-11,268.7873515676945,268.7873515676945,259.5188222032912,261.3725280761719,7843200,SMDR.JK
2023-12-12,261.37249068139306,265.07990189673194,261.37249068139306,263.2261962890625,4722300,SMDR.JK
2023-12-13,263.2262128194173,268.7873299916585,261.3725070953369,266.9336242675781,5723700,SMDR.JK
2023-12-14,268.7873393986501,272.4947509765625,266.93363360969386,272.4947509765625,4680800,SMDR.JK
2023-12-15,272.4947888099984,274.3484948563249,268.7873767173453,270.6410827636719,1459200,SMDR.JK
2023-12-18,270.6410827636719,274.3484948563249,265.0799646246923,270.6410827636719,5682800,SMDR.JK
2023-12-19,268.7873850572829,281.76332778418623,266.9336789534396,276.20220947265625,10774000,SMDR.JK
2023-12-20,281.76327306143247,300.3003304996846,274.3484500861316,298.4466247558594,53207300,SMDR.JK
2023-12-21,305.8614594595773,354.05781064714705,300.30034201485773,311.4225769042969,500904500,SMDR.JK
2023-12-22,315.1299914474008,328.10593227170546,294.7392272949219,294.7392272949219,101551400,SMDR.JK
2023-12-27,296.5929236778846,316.98368718073914,294.7392179048978,313.2762756347656,80086600,SMDR.JK
2023-12-28,315.1299789891098,318.8373905066288,305.8614501953125,305.8614501953125,36518400,SMDR.JK
2023-12-29,305.86142349243164,307.71512908935546,294.7391899108887,296.5928955078125,25368400,SMDR.JK
2024-01-02,298.44665168313423,324.39853443818936,296.59294577205884,315.1300048828125,86284800,SMDR.JK
2024-01-03,315.1299814077524,320.6910987267127,311.4225698617788,313.2762756347656,21780600,SMDR.JK
2024-01-04,315.129985917086,331.81333811269644,313.2762801175737,328.1059265136719,90251700,SMDR.JK
2024-01-05,337.374441136195,341.0818525772521,320.6910896514381,331.8133239746094,115037000,SMDR.JK
2024-01-08,342.93556556273046,342.93556556273046,326.25221372454354,329.9596252441406,47283600,SMDR.JK
2024-01-09,333.66705431909617,333.66705431909617,307.7151723164998,309.5688781738281,70275000,SMDR.JK
2024-01-10,309.5688732058503,320.6911081713299,309.5688732058503,318.83740234375,16240000,SMDR.JK
2024-01-11,320.6911033156228,333.6670439122087,320.6911033156228,328.1059265136719,47033500,SMDR.JK
2024-01-12,331.8133310039392,335.5207425235363,326.25221372454354,329.9596252441406,33427600,SMDR.JK
2024-01-15,331.813346427957,361.4726399634168,331.813346427957,357.7652282714844,238099000,SMDR.JK
2024-01-16,361.4726161956787,367.0337333679199,348.49667612711585,355.9114990234375,116107200,SMDR.JK
2024-01-17,359.61891047159827,370.7411448160807,350.3503818511963,355.9114990234375,153643500,SMDR.JK
2024-01-18,357.7652189555921,361.4726305509868,348.4966899671052,352.2041015625,61341900,SMDR.JK
2024-01-19,359.618915088674,359.618915088674,342.9355633577561,346.6429748535156,51965000,SMDR.JK
2024-01-22,350.35040997444315,357.76523346596576,346.64299822868185,348.4967041015625,32693400,SMDR.JK
2024-01-23,348.49666815863714,352.2040795220269,329.95961134168834,333.6670227050781,51130600,SMDR.JK
2024-01-24,333.6670482738598,346.64298904006546,329.95963662637246,342.9355773925781,34197200,SMDR.JK
2024-01-25,344.78926661757174,346.6429723520748,337.3744436795594,339.2281494140625,15436300,SMDR.JK
2024-01-26,339.2281664471293,342.93557810228924,316.98369651617,318.83740234375,38304100,SMDR.JK
2024-01-29,324.3985198264898,333.66704896438955,316.98369651617,318.83740234375,33348700,SMDR.JK
2024-01-30,320.6911081713299,326.2522256540698,316.98369651617,318.83740234375,16693900,SMDR.JK
2024-01-31,320.6911081713299,322.5448139989099,316.98369651617,318.83740234375,14633500,SMDR.JK
2024-02-01,318.83739295372595,322.5448044996995,307.7151583158053,313.2762756347656,23732600,SMDR.JK
2024-02-02,313.2762952262973,315.1300011152103,298.44664811499325,300.30035400390625,64314400,SMDR.JK
2024-02-05,302.15405989281925,309.56888344847124,296.59294222608025,300.30035400390625,41643200,SMDR.JK
2024-02-06,302.15403624350984,305.86144773116024,298.4466247558594,298.4466247558594,13257300,SMDR.JK
2024-02-07,292.8855187552316,313.27628271920344,292.8855187552316,311.4225769042969,35165200,SMDR.JK
2024-02-12,313.27625616342743,315.1299618211992,302.1540222167969,302.1540222167969,18955600,SMDR.JK
2024-02-13,304.0077514648437,307.71516306807354,302.1540456632288,304.0077514648437,11883900,SMDR.JK
2024-02-15,305.8614572664586,307.71516306807354,298.44663405999904,304.0077514648437,15607800,SMDR.JK
2024-02-16,305.86147167064524,305.86147167064524,298.44664811499325,300.30035400390625,6271600,SMDR.JK
2024-02-19,304.007741987335,304.007741987335,296.59291901203414,298.4466247558594,7401700,SMDR.JK
2024-02-20,298.4466247558594,302.15403624350984,296.59291901203414,298.4466247558594,7827200,SMDR.JK
2024-02-21,296.5929331269654,300.30034479105245,292.8855214628784,294.7392272949219,10392400,SMDR.JK
2024-02-22,294.7391995857098,304.0077278745686,294.7391995857098,302.1540222167969,9073600,SMDR.JK
2024-02-23,305.86147167064524,305.86147167064524,298.44664811499325,300.30035400390625,4464000,SMDR.JK
2024-02-26,300.300339861614,309.56886886968846,298.44663405999904,304.0077514648437,12698200,SMDR.JK
2024-02-27,304.0077178955078,304.0077178955078,296.5928955078125,296.5928955078125,7802200,SMDR.JK
2024-02-28,300.30035400390625,300.30035400390625,296.59294222608025,300.30035400390625,5945900,SMDR.JK
2024-02-29,300.30030670166013,300.30030670166013,294.7391899108887,296.5928955078125,12482800,SMDR.JK
2024-03-01,298.446615098398,298.446615098398,291.031792363034,292.885498046875,14986400,SMDR.JK
2024-03-04,292.8855096917403,292.8855096917403,281.7632751464844,281.7632751464844,29795300,SMDR.JK
2024-03-05,281.76326816533907,291.0317967234094,279.90956245372496,283.6169738769531,10048300,SMDR.JK
2024-03-06,285.4706866615697,287.3243924191124,276.2021578738564,281.7632751464844,13558400,SMDR.JK
2024-03-07,281.76326816533907,285.4706795885672,278.0558567421109,283.6169738769531,8005400,SMDR.JK
2024-03-08,283.6169738769531,292.8855024350235,281.76326816533907,283.6169738769531,19320900,SMDR.JK
2024-03-13,283.616980904027,287.3243924191124,279.9095693889417,281.7632751464844,13127400,SMDR.JK
2024-03-14,283.6169738769531,285.4706795885672,281.76326816533907,283.6169738769531,12871000,SMDR.JK
2024-03-15,283.6169764038863,291.03179931640625,281.7632706757564,291.03179931640625,15763600,SMDR.JK
2024-03-18,291.03179931640625,292.8855050445362,285.4706821320163,291.03179931640625,18130000,SMDR.JK
2024-03-19,289.1781005859375,296.5929236778846,285.470689039964,289.1781005859375,24885200,SMDR.JK
2024-03-20,287.3243713378906,289.1780769594254,285.4706657163558,287.3243713378906,10954000,SMDR.JK
2024-03-21,287.3243948129507,291.03180635892426,279.9095717210036,289.1781005859375,22243600,SMDR.JK
2024-03-22,289.1780769594254,289.1780769594254,285.4706657163558,287.3243713378906,6957400,SMDR.JK
2024-03-25,305.86147167064524,305.86147167064524,287.32441278151526,300.30035400390625,73410000,SMDR.JK
2024-03-26,304.007741987335,304.007741987335,294.73921326820897,298.4466247558594,15150600,SMDR.JK
2024-03-27,300.30034479105245,300.30034479105245,294.7392272949219,294.7392272949219,11674300,SMDR.JK
2024-03-28,294.7392081466376,296.5929138582516,281.76326816533907,283.6169738769531,36138800,SMDR.JK
2024-04-01,294.7392128609322,294.7392128609322,270.6410382245038,274.34844970703125,32595300,SMDR.JK
2024-04-02,274.3484659830729,279.9095835367838,272.4947601318359,278.0558776855469,13958500,SMDR.JK
2024-04-03,278.055849942294,285.4706726074219,278.055849942294,285.4706726074219,16270500,SMDR.JK
2024-04-04,285.4706726074219,287.3243782737038,283.61696694113994,285.4706726074219,8976000,SMDR.JK
2024-04-05,285.4706795885672,287.3243853001813,281.76326816533907,283.6169738769531,5706100,SMDR.JK
2024-04-16,287.3243948129507,292.885512131911,279.9095717210036,289.1781005859375,27123100,SMDR.JK
2024-04-17,289.1780769594254,292.88548820249497,287.3243713378906,287.3243713378906,9256600,SMDR.JK
2024-04-18,287.3243782737038,292.8854952725497,283.61696694113994,285.4706726074219,8564900,SMDR.JK
2024-04-19,285.47069382825435,285.47069382825435,278.0558706119361,279.9095764160156,13119100,SMDR.JK
2024-04-22,279.909555608576,287.3243782737038,279.909555608576,285.4706726074219,7194000,SMDR.JK
2024-04-23,285.4706866615697,287.3243924191124,279.9095693889417,281.7632751464844,8285400,SMDR.JK
2024-04-24,281.7632822200952,285.47069382825435,279.9095764160156,279.9095764160156,7156000,SMDR.JK
2024-04-25,281.76332778418623,283.61703388802954,276.20220947265625,276.20220947265625,14207400,SMDR.JK
2024-04-26,278.0558513772899,279.9095570531385,268.7873229980469,268.7873229980469,15564900,SMDR.JK
2024-04-29,270.6410286738955,272.4947343497441,265.0799116463497,268.7873229980469,11241400,SMDR.JK
2024-04-30,268.7873420162477,274.3484594372736,253.95769556017888,255.8114013671875,53997100,SMDR.JK
2024-05-02,255.81139410109745,257.6650998554532,233.56692504882807,233.56692504882807,52067300,SMDR.JK
2024-05-03,235.42063200473785,239.12804353237152,233.56692624092105,237.2743377685547,10353300,SMDR.JK
2024-05-06,240.98175164425007,246.54286898988667,235.4206342986136,244.6891632080078,12373200,SMDR.JK
2024-05-07,248.3965606689453,252.1039720222132,242.83544363904355,248.3965606689453,8557400,SMDR.JK
2024-05-08,248.3965747717656,248.3965747717656,242.83545742612893,244.6891632080078,6291000,SMDR.JK
2024-05-13,244.6891536269077,246.54285933620247,233.5669193711392,239.12803649902344,11428800,SMDR.JK
2024-05-14,239.1280447152945,242.835456261268,235.4206331693209,240.98175048828125,6486200,SMDR.JK
2024-05-15,240.98175864183267,246.54287614895188,239.12805280612625,242.83546447753903,6654600,SMDR.JK
2024-05-16,240.98175864183267,246.54287614895188,239.12805280612625,242.83546447753903,8616900,SMDR.JK
2024-05-17,242.83545742612893,248.3965747717656,239.1280458623713,244.6891632080078,8836400,SMDR.JK
2024-05-20,244.6891536269077,250.250270754792,237.27433078972868,239.12803649902344,26446500,SMDR.JK
2024-05-21,239.12805280612625,246.54287614895188,239.12805280612625,242.83546447753903,11381800,SMDR.JK
2024-05-22,242.835456261268,244.6891620342548,239.1280447152945,240.98175048828125,8463200,SMDR.JK
2024-05-27,242.83546447753903,246.54287614895188,240.98175864183267,242.83546447753903,11818500,SMDR.JK
2024-05-28,244.68917031324548,246.54287614895188,239.12805280612625,242.83546447753903,12123700,SMDR.JK
2024-05-29,244.68916652513585,268.7873420162477,242.83546071812725,255.8114013671875,74647000,SMDR.JK
2024-05-30,255.8114013671875,259.5188129812047,244.68916652513585,255.8114013671875,18857100,SMDR.JK
2024-05-31,255.81139312521384,259.51880461978214,252.1039816306456,253.9576873779297,6961200,SMDR.JK
2024-06-03,255.81137385838468,265.07990189673194,253.95766825071524,263.2261962890625,17312900,SMDR.JK
2024-06-04,265.0799185434977,268.7873299916585,261.3725070953369,266.9336242675781,18839300,SMDR.JK
2024-06-05,266.9335972628148,268.78730279936207,255.8113640435308,257.6650695800781,14909900,SMDR.JK
2024-06-06,259.5187850737236,268.7873131120709,257.6650794660541,263.2261962890625,12763800,SMDR.JK
2024-06-07,263.2262585783658,279.9096129953045,263.2262585783658,270.6410827636719,30658600,SMDR.JK
2024-06-10,270.6410542805989,278.0558776855469,268.78734842936194,278.0558776855469,25560600,SMDR.JK
2024-06-11,278.0558611895587,279.9095669308224,272.4947439657675,274.34844970703125,13683000,SMDR.JK
2024-06-12,276.2021750592171,276.2021750592171,261.3725280761719,261.3725280761719,21324700,SMDR.JK
2024-06-13,261.3725280761719,265.0799398219332,257.66511633041057,261.3725280761719,6460400,SMDR.JK
2024-06-14,261.3725176418529,266.93363503848803,252.1039886474609,252.1039886474609,11135200,SMDR.JK
2024-06-19,255.81139187282983,259.51880334924766,248.3965689199942,250.25027465820312,12385600,SMDR.JK
2024-06-20,250.25027588336133,255.81139312521384,250.25027588336133,253.9576873779297,5526000,SMDR.JK
2024-06-21,253.9577016194661,278.0558776855469,253.9577016194661,278.0558776855469,26287400,SMDR.JK
2024-06-24,279.909555608576,289.1780839399858,276.20214427601206,285.4706726074219,38124200,SMDR.JK
2024-06-25,287.3244069417317,294.7392303466797,276.20217183430987,278.0558776855469,16845200,SMDR.JK
2024-06-26,279.90956245372496,289.17809101179535,276.20215103049685,283.6169738769531,13517400,SMDR.JK
2024-06-27,281.7632751464844,287.3243924191124,279.9095693889417,281.7632751464844,16799900,SMDR.JK
2024-06-28,281.76329511477627,302.15405989281925,281.76329511477627,300.30035400390625,56566600,SMDR.JK
2024-07-01,300.30033726846017,357.7652166223013,300.30033726846017,344.7892761230469,259946000,SMDR.JK
2024-07-02,350.35038860192464,350.35038860192464,328.1059194843421,329.9596252441406,82917300,SMDR.JK
2024-07-03,329.95960450567594,344.78924965199843,328.10589886238563,335.5207214355469,75192100,SMDR.JK
2024-07-04,352.2040823231573,352.2040823231573,324.3984968765922,341.08184814453125,64320900,SMDR.JK
2024-07-05,344.9142150878906,358.32754567464195,341.0818349202474,344.9142150878906,62338100,SMDR.JK
2024-07-08,348.74663463613604,352.5790152365331,335.33330253474617,346.8304443359375,24500800,SMDR.JK
2024-07-09,344.9142540357389,352.5790152365331,337.2494928349448,346.8304443359375,22756400,SMDR.JK
2024-07-10,344.9142623733688,348.74664306640625,341.0818816803314,348.74664306640625,35082500,SMDR.JK
2024-07-11,348.74665680730527,379.4057035595959,348.74665680730527,365.9923706054688,183678000,SMDR.JK
2024-07-12,365.9923315750925,373.6570924457751,352.579000051398,364.0761413574219,56738900,SMDR.JK
2024-07-15,365.9923218707649,379.4056530388034,364.0761317039023,375.5732727050781,79208400,SMDR.JK
2024-07-16,375.5732727050781,377.4894628719408,365.9923218707649,375.5732727050781,42436100,SMDR.JK
2024-07-17,373.6570739746094,379.4056443434495,367.9085036057692,373.6570739746094,34350800,SMDR.JK
2024-07-18,373.6570739746094,375.5732640975561,367.9085036057692,373.6570739746094,30400200,SMDR.JK
2024-07-19,373.6570924457751,375.5732826634457,356.4113804867393,364.0761413574219,41450500,SMDR.JK
2024-07-22,364.0761570377245,364.0761570377245,344.9142540357389,346.8304443359375,68769500,SMDR.JK
2024-07-23,346.83045514787943,350.6628358677455,327.6685515485491,335.33331298828125,88137800,SMDR.JK
2024-07-24,331.5009322684152,337.24950334821426,325.7523611886161,335.33331298828125,38154300,SMDR.JK
2024-07-25,335.3332747956236,335.3332747956236,310.422802953663,320.0037536621094,69244100,SMDR.JK
2024-07-26,321.91993457595737,331.5008850097656,316.1713643156724,331.5008850097656,24194700,SMDR.JK
2024-07-29,331.50091209637344,333.417102339705,320.0037706363836,323.8361511230469,29547700,SMDR.JK
2024-07-30,323.83614919155457,323.83614919155457,293.17710548111154,302.758056640625,118437500,SMDR.JK
2024-07-31,304.6742502848307,312.3390112982856,300.8418697781033,310.4228210449219,55690600,SMDR.JK
2024-08-01,310.42280764696073,314.25518798828125,304.67423713498,314.25518798828125,23768300,SMDR.JK
2024-08-02,314.2551929165858,314.2551929165858,304.6742419130314,308.5066223144531,14158000,SMDR.JK
2024-08-05,306.59044228830646,306.59044228830646,289.3447299095892,297.0094909667969,44358400,SMDR.JK
2024-08-06,298.92566773238457,304.67423826569967,295.09328737684115,300.84185791015625,18782000,SMDR.JK
2024-08-07,302.7580954113846,310.4228573205336,298.9257144568101,304.6742858886719,23815500,SMDR.JK
2024-08-08,306.6025502131536,306.6025502131536,295.0326426579402,300.8175964355469,12363900,SMDR.JK
2024-08-09,302.7459411621094,306.60257735525727,298.8893049689615,302.7459411621094,9350900,SMDR.JK
2024-08-12,302.7459411621094,304.6742592586833,298.8893049689615,302.7459411621094,8798100,SMDR.JK
2024-08-13,302.7459115693064,320.1007727420691,300.8175936612216,318.1724548339844,34940300,SMDR.JK
2024-08-14,320.1007727420691,327.8140443744082,314.3158190178149,318.1724548339844,29455500,SMDR.JK
2024-08-15,320.1007802764331,320.1007802764331,308.5308725555982,314.3158264160156,11431200,SMDR.JK
2024-08-16,314.3158308736394,349.0255545283971,314.3158308736394,343.2406005859375,109807800,SMDR.JK
2024-08-19,345.1689147949219,362.5237764326554,343.24059683517373,345.1689147949219,84493700,SMDR.JK
2024-08-20,347.0972327546701,350.9538686741664,331.6706890766847,345.1689147949219,43909900,SMDR.JK
2024-08-21,347.0972216260302,356.73881111564214,341.312267932263,350.953857421875,34222900,SMDR.JK
2024-08-22,350.9538841039105,352.8822021484375,343.2406119258026,352.8822021484375,28115000,SMDR.JK
2024-08-23,354.8105163574219,364.4521064758301,350.9538803100586,354.8105163574219,56203600,SMDR.JK
2024-08-26,356.7388186984592,358.66713663736977,343.24059312608506,347.09722900390625,18208600,SMDR.JK
2024-08-27,347.0972481863839,349.0255662318638,333.5990218680246,337.4556579589844,32731100,SMDR.JK
2024-08-28,339.3839798850575,341.3122979525862,335.52734375,335.52734375,17110500,SMDR.JK
2024-08-29,337.4556618175287,339.3839798850575,335.52734375,335.52734375,11571600,SMDR.JK
2024-08-30,337.4556503726937,349.0255583854718,335.52733237056407,341.3122863769531,21362700,SMDR.JK
2024-09-02,345.16891106499565,352.88218282063804,341.31227518717446,347.09722900390625,21778500,SMDR.JK
2024-09-03,347.0972403833422,352.8821943897312,341.3122863769531,341.3122863769531,13646300,SMDR.JK
2024-09-04,341.3122706771586,345.1689065040192,333.5989990234375,333.5989990234375,22462200,SMDR.JK
2024-09-05,335.5273595473345,335.5273595473345,323.9574505974265,327.8140869140625,22478400,SMDR.JK
2024-09-06,327.8140640258789,331.6707000732422,322.029109954834,323.9574279785156,18481200,SMDR.JK
2024-09-09,323.95743181605536,323.95743181605536,318.17247767648297,322.02911376953125,17780100,SMDR.JK
2024-09-10,322.0291061852811,337.4556501941568,320.1007881841716,325.8857421875,29441800,SMDR.JK
2024-09-11,325.88574600219727,327.8140640258789,320.10079193115234,323.9574279785156,12925500,SMDR.JK
2024-09-12,323.95742418639054,333.59901419193784,323.95742418639054,325.8857421875,9594200,SMDR.JK
2024-09-13,325.8857421875,329.7423781897189,323.95742418639054,325.8857421875,8658100,SMDR.JK
2024-09-17,327.8140526487116,329.74237060546875,323.95741673519734,329.74237060546875,11088400,SMDR.JK
2024-09-18,331.6707232306985,333.5990413890165,325.8857687557445,327.8140869140625,13325500,SMDR.JK
2024-09-19,327.81407910724016,331.67071533203125,327.81407910724016,331.67071533203125,7084200,SMDR.JK
2024-09-20,331.6707232306985,331.6707232306985,325.8857687557445,327.8140869140625,11430900,SMDR.JK
2024-09-23,327.8140640258789,329.74238204956055,322.029109954834,323.9574279785156,13959000,SMDR.JK
2024-09-24,323.95741673519734,331.67068856222585,322.02909877844024,329.74237060546875,22081800,SMDR.JK
2024-09-25,333.5990218680246,341.31229404994417,325.88574968610493,337.4556579589844,38702900,SMDR.JK
2024-09-26,339.3839798850575,345.16893408764366,333.5990256824713,335.52734375,37087200,SMDR.JK
2024-09-27,337.4556618175287,339.3839798850575,329.7423895474138,335.52734375,30231500,SMDR.JK
2024-09-30,335.5273471221081,352.88220990428607,333.5990290351994,349.02557373046875,49457200,SMDR.JK
2024-10-01,349.0255545283971,352.88219049003686,339.38396462429773,343.2406005859375,31034900,SMDR.JK
2024-10-02,343.24058859058886,349.0255423308797,331.67068111000725,333.5989990234375,31075100,SMDR.JK
2024-10-03,333.5990256824713,343.24061602011494,333.5990256824713,335.52734375,16733300,SMDR.JK
2024-10-04,335.5273399135045,345.168930140904,333.5990218680246,337.4556579589844,21271000,SMDR.JK
2024-10-07,337.4556618175287,341.3122979525862,333.5990256824713,335.52734375,12271700,SMDR.JK
2024-10-08,341.31228619637574,341.31228619637574,320.1007881841716,325.8857421875,32975500,SMDR.JK
2024-10-09,310.45920181274414,327.8140640258789,310.45920181274414,323.9574279785156,14109700,SMDR.JK
2024-10-10,325.8857421875,327.81406018860946,322.0291061852811,325.8857421875,5158900,SMDR.JK
2024-10-11,325.8857687557445,331.6707232306985,325.8857687557445,327.8140869140625,5951700,SMDR.JK
2024-10-14,329.74237060546875,331.67068856222585,325.8857346919545,329.74237060546875,10330200,SMDR.JK
2024-10-15,329.74236319657695,335.5273169368678,325.8857273697164,333.5989990234375,9995600,SMDR.JK
2024-10-16,333.599006518983,335.5273244757401,329.74237060546875,329.74237060546875,5286900,SMDR.JK
2024-10-17,331.6707232306985,333.5990413890165,327.8140869140625,327.8140869140625,14275800,SMDR.JK
2024-10-18,329.7424050723805,329.7424050723805,325.8857687557445,327.8140869140625,9566500,SMDR.JK
2024-10-21,327.81406018860946,329.7423781897189,322.0291061852811,325.8857421875,21275700,SMDR.JK
2024-10-22,325.88574600219727,327.8140640258789,318.1724739074707,323.9574279785156,16654600,SMDR.JK
2024-10-23,323.95740945628614,335.5273169368678,320.1007736294256,333.5989990234375,46632400,SMDR.JK
2024-10-24,335.5273244757401,337.45564243249726,327.8140526487116,329.74237060546875,19947600,SMDR.JK
2024-10-25,329.7423781897189,333.59901419193784,323.95742418639054,325.8857421875,11314100,SMDR.JK
2024-10-28,329.74238204956055,329.74238204956055,323.9574279785156,323.9574279785156,7793800,SMDR.JK
2024-10-29,323.95743181605536,327.81406790910364,322.02911376953125,322.02911376953125,8138900,SMDR.JK
2024-10-30,323.9574279785156,325.88574600219727,320.10079193115234,323.9574279785156,7490900,SMDR.JK
2024-10-31,323.9574505974265,339.3839958639706,320.1008142807904,327.8140869140625,44974200,SMDR.JK
2024-11-01,327.81406790910364,331.6707040021519,320.1007957230071,322.02911376953125,18959400,SMDR.JK
2024-11-04,323.9574200665509,325.8857380431376,312.38751220703125,312.38751220703125,19035500,SMDR.JK
2024-11-05,312.38750399076025,316.244139842498,298.889278509678,300.8175964355469,33041900,SMDR.JK
2024-11-06,295.0326426579402,306.6025502131536,295.0326426579402,300.8175964355469,13523200,SMDR.JK
2024-11-07,302.74590576171875,302.74590576171875,289.2476806640625,289.2476806640625,24889200,SMDR.JK
2024-11-08,293.10431640625,295.0326342773438,289.2476806640625,289.2476806640625,14265700,SMDR.JK
2024-11-11,291.17601368525254,293.1043316566781,275.74946991384843,281.534423828125,23384900,SMDR.JK
2024-11-12,283.4627380371094,287.31937392877074,281.5344200912787,283.4627380371094,9833100,SMDR.JK
2024-11-13,283.4627380371094,295.0326457120934,283.4627380371094,283.4627380371094,21933500,SMDR.JK
2024-11-14,285.3910636112608,289.2476996060076,279.6061096191406,279.6061096191406,13539200,SMDR.JK
2024-11-15,281.5344314575196,283.4627494812012,273.82115936279297,277.67779541015625,12184200,SMDR.JK
2024-11-18,277.6778111049107,279.6061292375837,269.96453857421875,269.96453857421875,14317400,SMDR.JK
2024-11-19,266.1078946825484,279.6061212244168,266.1078946825484,273.8211669921875,9554300,SMDR.JK
2024-11-20,275.7494929722377,281.5344473702567,269.96453857421875,269.96453857421875,12252700,SMDR.JK
2024-11-21,271.892822265625,277.67777593085106,271.892822265625,271.892822265625,8353700,SMDR.JK
2024-11-22,273.8211748395647,275.7494929722377,269.96453857421875,269.96453857421875,10663600,SMDR.JK
2024-11-25,271.8928413391113,277.67779541015625,269.9645233154297,277.67779541015625,9427900,SMDR.JK
2024-11-26,277.67777593085106,281.5344117076684,271.892822265625,271.892822265625,8137300,SMDR.JK
2024-11-28,275.7494850695973,275.7494850695973,269.964530837368,273.8211669921875,11235600,SMDR.JK
2024-11-29,273.8211401540337,275.7494580424424,268.03618648880763,271.892822265625,8382000,SMDR.JK
2024-12-02,269.96453857421875,273.8211748395647,268.03622044154577,269.96453857421875,8124100,SMDR.JK
2024-12-03,269.96454653532606,271.8928647248641,262.25127377717394,266.10791015625,15962800,SMDR.JK
2024-12-04,266.1079023088728,273.8211748395647,266.1079023088728,269.96453857421875,9241700,SMDR.JK
2024-12-05,269.964530837368,275.7494850695973,269.964530837368,273.8211669921875,5064500,SMDR.JK
2024-12-06,273.8211401540337,275.7494580424424,269.9645043772163,271.892822265625,4904800,SMDR.JK
2024-12-09,271.89284510045616,277.67779925152973,271.89284510045616,275.7494812011719,11711300,SMDR.JK
2024-12-10,275.7494736243939,285.3910636112608,275.7494736243939,279.6061096191406,13580700,SMDR.JK
2024-12-11,281.5344117076684,281.5344117076684,271.892822265625,271.892822265625,10606800,SMDR.JK
2024-12-12,273.8211401540337,275.7494580424424,271.892822265625,271.892822265625,5243800,SMDR.JK
2024-12-13,271.892822265625,273.8211401540337,269.9645043772163,271.892822265625,4366100,SMDR.JK
2024-12-16,271.8928647248641,271.8928647248641,262.25127377717394,266.10791015625,16717700,SMDR.JK
2024-12-17,266.1078872680664,268.03620529174805,262.2512512207031,262.2512512207031,8198700,SMDR.JK
2024-12-18,262.2512550636574,264.17957311559604,258.3946189597801,260.32293701171875,6355600,SMDR.JK
2024-12-19,260.3229331970215,260.3229331970215,248.75302505493164,254.53797912597656,10805000,SMDR.JK
2024-12-20,254.53797912597656,260.3229331970215,252.6096611022949,254.53797912597656,8815700,SMDR.JK
2024-12-23,254.5379866414996,260.3229408833518,254.5379866414996,258.3946228027344,8136200,SMDR.JK
2024-12-24,258.3945959564438,260.3229138367158,254.5379601958999,256.4662780761719,3573100,SMDR.JK
2024-12-27,256.46629344633897,264.1795654296875,256.46629344633897,264.1795654296875,5148900,SMDR.JK
2024-12-30,264.17957704458667,268.03621320582147,258.3946228027344,258.3946228027344,6751200,SMDR.JK
2025-01-02,260.3229555876359,268.03622834578806,258.3946373980978,266.10791015625,6073000,SMDR.JK
2025-01-03,266.10791015625,269.96454653532606,264.17959196671194,266.10791015625,4051900,SMDR.JK
2025-01-06,266.1078834255246,269.9645194171989,260.3229294380132,264.1795654296875,5739400,SMDR.JK
2025-01-07,264.1795692443848,266.1078872680664,260.3229331970215,262.2512512207031,3923700,SMDR.JK
2025-01-08,262.2512550636574,264.17957311559604,256.4663009078414,260.32293701171875,5519500,SMDR.JK
2025-01-09,260.3229138367158,262.2512317169878,256.4662780761719,256.4662780761719,4626800,SMDR.JK
2025-01-10,258.3946228027344,260.3229408833518,256.46630472211694,258.3946228027344,2552300,SMDR.JK
2025-01-13,258.3946190753966,258.3946190753966,250.6813468641908,252.6096649169922,14193200,SMDR.JK
2025-01-14,252.6096687903771,256.4663049551157,250.6813507080078,250.6813507080078,5489800,SMDR.JK
2025-01-15,252.60964231562792,258.3945959564438,252.60964231562792,256.4662780761719,4575000,SMDR.JK
2025-01-16,258.39461517333984,258.39461517333984,250.68134307861328,254.53797912597656,6051100,SMDR.JK
2025-01-17,254.53797912597656,258.39461517333984,252.6096611022949,254.53797912597656,3181000,SMDR.JK
2025-01-20,254.5379866414996,258.3946228027344,254.5379866414996,258.3946228027344,3864400,SMDR.JK
2025-01-21,258.3945959564438,258.3945959564438,252.60964231562792,256.4662780761719,18171500,SMDR.JK
2025-01-22,256.4662780761719,258.3945959564438,254.5379601958999,256.4662780761719,4894900,SMDR.JK
2025-01-23,256.4662780761719,258.3945959564438,254.5379601958999,256.4662780761719,5637400,SMDR.JK
2025-01-24,258.39461517333984,258.39461517333984,250.68134307861328,254.53797912597656,12784900,SMDR.JK
2025-01-30,254.53797522256545,254.53797522256545,248.7530212402344,248.7530212402344,7836000,SMDR.JK
2025-01-31,248.75302505493164,250.68134307861328,241.03975296020508,246.82470703125,12116100,SMDR.JK
2025-02-03,246.82471087598427,248.7530289297029,242.968074768547,244.8963928222656,7332300,SMDR.JK
2025-02-04,244.8963890075684,248.75302505493164,244.8963890075684,246.82470703125,4024500,SMDR.JK
2025-02-05,246.82470703125,248.75302505493164,242.96807098388672,246.82470703125,4897000,SMDR.JK
2025-02-06,246.8246951219512,246.8246951219512,237.18310546875,237.18310546875,19173200,SMDR.JK
2025-02-07,237.1831208557642,237.1831208557642,223.6848944655988,229.4698486328125,16616000,SMDR.JK
2025-02-10,231.3981706005032,233.3264886888407,223.68489824715303,227.54153442382807,7246800,SMDR.JK
2025-02-11,229.46984876549763,229.46984876549763,219.828258481233,221.756576538086,10190200,SMDR.JK
2025-02-12,221.756576538086,223.68489459493887,219.828258481233,221.756576538086,4447900,SMDR.JK
2025-02-13,221.75657272338867,223.6848907470703,217.8999366760254,223.6848907470703,3430600,SMDR.JK
2025-02-14,223.6848799542683,237.18310546875,223.6848799542683,237.18310546875,11376400,SMDR.JK
2025-02-17,235.25479150196864,248.75301724388487,231.39815557570685,242.9680633544922,13493300,SMDR.JK
2025-02-18,241.03975296020508,244.8963890075684,235.25479888916016,239.11143493652344,7764900,SMDR.JK
2025-02-19,241.03974133003047,242.9680592606707,235.25478753810967,237.18310546875,4667700,SMDR.JK
2025-02-20,237.183101272583,239.11141916910807,229.4698296864828,231.3981475830078,5374200,SMDR.JK
2025-02-21,231.39816284179688,258.39461517333984,231.39816284179688,254.53797912597656,21607900,SMDR.JK
2025-02-24,260.3229408833518,281.5344397701434,258.3946228027344,258.3946228027344,65274600,SMDR.JK
2025-02-25,258.394619198296,269.9645275206078,244.8963928222656,244.8963928222656,17948200,SMDR.JK
2025-02-26,246.82471431902985,266.10789512520404,244.8963962384124,258.3946228027344,14370500,SMDR.JK
2025-02-27,258.394619198296,262.2512553057333,242.968074768547,244.8963928222656,11376300,SMDR.JK
2025-02-28,246.82470299586777,248.753020988023,231.398159058626,233.32647705078125,11094200,SMDR.JK
2025-03-03,233.3264808654785,244.8963890075684,229.46984481811523,239.11143493652344,11920100,SMDR.JK
2025-03-04,239.1114389115021,241.03975696724004,227.54153057707447,229.4698486328125,8502400,SMDR.JK
2025-03-05,229.4698410664708,239.1114310272469,229.4698410664708,233.32647705078125,7232300,SMDR.JK
2025-03-06,237.18310922091123,239.11142718205684,233.32647329862,235.2547912597656,3903700,SMDR.JK
2025-03-07,235.2547912597656,239.11142718205684,233.32647329862,235.2547912597656,4444200,SMDR.JK
2025-03-10,237.183101272583,237.183101272583,229.4698296864828,231.3981475830078,7066700,SMDR.JK
2025-03-11,231.3981666885504,233.3264847442884,227.54153057707447,229.4698486328125,4922800,SMDR.JK
2025-03-12,229.4698410664708,233.32647705078125,227.5415230743156,233.32647705078125,5032600,SMDR.JK
2025-03-13,233.32646547953289,233.32646547953289,227.5415117899577,231.3981475830078,3376400,SMDR.JK
2025-03-14,231.3981706005032,231.3981706005032,225.6132163354906,227.54153442382807,8356700,SMDR.JK
2025-03-17,229.4698486328125,233.3264847442884,227.54153057707447,229.4698486328125,6519000,SMDR.JK
2025-03-18,231.39816284179688,233.3264808654785,208.2583465576172,223.6848907470703,15883200,SMDR.JK
2025-03-19,223.68489824715303,227.54153442382807,217.89994398214048,227.54153442382807,3812500,SMDR.JK
2025-03-20,227.5415267944336,231.39816284179688,223.6848907470703,223.6848907470703,4542000,SMDR.JK
2025-03-21,223.68489459493887,225.6132126517918,217.8999404243801,221.756576538086,7252100,SMDR.JK
2025-03-24,219.82825861750425,221.7565766755525,208.25835026921453,214.0433044433593,14483400,SMDR.JK
2025-03-25,214.0433006286621,217.8999366760254,212.11498260498047,215.9716186523437,7340700,SMDR.JK
2025-03-26,215.9716186523437,225.61320877075195,215.9716186523437,223.6848907470703,9933100,SMDR.JK
2025-03-27,229.46984876549763,229.46984876549763,217.8999404243801,221.756576538086,9195700,SMDR.JK
2025-04-08,204.4017225208849,206.3300406578744,192.83181369894805,194.7601318359375,22602400,SMDR.JK
2025-04-09,187.04684490238853,215.9716147326548,185.11852691370413,210.1866607666016,22862300,SMDR.JK
2025-04-10,212.11498260498047,221.75657272338867,212.11498260498047,215.9716186523437,13761500,SMDR.JK
2025-04-11,215.9716186523437,223.6848907470703,210.18666458129883,223.6848907470703,12683600,SMDR.JK
2025-04-14,223.68487599690755,231.3981475830078,223.68487599690755,231.3981475830078,13030900,SMDR.JK
2025-04-15,231.3981706005032,233.3264886888407,227.54153442382807,227.54153442382807,7547800,SMDR.JK
2025-04-16,231.3981745793269,231.3981745793269,225.6132202148437,225.6132202148437,4823300,SMDR.JK
2025-04-17,225.61319389343265,235.254783376058,225.61319389343265,231.3981475830078,9413300,SMDR.JK
2025-04-21,235.25480280002628,237.1831208557642,227.54153057707447,229.4698486328125,7316500,SMDR.JK
2025-04-22,229.4698373763288,237.18310922091123,227.5415194151832,235.2547912597656,6440900,SMDR.JK
2025-04-23,235.25479504293648,239.1114310272469,231.398159058626,233.32647705078125,5674600,SMDR.JK
2025-04-24,235.25478753810967,242.9680592606707,233.3264696074695,237.18310546875,8529000,SMDR.JK
2025-04-25,237.1831094650996,244.89638131762308,235.25479150196864,242.9680633544922,10260700,SMDR.JK
2025-04-28,244.89638131762308,246.824699280754,239.1114274282304,242.9680633544922,6160000,SMDR.JK
2025-04-29,242.9680633544922,244.89638131762308,237.1831094650996,242.9680633544922,8157900,SMDR.JK
2025-04-30,244.8963928222656,248.7530289297029,241.0397567148284,244.8963928222656,11202700,SMDR.JK
2025-05-02,250.681324435356,262.2512317169878,250.681324435356,256.4662780761719,21277600,SMDR.JK
2025-05-05,260.32293701171875,268.0362092194734,256.4663009078414,260.32293701171875,15218800,SMDR.JK
2025-05-06,262.25125896396924,262.25125896396924,254.5379866414996,258.3946228027344,13018200,SMDR.JK
2025-05-07,256.4662971496582,260.3229331970215,252.6096611022949,254.53797912597656,15000700,SMDR.JK
2025-05-08,256.4663049551157,262.25125920222354,250.6813507080078,250.6813507080078,13751900,SMDR.JK
2025-05-09,250.6813392343448,254.53797522256545,248.7530212402344,248.7530212402344,6920300,SMDR.JK
2025-05-14,256.4663192085597,277.67781929347825,254.5380010190217,266.10791015625,67909800,SMDR.JK
2025-05-15,266.10789094938264,277.67779925152973,264.1795728990248,275.7494812011719,35760000,SMDR.JK
2025-05-16,277.67780314700707,279.6061212244168,271.89284891477774,273.8211669921875,19209200,SMDR.JK
2025-05-19,275.74947030203685,298.8892859917182,271.8928343537566,296.9609680175781,64017700,SMDR.JK
2025-05-20,298.889305575582,304.67425987704485,287.31939697265625,287.31939697265625,45571900,SMDR.JK
2025-05-21,289.2476918746014,291.17600982043206,283.4627380371094,283.4627380371094,14695200,SMDR.JK
2025-05-22,285.391044921875,289.2476806640625,279.60609130859376,289.2476806640625,18853100,SMDR.JK
2025-05-23,291.1760331736315,293.1043512741191,287.31939697265625,287.31939697265625,6305100,SMDR.JK
2025-05-26,289.2476996060076,291.17601760338096,275.7494736243939,279.6061096191406,19852100,SMDR.JK
2025-05-27,279.60611730188754,281.5344353522454,273.821163150814,275.7494812011719,9810700,SMDR.JK
2025-05-28,277.67779925152973,281.5344353522454,273.821163150814,275.7494812011719,7063000,SMDR.JK
2025-06-02,281.5344164049303,289.2476880872572,273.82114472260344,285.3910522460937,26414200,SMDR.JK
2025-06-03,287.31937392877074,289.2476918746014,275.7494662537867,283.4627380371094,24297500,SMDR.JK
2025-06-04,283.4627456138874,283.4627456138874,275.7494736243939,279.6061096191406,11503300,SMDR.JK
2025-06-05,279.6061014957565,279.6061014957565,268.03619384765625,268.03619384765625,21154200,SMDR.JK
2025-06-10,269.9645233154297,279.6061134338379,269.9645233154297,277.67779541015625,11401100,SMDR.JK
2025-06-11,279.6061098186019,296.9609718073428,277.6777918198529,295.0326538085937,53084400,SMDR.JK
2025-06-12,296.960959769584,296.960959769584,285.3910522460937,285.3910522460937,22468800,SMDR.JK
2025-06-13,285.39107105567024,312.38752372309847,285.39107105567024,306.6025695800781,86858100,SMDR.JK
2025-06-16,316.2441598184454,329.7423861521595,306.6025695800781,306.6025695800781,133350800,SMDR.JK
2025-06-17,306.60255512438323,333.599006518983,295.03264738384047,329.74237060546875,108691900,SMDR.JK
2025-06-18,331.67068856222585,345.16891425952576,320.1007808216831,329.74237060546875,112179300,SMDR.JK
2025-06-19,329.74238204956055,329.74238204956055,302.7459297180176,308.5308837890625,61286800,SMDR.JK
2025-06-20,308.5308979832849,333.5990334444268,306.6025798708893,331.67071533203125,125095500,SMDR.JK
2025-06-23,339.38397216796875,354.8105163574219,337.4556541442871,354.8105163574219,262850300,SMDR.JK
2025-06-24,337.4556581417244,341.31229423477265,312.3875235369105,322.02911376953125,112122700,SMDR.JK
2025-06-25,323.9574402244228,323.9574402244228,300.81762306553543,302.7459411621094,49616000,SMDR.JK
2025-06-26,304.6742515324047,314.3158417707719,304.6742515324047,306.6025695800781,24131500,SMDR.JK
2025-06-30,308.53086813902246,310.45918606489136,300.8175964355469,300.8175964355469,22528000,SMDR.JK
2025-07-01,302.74590576171875,310.45917724609376,285.391044921875,289.2476806640625,37768900,SMDR.JK
2025-07-02,291.1760331736315,302.74594177655723,287.31939697265625,287.31939697265625,31287100,SMDR.JK
2025-07-03,291.1760178110958,296.9609718073428,289.2476998123468,295.0326538085937,16548200,SMDR.JK
2025-07-04,296.960983083218,304.6742553710937,295.03266501124904,304.6742553710937,25074400,SMDR.JK
2025-07-07,306.6025619980711,312.3875159980348,304.6742439980833,310.4591979980469,38600800,SMDR.JK
2025-07-08,310.4592095870006,312.38752765896953,302.7459372991248,304.6742553710937,26057100,SMDR.JK
2025-07-09,307.6515178560461,319.5606088698285,303.6818208514519,315.5909118652344,25213300,SMDR.JK
2025-07-10,315.5909243327815,331.4697129784561,311.62122717136293,325.5151672363281,40591200,SMDR.JK
2025-07-11,327.5000169542101,329.48486554181136,319.560622603805,321.54547119140625,17708600,SMDR.JK
2025-07-14,321.5454414367676,337.4242286682129,317.57574462890625,317.57574462890625,25597800,SMDR.JK
2025-07-15,319.5606214942002,325.5151672363281,307.6515300099443,325.5151672363281,22117800,SMDR.JK
2025-07-16,325.51515244560005,329.484849426644,319.5606069740342,323.5303039550781,19309400,SMDR.JK
2025-07-17,327.5000158170375,327.5000158170375,319.5606214942002,325.5151672363281,8654300,SMDR.JK
2025-07-18,333.45454452423274,353.30302931734184,329.4848475656109,331.4696960449219,82441700,SMDR.JK
2025-07-21,331.4697086422942,343.3787999707599,327.5000115328057,341.3939514160156,43689200,SMDR.JK
2025-07-22,343.37878507201435,347.3484820092631,333.45454272889253,339.4090881347656,44369900,SMDR.JK
2025-07-23,347.3484919621394,365.2121286916209,341.3939463856456,361.242431640625,121552500,SMDR.JK
2025-07-24,365.2121172778179,367.1969657412843,337.42423878928827,343.3787841796875,72227200,SMDR.JK
2025-07-25,343.3787859854613,343.3787859854613,329.4848466681305,335.4393920898437,27434100,SMDR.JK
2025-07-28,337.4242553710937,343.37880105411307,335.43940681008735,337.4242553710937,19484100,SMDR.JK
2025-07-29,337.42423878928827,349.3333295700867,329.4848449354227,343.3787841796875,55785700,SMDR.JK
2025-07-30,347.348498176126,351.3181952981388,335.43940681008735,337.4242553710937,31929000,SMDR.JK
2025-07-31,335.4394101398747,341.3939558820027,319.5606214942002,325.5151672363281,41814000,SMDR.JK
2025-08-01,327.5,331.469696969697,325.5151515151515,327.5,21146900,SMDR.JK
2025-08-04,327.5000115328057,345.3636485255042,323.5303144233171,341.3939514160156,38309900,SMDR.JK
2025-08-05,341.3939524931066,347.348498176126,335.43940681008735,337.4242553710937,25123800,SMDR.JK
2025-08-06,337.4242553710937,339.4091039321002,331.4697096880745,337.4242553710937,18579400,SMDR.JK
2025-08-07,337.42424242424244,339.40909090909093,325.5151515151515,327.5,38728100,SMDR.JK
2025-08-08,330.0,334.0,322.0,330.0,20613400,SMDR.JK
2025-08-11,330.0,346.0,330.0,342.0,33655700,SMDR.JK
2025-08-12,342.0,352.0,340.0,348.0,36859100,SMDR.JK
2025-08-13,350.0,352.0,346.0,348.0,26466800,SMDR.JK
2025-08-14,354.0,356.0,344.0,348.0,22444400,SMDR.JK
2025-08-15,348.0,350.0,336.0,336.0,23224700,SMDR.JK
2025-08-19,336.0,344.0,332.0,334.0,35085100,SMDR.JK
2025-08-20,334.0,342.0,332.0,334.0,32380700,SMDR.JK
2025-08-21,336.0,342.0,334.0,340.0,14937400,SMDR.JK
2025-08-22,342.0,356.0,342.0,346.0,62959600,SMDR.JK
2025-08-25,348.0,354.0,344.0,344.0,30325600,SMDR.JK
2025-08-26,344.0,348.0,342.0,346.0,18139800,SMDR.JK
2025-08-27,348.0,362.0,344.0,350.0,64765800,SMDR.JK
2025-08-28,350.0,356.0,338.0,344.0,52478600,SMDR.JK
2025-08-29,342.0,342.0,326.0,342.0,53933400,SMDR.JK
2025-09-01,328.0,334.0,316.0,324.0,70625000,SMDR.JK
2025-09-02,328.0,340.0,326.0,336.0,24870600,SMDR.JK
2025-09-03,336.0,350.0,336.0,340.0,31139600,SMDR.JK
2025-09-04,342.0,344.0,334.0,336.0,13793700,SMDR.JK
2025-09-08,336.0,338.0,328.0,328.0,25693100,SMDR.JK
2025-09-09,328.0,332.0,322.0,324.0,20554500,SMDR.JK
2025-09-10,326.0,336.0,326.0,330.0,13173900,SMDR.JK
2025-09-11,334.0,336.0,330.0,330.0,11195800,SMDR.JK
2025-09-12,332.0,336.0,330.0,336.0,8413500,SMDR.JK
2025-09-15,336.0,342.0,332.0,338.0,18276000,SMDR.JK
2025-09-16,342.0,342.0,334.0,334.0,10287100,SMDR.JK
2025-09-17,334.0,336.0,328.0,332.0,11757900,SMDR.JK
2025-09-18,332.0,334.0,328.0,328.0,9666700,SMDR.JK
2025-09-19,328.0,330.0,324.0,324.0,16711200,SMDR.JK
2025-09-22,326.0,330.0,320.0,324.0,13622500,SMDR.JK
2025-09-23,324.0,326.0,320.0,324.0,16871900,SMDR.JK
2025-09-24,326.0,326.0,320.0,320.0,12842600,SMDR.JK
2025-09-25,320.0,322.0,318.0,320.0,11457600,SMDR.JK
2025-09-26,320.0,324.0,318.0,318.0,8726800,SMDR.JK
2025-09-29,320.0,324.0,316.0,318.0,20292200,SMDR.JK
2025-09-30,318.0,326.0,316.0,318.0,18426000,SMDR.JK
2025-10-01,316.0,322.0,314.0,316.0,18185700,SMDR.JK
2025-10-02,316.0,316.0,310.0,312.0,13561100,SMDR.JK
2025-10-03,312.0,312.0,304.0,310.0,18102100,SMDR.JK
2025-10-06,310.0,312.0,302.0,304.0,20929800,SMDR.JK
2025-10-07,304.0,306.0,302.0,302.0,13306900,SMDR.JK
2025-10-08,302.0,306.0,300.0,300.0,18536400,SMDR.JK
2025-10-09,300.0,306.0,300.0,306.0,18362600,SMDR.JK
2025-10-10,308.0,322.0,306.0,310.0,32456200,SMDR.JK
2025-10-13,306.0,316.0,300.0,306.0,17448500,SMDR.JK
2025-10-14,310.0,312.0,300.0,304.0,23645400,SMDR.JK
2025-10-15,304.0,306.0,296.0,296.0,29794700,SMDR.JK
2025-10-16,296.0,298.0,292.0,296.0,25122500,SMDR.JK
2025-10-17,296.0,298.0,292.0,294.0,13385300,SMDR.JK
2025-10-20,294.0,306.0,292.0,306.0,15339900,SMDR.JK
2025-10-21,306.0,314.0,302.0,310.0,12475100,SMDR.JK
2025-10-22,312.0,316.0,306.0,312.0,14086700,SMDR.JK
2025-10-23,312.0,320.0,310.0,314.0,19169700,SMDR.JK
2025-10-24,316.0,318.0,314.0,316.0,8861900,SMDR.JK
2025-10-27,316.0,320.0,308.0,318.0,17502500,SMDR.JK
2025-10-28,318.0,322.0,316.0,318.0,13467600,SMDR.JK
2025-10-29,322.0,326.0,318.0,318.0,12689600,SMDR.JK
2025-10-30,320.0,330.0,316.0,316.0,43518800,SMDR.JK
2025-10-31,316.0,324.0,310.0,316.0,24375500,SMDR.JK
2025-11-03,316.0,324.0,316.0,318.0,14605300,SMDR.JK
2025-11-04,320.0,320.0,316.0,316.0,11686000,SMDR.JK
2025-11-05,316.0,318.0,312.0,314.0,14462500,SMDR.JK
2025-11-06,314.0,318.0,308.0,314.0,13594100,SMDR.JK
2025-11-07,314.0,316.0,310.0,310.0,14544100,SMDR.JK
2025-11-10,308.0,314.0,306.0,306.0,18164800,SMDR.JK
2025-11-11,308.0,310.0,302.0,304.0,21843100,SMDR.JK
2025-11-12,304.0,306.0,302.0,304.0,19581700,SMDR.JK
2025-11-13,304.0,308.0,302.0,302.0,19467700,SMDR.JK
2025-11-14,304.0,308.0,302.0,306.0,6572800,SMDR.JK
2025-11-17,306.0,312.0,306.0,312.0,14253700,SMDR.JK
2025-11-18,312.0,314.0,306.0,308.0,10004400,SMDR.JK
2025-11-19,310.0,310.0,306.0,306.0,5708800,SMDR.JK
2025-11-20,306.0,310.0,306.0,306.0,4505400,SMDR.JK
2025-11-21,306.0,308.0,304.0,308.0,7372100,SMDR.JK
2025-11-24,308.0,310.0,306.0,306.0,8332300,SMDR.JK
2025-11-25,306.0,314.0,306.0,312.0,14793400,SMDR.JK
2025-11-26,312.0,316.0,310.0,310.0,10604100,SMDR.JK
2025-11-27,310.0,314.0,308.0,310.0,13988000,SMDR.JK
2025-11-28,312.0,312.0,304.0,306.0,12341500,SMDR.JK
2025-12-01,308.0,308.0,304.0,308.0,6708500,SMDR.JK
2025-12-02,308.0,310.0,304.0,306.0,21594000,SMDR.JK
2025-12-03,308.0,334.0,308.0,328.0,151696700,SMDR.JK
2025-12-04,330.0,336.0,320.0,328.0,67036200,SMDR.JK
2025-12-05,334.0,350.0,334.0,336.0,119200200,SMDR.JK
2025-12-08,336.0,346.0,328.0,332.0,47046700,SMDR.JK
2025-12-09,334.0,334.0,322.0,326.0,32942600,SMDR.JK
2025-12-10,326.0,332.0,324.0,332.0,37999400,SMDR.JK
2025-12-11,332.0,340.0,316.0,320.0,46567200,SMDR.JK
2025-12-12,320.0,328.0,318.0,320.0,25707100,SMDR.JK
2025-12-15,320.0,322.0,314.0,320.0,31426100,SMDR.JK
2025-12-16,322.0,350.0,322.0,340.0,148532600,SMDR.JK
2025-12-17,342.0,348.0,334.0,340.0,74252600,SMDR.JK
2025-12-18,346.0,392.0,336.0,382.0,743753100,SMDR.JK
2025-12-19,382.0,382.0,342.0,346.0,204071500,SMDR.JK
2025-12-22,352.0,360.0,340.0,350.0,90345600,SMDR.JK
2025-12-23,352.0,362.0,350.0,352.0,56709300,SMDR.JK
2025-12-24,356.0,376.0,346.0,358.0,131848600,SMDR.JK
2025-12-29,362.0,414.0,362.0,406.0,321327600,SMDR.JK
2025-12-30,410.0,416.0,388.0,392.0,178042300,SMDR.JK
2026-01-02,398.0,458.0,398.0,442.0,406653500,SMDR.JK
2026-01-05,444.0,474.0,440.0,448.0,287773400,SMDR.JK
2026-01-06,454.0,456.0,424.0,434.0,147916700,SMDR.JK
2026-01-07,438.0,442.0,420.0,422.0,119457100,SMDR.JK
2026-01-08,422.0,428.0,394.0,426.0,196516300,SMDR.JK
2026-01-09,430.0,434.0,410.0,410.0,111082700,SMDR.JK
2026-01-12,410.0,430.0,402.0,416.0,137901700,SMDR.JK
2026-01-13,420.0,420.0,404.0,412.0,56034600,SMDR.JK
2026-01-14,412.0,438.0,410.0,436.0,117349900,SMDR.JK
2026-01-15,436.0,438.0,418.0,422.0,72321600,SMDR.JK
2026-01-19,422.0,422.0,402.0,412.0,48042200,SMDR.JK
2026-01-20,410.0,422.0,408.0,412.0,40550100,SMDR.JK
2026-01-21,414.0,420.0,404.0,406.0,40276500,SMDR.JK
2026-01-22,406.0,414.0,404.0,404.0,37370300,SMDR.JK
2026-01-23,406.0,410.0,372.0,386.0,96191300,SMDR.JK
2026-01-26,386.0,396.0,382.0,386.0,41653300,SMDR.JK
2026-01-27,386.0,398.0,380.0,392.0,37412100,SMDR.JK
2026-01-28,390.0,390.0,350.0,354.0,93494200,SMDR.JK
2026-01-29,352.0,362.0,302.0,350.0,96822500,SMDR.JK
2026-01-30,356.0,378.0,356.0,378.0,47619000,SMDR.JK
2026-02-02,370.0,370.0,342.0,350.0,49605400,SMDR.JK
2026-02-03,352.0,390.0,350.0,382.0,56396000,SMDR.JK
2026-02-04,382.0,384.0,370.0,376.0,22039000,SMDR.JK
2026-02-05,374.0,386.0,374.0,380.0,28426900,SMDR.JK
2026-02-06,370.0,376.0,360.0,366.0,22204400,SMDR.JK
2026-02-09,368.0,380.0,356.0,374.0,34245200,SMDR.JK
2026-02-10,368.0,380.0,368.0,372.0,26584000,SMDR.JK
2026-02-11,374.0,388.0,372.0,384.0,48414500,SMDR.JK
2026-02-12,390.0,404.0,390.0,398.0,85558300,SMDR.JK
2026-02-13,400.0,404.0,394.0,396.0,37407100,SMDR.JK
2026-02-18,406.0,418.0,398.0,410.0,88336600,SMDR.JK
2026-02-19,414.0,416.0,400.0,402.0,49995900,SMDR.JK
2026-02-20,402.0,406.0,394.0,394.0,24152400,SMDR.JK
2026-02-23,398.0,412.0,398.0,408.0,39248200,SMDR.JK
2026-02-24,410.0,412.0,394.0,398.0,31525000,SMDR.JK
2026-02-25,398.0,404.0,394.0,402.0,25007900,SMDR.JK
2026-02-26,408.0,410.0,382.0,394.0,51663000,SMDR.JK
2026-02-27,394.0,400.0,384.0,400.0,24992900,SMDR.JK
2026-03-02,402.0,428.0,400.0,428.0,165826000,SMDR.JK
2026-03-03,434.0,450.0,420.0,424.0,233602700,SMDR.JK
2026-03-04,426.0,430.0,388.0,400.0,132443500,SMDR.JK
2026-03-05,412.0,416.0,398.0,400.0,40566700,SMDR.JK
2026-03-06,402.0,408.0,376.0,378.0,72706700,SMDR.JK
2026-03-09,368.0,368.0,338.0,350.0,77404900,SMDR.JK
2026-03-10,358.0,368.0,352.0,362.0,30658100,SMDR.JK
2026-03-11,366.0,378.0,358.0,358.0,40296600,SMDR.JK
2026-03-12,358.0,362.0,350.0,354.0,17405200,SMDR.JK
2026-03-13,354.0,354.0,340.0,344.0,26818900,SMDR.JK
2026-03-16,344.0,344.0,326.0,338.0,18951500,SMDR.JK
2026-03-17,338.0,350.0,338.0,342.0,14696100,SMDR.JK
2026-03-25,342.0,362.0,336.0,356.0,23114100,SMDR.JK
2026-03-26,356.0,358.0,350.0,350.0,6771500,SMDR.JK
2026-03-27,350.0,350.0,342.0,346.0,10356800,SMDR.JK
2026-03-30,348.0,354.0,344.0,352.0,12280700,SMDR.JK
2026-03-31,354.0,356.0,342.0,346.0,15175200,SMDR.JK
2026-04-01,352.0,358.0,348.0,352.0,26543700,SMDR.JK
2026-04-02,350.0,350.0,342.0,342.0,15789100,SMDR.JK
2026-04-06,342.0,342.0,336.0,340.0,12437300,SMDR.JK
2026-04-07,340.0,348.0,332.0,332.0,14890100,SMDR.JK
2026-04-08,344.0,350.0,340.0,346.0,19942600,SMDR.JK
2026-04-09,348.0,350.0,340.0,342.0,12048800,SMDR.JK
2026-04-10,342.0,348.0,342.0,346.0,5222900,SMDR.JK
2026-04-13,342.0,354.0,336.0,352.0,23137700,SMDR.JK
2026-04-14,356.0,368.0,350.0,366.0,47425500,SMDR.JK
2026-04-15,368.0,370.0,358.0,362.0,22345700,SMDR.JK
2026-04-16,362.0,368.0,358.0,362.0,15294600,SMDR.JK
2026-04-17,362.0,366.0,360.0,360.0,8015900,SMDR.JK
2026-04-20,362.0,368.0,356.0,364.0,18381000,SMDR.JK
2026-04-21,364.0,372.0,362.0,368.0,20108000,SMDR.JK
2026-04-22,372.0,372.0,362.0,366.0,17844800,SMDR.JK
2026-04-23,366.0,372.0,360.0,360.0,11688700,SMDR.JK
2026-04-24,360.0,364.0,346.0,352.0,20734500,SMDR.JK
2026-04-27,352.0,354.0,342.0,344.0,12069700,SMDR.JK
2026-04-28,344.0,346.0,340.0,344.0,10366500,SMDR.JK
2026-04-29,344.0,362.0,344.0,360.0,21598000,SMDR.JK
2026-04-30,360.0,362.0,344.0,348.0,16703500,SMDR.JK
2026-05-04,344.0,346.0,334.0,336.0,24752600,SMDR.JK
2026-05-05,336.0,338.0,332.0,338.0,7826000,SMDR.JK
2026-05-06,338.0,344.0,338.0,340.0,5889200,SMDR.JK
2026-05-07,342.0,344.0,338.0,342.0,7533800,SMDR.JK
2026-05-08,342.0,344.0,332.0,332.0,16804300,SMDR.JK
2026-05-11,332.0,334.0,314.0,324.0,26481300,SMDR.JK
2026-05-12,326.0,332.0,316.0,322.0,10922100,SMDR.JK
2026-05-13,322.0,324.0,318.0,322.0,5872300,SMDR.JK
2026-05-14,322.0,322.0,322.0,322.0,0,SMDR.JK
2026-05-15,322.0,322.0,322.0,322.0,0,SMDR.JK
2026-05-18,322.0,322.0,312.0,318.0,11859000,SMDR.JK
2026-05-19,318.0,324.0,306.0,308.0,13895400,SMDR.JK
2026-05-20,308.0,312.0,302.0,304.0,13059000,SMDR.JK
2026-05-21,304.0,310.0,290.0,290.0,11793600,SMDR.JK
2026-05-22,290.0,306.0,284.0,306.0,12628300,SMDR.JK
2026-05-25,310.0,312.0,302.0,306.0,8605600,SMDR.JK
2026-05-26,306.0,310.0,302.0,304.0,3337100,SMDR.JK
2026-05-27,304.0,304.0,304.0,304.0,0,SMDR.JK
2026-05-28,304.0,304.0,304.0,304.0,0,SMDR.JK
2026-05-29,300.0,308.0,298.0,300.0,5294300,SMDR.JK
2026-06-02,300.0,304.0,298.0,304.0,5433700,SMDR.JK
2026-06-03,297.2426563984639,297.2426563984639,279.871332323229,285.6617736816406,11224000,SMDR.JK
2026-06-04,283.7316082893534,285.6617552845191,264.4301383376967,272.1507263183594,17725600,SMDR.JK
2026-06-05,272.1507390719741,277.9411803288246,258.63970947265625,258.63970947265625,11880300,SMDR.JK
2026-06-08,258.63970125638525,260.5698482806866,245.1286720862756,250.9191131591797,13568000,SMDR.JK
2026-06-09,250.9191211301889,260.5698565582731,241.26838570210472,258.63970947265625,14868700,SMDR.JK
2026-06-10,258.63970239611643,274.0808786585711,252.8492612976959,266.3602905273437,12082800,SMDR.JK
2026-06-11,266.3602923093921,270.2205864008326,258.6397041265112,264.4301452636719,8118900,SMDR.JK
2026-06-12,264.4301350200093,279.8713107876011,264.4301350200093,276.0110168457031,10521900,SMDR.JK
2026-06-15,277.941181640625,289.5220642089844,277.941181640625,289.5220642089844,12174900,SMDR.JK
2026-06-17,289.52204211004846,293.38233600484915,277.94116042564656,279.8713073730469,13656200,SMDR.JK
2026-06-18,279.8713090684679,281.80145602756073,276.0110151502821,277.941162109375,2665100,SMDR.JK
2026-06-19,281.8014812858737,287.5919226821588,279.87133415377866,283.73162841796875,4538900,SMDR.JK
2026-06-22,283.7316302991893,285.66177744408174,279.87133600940444,281.8014831542969,4205700,SMDR.JK
2026-06-23,281.8014831542969,283.7316302991893,277.941188864512,281.8014831542969,3732900,SMDR.JK
2026-06-24,283.7316029866536,289.5220438639323,277.941162109375,277.941162109375,8465700,SMDR.JK
2026-06-25,277.941188864512,281.8014831542969,276.0110417196195,281.8014831542969,5107300,SMDR.JK
2026-06-26,281.80145951391944,281.80145951391944,274.08087158203125,274.08087158203125,5757300,SMDR.JK
2026-06-29,276.01101856500327,279.8713125309474,274.08087158203125,274.08087158203125,3238600,SMDR.JK
2026-06-30,274.0808823529412,279.87132352941177,260.56985294117646,262.5,8218900,SMDR.JK
2026-07-01,262.5000036438899,264.43015072950675,256.7095623870394,258.63970947265625,8309300,SMDR.JK
2026-07-02,258.6397058823529,264.43014705882354,258.6397058823529,262.5,9711500,SMDR.JK
2026-07-03,268.0,272.0,264.0,272.0,10794700,SMDR.JK
2026-07-06,272.0,272.0,266.0,266.0,6731700,SMDR.JK
2026-07-07,268.0,280.0,266.0,280.0,8838600,SMDR.JK
2026-07-08,278.0,280.0,270.0,272.0,4369600,SMDR.JK
2026-07-09,272.0,280.0,270.0,270.0,5656900,SMDR.JK
2026-07-10,276.0,276.0,272.0,274.0,2255300,SMDR.JK
2026-07-13,276.0,280.0,272.0,280.0,6267800,SMDR.JK
2026-07-14,282.0,288.0,280.0,282.0,7358100,SMDR.JK
2026-07-15,286.0,288.0,282.0,282.0,4704100,SMDR.JK
2026-07-16,288.0,288.0,282.0,286.0,3339600,SMDR.JK
2026-07-17,290.0,290.0,284.0,290.0,4318500,SMDR.JK
2026-07-20,292.0,298.0,290.0,292.0,9284600,SMDR.JK
2026-07-21,296.0,300.0,294.0,300.0,6113800,SMDR.JK
2026-07-22,300.0,302.0,290.0,294.0,9113200,SMDR.JK
2026-07-23,296.0,306.0,296.0,298.0,18108000,SMDR.JK
2026-07-24,295.5811784074113,295.5811784074113,289.62987951330234,293.597412109375,7632500,SMDR.JK
2026-07-27,293.5973875257704,295.5811536577013,283.67855686611597,285.6623229980469,6164100,SMDR.JK
2026-07-28,287.64608618331283,291.6136184065309,285.6623200717038,289.6298522949219,5616800,SMDR.JK
2026-07-29,289.62985526190863,291.61362139383954,279.7110246022542,285.6623229980469,3886600,SMDR.JK
2026-07-30,285.6623215247845,289.62985376818426,281.6947892813847,287.6460876464844,3345500,SMDR.JK
2026-07-31,297.56494140625,301.53247395833336,295.58117513020835,297.56494140625,20115700,SMDR.JK
2026-08-03,301.53247395833336,303.516240234375,295.58117513020835,297.56494140625,18966000,SMDR.JK
2026-08-04,297.56493978942467,301.53247231995033,297.56493978942467,299.5487060546875,13549700,SMDR.JK
2026-08-05,301.5324659778226,309.4675308719758,301.5324659778226,307.4837646484375,15396500,SMDR.JK
2026-08-06,311.4512955103165,311.4512955103165,305.499996869992,309.467529296875,14882800,SMDR.JK
2026-08-07,309.46753246753246,309.46753246753246,303.51623376623377,305.5,18946800,SMDR.JK
2026-08-10,306.0,308.0,302.0,302.0,14392700,SMDR.JK
2026-08-11,306.0,306.0,298.0,302.0,10297800,SMDR.JK
2026-08-12,302.0,304.0,300.0,302.0,5171500,SMDR.JK
2026-08-13,302.0,302.0,298.0,300.0,3112700,SMDR.JK
2026-08-14,300.0,304.0,298.0,302.0,4121100,SMDR.JK
2026-08-18,304.0,310.0,300.0,308.0,11471200,SMDR.JK
2026-08-19,310.0,312.0,308.0,308.0,8243800,SMDR.JK
2026-08-20,310.0,314.0,308.0,310.0,9850200,SMDR.JK
2026-08-21,312.0,316.0,310.0,312.0,6400200,SMDR.JK
2026-08-24,,,,,9994900,SMDR.JK
